{"task_identity": "harness-backlog-v0.2/KL-079", "tested_commit": "949bbd530061ecb3644998719fe998f86cad999e", "command": "uv run pytest -q tests/db/test_full_action_preparation.py::test_basis_denials", "cwd": "/Users/davetian/.codex/worktrees/685e/KineticLoop", "environment": {"PYTEST_ADDOPTS": "-s", "UV_CACHE_DIR": "/private/tmp/kl079-uv-cache"}}
INFO  [alembic.runtime.migration] Context impl PostgresqlImpl.
INFO  [alembic.runtime.migration] Will assume transactional DDL.
INFO  [alembic.runtime.migration] Running upgrade  -> 76fd67f76bd4, frozen S01-S51 baseline
INFO  [alembic.runtime.migration] Context impl PostgresqlImpl.
INFO  [alembic.runtime.migration] Will assume transactional DDL.
INFO  [alembic.runtime.migration] Running upgrade 76fd67f76bd4 -> a3f91c7d2e10, migrated SafetyRegistry integration and role-owner hardening
INFO  [alembic.runtime.migration] Running upgrade a3f91c7d2e10 -> b6e4d8a1c927, trusted artifact registration and bounded dependency admission
INFO  [alembic.runtime.migration] Running upgrade b6e4d8a1c927 -> d4c1a9e7b203, production, test, and evaluation subject namespace isolation
INFO  [alembic.runtime.migration] Running upgrade d4c1a9e7b203 -> e8c2f1a6b904, Materialize frozen S27 active partition uniqueness (legacy PENDING = ADMITTED).
NAMESPACE_PU DatabaseNamespace(project_name='kineticloop-kl079-full-949bbd5-90cbd6dddc92', database_name='kineticloop_kl079_full_949bbd5_90cbd6dddc92') negative_controls=foreign_root,sha,digest,label,ambient,nested_cleanup nested_inventory ['bootstrap_two_phase(selected_lifecycle)', 'destroy']
FIXTURE_EVIDENCE {"bootstrap_elapsed": 3.5002197090070695, "compose": "kineticloop-kl079-full-949bbd5-90cbd6dddc92", "database": "kineticloop_kl079_full_949bbd5_90cbd6dddc92", "kind": "namespace", "migration": "e8c2f1a6b904", "nested_routes": ["bootstrap_two_phase(selected_lifecycle)", "reset", "start", "compose/_run", "validate_current_database_before_every_source/owner/reset", "finally_destroy"], "resolved_root": "/Users/davetian/.codex/worktrees/685e/KineticLoop", "tested_commit": "949bbd530061ecb3644998719fe998f86cad999e"}
FIXTURE_EVIDENCE {"hash": "47141293664d61f6dffde2ef2550b381be3062798b82a38a2f890be50e3c8f8a", "id": "b4762b51-43f8-4f0d-a9fe-36fd4f8a8d09", "immutable_dependencies": ["af68558f-d050-4e24-b53a-846251478b73", "2abc49fd-3c64-4a6f-8fd2-1d9ad5bd0f22"], "kind": "runtime_registration", "owner": "SafetyRegistry.RegisterArtifact", "version": "kl079-full-actions-v1"}
FIXTURE_EVIDENCE {"epoch": 1, "factset": "f733ff75-ca0f-54be-a53a-d04289212e5a", "kind": "upstream", "membership_digest": "cf6c1693f2fc6c86ef8d33ba263edc08c9fb561b05778a5f599ab6b65d04ad67", "projection": {"dependency_ids": ["531af89a-e1e9-5030-8d1e-4d37e4d0e279", "772ba095-175d-58dd-a9c1-48eccce6d8d9", "9dcccd1b-e528-558a-b0c2-3fc1ed806652", "c0df7688-06e9-5945-8170-acef1bfd24f7", "c79bf581-6c90-5012-9066-dc3276215d3b", "f1b056c0-8388-5a50-ad1c-bf4fc2c0386d"], "executable": false, "input_basis_hash": "0f35657ea0e052d12e8ab62383e5c92ef49586441c7db1a7c65225cb03bdae1e", "projection_id": "d636aade-1cce-5a6f-bfa8-ba97ba7ebf34", "revision": 1}, "publication": {"event_id": "1f9fdd50-10fd-4147-af68-f775b74ce8ef", "executable": false, "generation": 1, "manifest_id": "7a32472d-48d1-40ca-8093-8ff98d8a2663", "receipt_id": "4e4b9042-d80c-4aee-b1de-c9263c72d164", "replayed": false}, "ready": {"artifact_dependency_closure_hash": "29a43a1305588d150ea5be5c5fb8efb0ef3c87e24cf4c7f9bbbaaba50805e459", "build_id": "a5df9f7d-2f29-592f-a5f5-a42d0e3dfd38", "dependency_basis_hash": "0f8296285ba98a18ae8ef71b0425c2dd9139c05a889d4d3591f66542df3f373a", "executable": false, "manifest_hash": "d99e2030114dba23bdf3581e1acbdc9a0f8642548ed4aae3e786767ef951a1f1", "status": "READY"}, "subject": "cf937660-e73a-42b1-b4fc-ea3acd731abc"}
FIXTURE_EVIDENCE {"current_guard_reached": false, "dimension": "parameters_training", "exception": "GuardRequired", "ingress_passed": false, "kind": "denial", "message": "exact per-action proposal/parameters required", "zero_effects": true}
.FIXTURE_EVIDENCE {"compose": "kineticloop-kl079-full-949bbd5-90cbd6dddc92", "database": "kineticloop_kl079_full_949bbd5_90cbd6dddc92", "elapsed": 4.505952667212114, "inventory": ["bootstrap_two_phase(selected_lifecycle)", "reset", "start", "destroy"], "kind": "cleanup", "remaining_resources": {"container": "", "network": "", "volume": ""}}
INFO  [alembic.runtime.migration] Context impl PostgresqlImpl.
INFO  [alembic.runtime.migration] Will assume transactional DDL.
INFO  [alembic.runtime.migration] Running upgrade  -> 76fd67f76bd4, frozen S01-S51 baseline
INFO  [alembic.runtime.migration] Context impl PostgresqlImpl.
INFO  [alembic.runtime.migration] Will assume transactional DDL.
INFO  [alembic.runtime.migration] Running upgrade 76fd67f76bd4 -> a3f91c7d2e10, migrated SafetyRegistry integration and role-owner hardening
INFO  [alembic.runtime.migration] Running upgrade a3f91c7d2e10 -> b6e4d8a1c927, trusted artifact registration and bounded dependency admission
INFO  [alembic.runtime.migration] Running upgrade b6e4d8a1c927 -> d4c1a9e7b203, production, test, and evaluation subject namespace isolation
INFO  [alembic.runtime.migration] Running upgrade d4c1a9e7b203 -> e8c2f1a6b904, Materialize frozen S27 active partition uniqueness (legacy PENDING = ADMITTED).
NAMESPACE_PU DatabaseNamespace(project_name='kineticloop-kl079-full-949bbd5-90cbd6dddc92', database_name='kineticloop_kl079_full_949bbd5_90cbd6dddc92') negative_controls=foreign_root,sha,digest,label,ambient,nested_cleanup nested_inventory ['bootstrap_two_phase(selected_lifecycle)', 'destroy']
FIXTURE_EVIDENCE {"bootstrap_elapsed": 3.9712672499008477, "compose": "kineticloop-kl079-full-949bbd5-90cbd6dddc92", "database": "kineticloop_kl079_full_949bbd5_90cbd6dddc92", "kind": "namespace", "migration": "e8c2f1a6b904", "nested_routes": ["bootstrap_two_phase(selected_lifecycle)", "reset", "start", "compose/_run", "validate_current_database_before_every_source/owner/reset", "finally_destroy"], "resolved_root": "/Users/davetian/.codex/worktrees/685e/KineticLoop", "tested_commit": "949bbd530061ecb3644998719fe998f86cad999e"}
FIXTURE_EVIDENCE {"hash": "47141293664d61f6dffde2ef2550b381be3062798b82a38a2f890be50e3c8f8a", "id": "2929a114-d23a-480e-a084-85bfdbd87f95", "immutable_dependencies": ["859c2af6-e37b-4bd3-87ab-ed3605040faf", "ff0053d1-24db-44ce-a2f5-9b2ca7dff457"], "kind": "runtime_registration", "owner": "SafetyRegistry.RegisterArtifact", "version": "kl079-full-actions-v1"}
FIXTURE_EVIDENCE {"epoch": 1, "factset": "a55e2d1e-efe5-5664-b034-ff7d9173b5cc", "kind": "upstream", "membership_digest": "9e8bb9aa2e12d0b80f8d9c0da20f61a881f45611e588a4805872127398c53a25", "projection": {"dependency_ids": ["0e01f012-356e-5e20-afc1-e3ddb4f7fa94", "6fad45cf-2f1c-5421-bb48-704824547355", "b237bc07-ab9f-5235-840f-cab51adfd8a7", "cbdd3c50-ab87-5abc-aa95-02d5b3070c06", "e7b17ca4-32bd-509a-8dbc-78aef24152a1", "f925f031-c61b-57f5-937b-f31164bef475"], "executable": false, "input_basis_hash": "138bd8e3d24537aba7006e927883acc530cbdb5afc992daa60612b2bc85653e2", "projection_id": "24ece079-9312-5842-8882-223cfa3160d7", "revision": 1}, "publication": {"event_id": "72865329-aee5-462a-a85b-124c2cd64bd1", "executable": false, "generation": 1, "manifest_id": "91205783-ce6b-4d08-9d7e-718df83caf64", "receipt_id": "036fac8b-ddf3-4021-8555-f3672f66d86c", "replayed": false}, "ready": {"artifact_dependency_closure_hash": "146db1bbc98ee16f50f9698ee822eb4e28738acb268122d4e7690b490939438c", "build_id": "484f61b8-a77b-5ac0-8864-8efb32bb4769", "dependency_basis_hash": "7ceeb260d932ecd8746cc671f545bfe4c3970313220816536f9d23273e82767f", "executable": false, "manifest_hash": "c76a45512b7bb75f6d5578162f2d2ba5a3c61c5f864f3a5cdc698bc26559b6ba", "status": "READY"}, "subject": "24c4581a-8ae9-4e4d-ab30-d320622b0445"}
FIXTURE_EVIDENCE {"current_guard_reached": false, "dimension": "parameters_nutrition", "exception": "GuardRequired", "ingress_passed": false, "kind": "denial", "message": "exact per-action proposal/parameters required", "zero_effects": true}
.FIXTURE_EVIDENCE {"compose": "kineticloop-kl079-full-949bbd5-90cbd6dddc92", "database": "kineticloop_kl079_full_949bbd5_90cbd6dddc92", "elapsed": 4.981048834044486, "inventory": ["bootstrap_two_phase(selected_lifecycle)", "reset", "start", "destroy"], "kind": "cleanup", "remaining_resources": {"container": "", "network": "", "volume": ""}}
INFO  [alembic.runtime.migration] Context impl PostgresqlImpl.
INFO  [alembic.runtime.migration] Will assume transactional DDL.
INFO  [alembic.runtime.migration] Running upgrade  -> 76fd67f76bd4, frozen S01-S51 baseline
INFO  [alembic.runtime.migration] Context impl PostgresqlImpl.
INFO  [alembic.runtime.migration] Will assume transactional DDL.
INFO  [alembic.runtime.migration] Running upgrade 76fd67f76bd4 -> a3f91c7d2e10, migrated SafetyRegistry integration and role-owner hardening
INFO  [alembic.runtime.migration] Running upgrade a3f91c7d2e10 -> b6e4d8a1c927, trusted artifact registration and bounded dependency admission
INFO  [alembic.runtime.migration] Running upgrade b6e4d8a1c927 -> d4c1a9e7b203, production, test, and evaluation subject namespace isolation
INFO  [alembic.runtime.migration] Running upgrade d4c1a9e7b203 -> e8c2f1a6b904, Materialize frozen S27 active partition uniqueness (legacy PENDING = ADMITTED).
NAMESPACE_PU DatabaseNamespace(project_name='kineticloop-kl079-full-949bbd5-90cbd6dddc92', database_name='kineticloop_kl079_full_949bbd5_90cbd6dddc92') negative_controls=foreign_root,sha,digest,label,ambient,nested_cleanup nested_inventory ['bootstrap_two_phase(selected_lifecycle)', 'destroy']
FIXTURE_EVIDENCE {"bootstrap_elapsed": 3.332906707888469, "compose": "kineticloop-kl079-full-949bbd5-90cbd6dddc92", "database": "kineticloop_kl079_full_949bbd5_90cbd6dddc92", "kind": "namespace", "migration": "e8c2f1a6b904", "nested_routes": ["bootstrap_two_phase(selected_lifecycle)", "reset", "start", "compose/_run", "validate_current_database_before_every_source/owner/reset", "finally_destroy"], "resolved_root": "/Users/davetian/.codex/worktrees/685e/KineticLoop", "tested_commit": "949bbd530061ecb3644998719fe998f86cad999e"}
FIXTURE_EVIDENCE {"hash": "47141293664d61f6dffde2ef2550b381be3062798b82a38a2f890be50e3c8f8a", "id": "3f67bb33-c997-4e7a-b994-8a3ba8ca4c07", "immutable_dependencies": ["b3fdb8d2-a1fe-4594-9c60-c515ffecd6dd", "c1f4aa54-993b-4da0-b7ff-116840c37355"], "kind": "runtime_registration", "owner": "SafetyRegistry.RegisterArtifact", "version": "kl079-full-actions-v1"}
FIXTURE_EVIDENCE {"epoch": 1, "factset": "24387064-b72b-502e-8d9e-79123bf068b7", "kind": "upstream", "membership_digest": "3957d03f37327d19a62e7c9e4cff3fd52d2c3fe777742e8d6210260c308a37fe", "projection": {"dependency_ids": ["7e1f12dc-15a7-5360-b302-052e002720e4", "98b2b42e-f032-58e8-a1a0-008f1f838d78", "a556c53a-d7e3-5c2c-baf5-f4deb972d6ef", "e19ce867-813c-55c5-bc9d-58117f7851b7", "eec5ab9a-4bf7-54bf-8b8d-1cdf4b135b92", "f7f15b15-f721-586f-b409-9627cbd2fed2"], "executable": false, "input_basis_hash": "55daa751ffc4d9894370c6f44320a4822e1727ff0c15b75f6fb6db0568d75b10", "projection_id": "4f438c12-7fa9-57ad-b3a4-8a19c72eb1ba", "revision": 1}, "publication": {"event_id": "cc62ffc3-0cb5-4cd9-b073-3d9e0ac769e3", "executable": false, "generation": 1, "manifest_id": "eb23e6aa-8b03-4127-a0b1-c06340640bf5", "receipt_id": "c757ad0d-a694-43f0-99ef-4d0be0c9170d", "replayed": false}, "ready": {"artifact_dependency_closure_hash": "7928efda1a9575f132b9d4af763537d923db3f29b1485f6d87194f085e286468", "build_id": "255200ac-f97b-5288-afcf-f7a08bd717bb", "dependency_basis_hash": "e1e81a75a328077fb78b368d376f0eea397a068f336d857a16983e961a102772", "executable": false, "manifest_hash": "0b6cda9d0d012c350e8c1541fd0b6f2b8517ff290c333308fdd39a3792a2d3fa", "status": "READY"}, "subject": "ad28b163-00e2-4aeb-a003-913bda3c11a8"}
FIXTURE_EVIDENCE {"current_guard_reached": false, "dimension": "proposal", "exception": "ValidationError", "ingress_passed": false, "kind": "denial", "message": "12 validation errors for Nutrition\nkind\n  Input should be 'NUTRITION' [type=literal_error, input_value='FITNESS', input_type=str]\n    For further information visit https://errors.pydantic.dev/2.11/v/literal_error\nfitness_id\n  Field required [type=missing, input_value={'id': 'dc932f8b-1696-527..., 'request_revision': 1}, input_type=dict]\n    For further information visit https://errors.pydantic.dev/2.11/v/missing\nfitness_hash\n  Field required [type=missing, input_value={'id': 'dc932f8b-1696-527..., 'request_revision': 1}, input_type=dict]\n    For further information visit https://errors.pydantic.dev/2.11/v/missing\ndemand_id\n  Field required [type=missing, input_value={'id': 'dc932f8b-1696-527..., 'request_revision': 1}, input_type=dict]\n    For further information visit https://errors.pydantic.dev/2.11/v/missing\ndemand_hash\n  Field required [type=missing, input_value={'id': 'dc932f8b-1696-527..., 'request_revision': 1}, input_type=dict]\n    For further information visit https://errors.pydantic.dev/2.11/v/missing\nfuel_units\n  Field required [type=missing, input_value={'id': 'dc932f8b-1696-527..., 'request_revision': 1}, input_type=dict]\n    For further information visit https://errors.pydantic.dev/2.11/v/missing\naction\n  Extra inputs are not permitted [type=extra_forbidden, input_value={'slot': 'new-fixture-slo...: 'PRESCRIBED_QUANTITY'}, input_type=dict]\n    For further information visit https://errors.pydantic.dev/2.11/v/extra_forbidden\nrevision\n  Extra inputs are not permitted [type=extra_forbidden, input_value=1, input_type=int]\n    For further information visit https://errors.pydantic.dev/2.11/v/extra_forbidden\ncitations\n  Extra inputs are not permitted [type=extra_forbidden, input_value=[], input_type=list]\n    For further information visit https://errors.pydantic.dev/2.11/v/extra_forbidden\nparent_id\n  Extra inputs are not permitted [type=extra_forbidden, input_value=None, input_type=NoneType]\n    For further information visit https://errors.pydantic.dev/2.11/v/extra_forbidden\nparent_hash\n  Extra inputs are not permitted [type=extra_forbidden, input_value=None, input_type=NoneType]\n    For further information visit https://errors.pydantic.dev/2.11/v/extra_forbidden\nconstraints_hash\n  Extra inputs are not permitted [type=extra_forbidden, input_value='3045491756e10eabd6327d7d...17ec0d55f171b3e671f343a', input_type=str]\n    For further information visit https://errors.pydantic.dev/2.11/v/extra_forbidden", "zero_effects": true}
.FIXTURE_EVIDENCE {"compose": "kineticloop-kl079-full-949bbd5-90cbd6dddc92", "database": "kineticloop_kl079_full_949bbd5_90cbd6dddc92", "elapsed": 4.314076957991347, "inventory": ["bootstrap_two_phase(selected_lifecycle)", "reset", "start", "destroy"], "kind": "cleanup", "remaining_resources": {"container": "", "network": "", "volume": ""}}
INFO  [alembic.runtime.migration] Context impl PostgresqlImpl.
INFO  [alembic.runtime.migration] Will assume transactional DDL.
INFO  [alembic.runtime.migration] Running upgrade  -> 76fd67f76bd4, frozen S01-S51 baseline
INFO  [alembic.runtime.migration] Context impl PostgresqlImpl.
INFO  [alembic.runtime.migration] Will assume transactional DDL.
INFO  [alembic.runtime.migration] Running upgrade 76fd67f76bd4 -> a3f91c7d2e10, migrated SafetyRegistry integration and role-owner hardening
INFO  [alembic.runtime.migration] Running upgrade a3f91c7d2e10 -> b6e4d8a1c927, trusted artifact registration and bounded dependency admission
INFO  [alembic.runtime.migration] Running upgrade b6e4d8a1c927 -> d4c1a9e7b203, production, test, and evaluation subject namespace isolation
INFO  [alembic.runtime.migration] Running upgrade d4c1a9e7b203 -> e8c2f1a6b904, Materialize frozen S27 active partition uniqueness (legacy PENDING = ADMITTED).
NAMESPACE_PU DatabaseNamespace(project_name='kineticloop-kl079-full-949bbd5-90cbd6dddc92', database_name='kineticloop_kl079_full_949bbd5_90cbd6dddc92') negative_controls=foreign_root,sha,digest,label,ambient,nested_cleanup nested_inventory ['bootstrap_two_phase(selected_lifecycle)', 'destroy']
FIXTURE_EVIDENCE {"bootstrap_elapsed": 3.336002874886617, "compose": "kineticloop-kl079-full-949bbd5-90cbd6dddc92", "database": "kineticloop_kl079_full_949bbd5_90cbd6dddc92", "kind": "namespace", "migration": "e8c2f1a6b904", "nested_routes": ["bootstrap_two_phase(selected_lifecycle)", "reset", "start", "compose/_run", "validate_current_database_before_every_source/owner/reset", "finally_destroy"], "resolved_root": "/Users/davetian/.codex/worktrees/685e/KineticLoop", "tested_commit": "949bbd530061ecb3644998719fe998f86cad999e"}
FIXTURE_EVIDENCE {"hash": "47141293664d61f6dffde2ef2550b381be3062798b82a38a2f890be50e3c8f8a", "id": "402c6ead-c3c6-4cac-a839-98ac191802f8", "immutable_dependencies": ["589cd3a1-a822-4557-92c6-65249b205950", "ca5b1c1d-c1c0-4d39-bef3-1135d091d9a7"], "kind": "runtime_registration", "owner": "SafetyRegistry.RegisterArtifact", "version": "kl079-full-actions-v1"}
FIXTURE_EVIDENCE {"epoch": 1, "factset": "d4a34d38-24e5-5e58-a081-93d4ac4f6570", "kind": "upstream", "membership_digest": "007806945391235e34e7653568b4ac9146f32edb94b737c455915615126bcba6", "projection": {"dependency_ids": ["1d62dfa5-73a9-5db0-8f41-e3846ac1d1bd", "5478c90e-77c3-54a7-a694-10c120b5fcdd", "616f4b67-edd1-5e6c-a034-68482b8689e7", "654c4f30-bcc3-5083-9789-fc89d450348c", "922f45c6-5e78-5b2a-a10f-6aa57516451e", "f327c22d-09a4-5faf-ad3a-74939cad0d1f"], "executable": false, "input_basis_hash": "113539ed6284a288d733bfa87c3b6364f4bb5073c429deb605c7dcd41df537ea", "projection_id": "5f265d58-3211-52b7-94b0-5dfab767baa1", "revision": 1}, "publication": {"event_id": "67569052-2f1d-43b9-8afa-331c73c71a05", "executable": false, "generation": 1, "manifest_id": "416ae553-d2a1-4055-a102-891180b2e8d8", "receipt_id": "da5adc8c-d117-4590-81ce-01393bd8c707", "replayed": false}, "ready": {"artifact_dependency_closure_hash": "15961bd91ab73f080f96afce592299239cf920f2f0a38b0715149706ea6ac00a", "build_id": "c5893069-7cb2-5f26-b28d-4c7002369f2c", "dependency_basis_hash": "5ec55d96a98a0da34f88320e17fddc6995e4692d0a8a2bfc38191d45d4aa9705", "executable": false, "manifest_hash": "a6fffbc0784bd848d2822683418eb090989f8b293f4d27bcd34fcbbb2e4b4b2c", "status": "READY"}, "subject": "dfdfb327-3ce4-418e-8aa1-da336120a890"}
FIXTURE_EVIDENCE {"current_guard_reached": false, "dimension": "policy", "exception": "GuardRequired", "ingress_passed": false, "kind": "denial", "message": "same-subject manifest/TEST policy required", "zero_effects": true}
.FIXTURE_EVIDENCE {"compose": "kineticloop-kl079-full-949bbd5-90cbd6dddc92", "database": "kineticloop_kl079_full_949bbd5_90cbd6dddc92", "elapsed": 4.292479082942009, "inventory": ["bootstrap_two_phase(selected_lifecycle)", "reset", "start", "destroy"], "kind": "cleanup", "remaining_resources": {"container": "", "network": "", "volume": ""}}
INFO  [alembic.runtime.migration] Context impl PostgresqlImpl.
INFO  [alembic.runtime.migration] Will assume transactional DDL.
INFO  [alembic.runtime.migration] Running upgrade  -> 76fd67f76bd4, frozen S01-S51 baseline
INFO  [alembic.runtime.migration] Context impl PostgresqlImpl.
INFO  [alembic.runtime.migration] Will assume transactional DDL.
INFO  [alembic.runtime.migration] Running upgrade 76fd67f76bd4 -> a3f91c7d2e10, migrated SafetyRegistry integration and role-owner hardening
INFO  [alembic.runtime.migration] Running upgrade a3f91c7d2e10 -> b6e4d8a1c927, trusted artifact registration and bounded dependency admission
INFO  [alembic.runtime.migration] Running upgrade b6e4d8a1c927 -> d4c1a9e7b203, production, test, and evaluation subject namespace isolation
INFO  [alembic.runtime.migration] Running upgrade d4c1a9e7b203 -> e8c2f1a6b904, Materialize frozen S27 active partition uniqueness (legacy PENDING = ADMITTED).
NAMESPACE_PU DatabaseNamespace(project_name='kineticloop-kl079-full-949bbd5-90cbd6dddc92', database_name='kineticloop_kl079_full_949bbd5_90cbd6dddc92') negative_controls=foreign_root,sha,digest,label,ambient,nested_cleanup nested_inventory ['bootstrap_two_phase(selected_lifecycle)', 'destroy']
FIXTURE_EVIDENCE {"bootstrap_elapsed": 3.839769250014797, "compose": "kineticloop-kl079-full-949bbd5-90cbd6dddc92", "database": "kineticloop_kl079_full_949bbd5_90cbd6dddc92", "kind": "namespace", "migration": "e8c2f1a6b904", "nested_routes": ["bootstrap_two_phase(selected_lifecycle)", "reset", "start", "compose/_run", "validate_current_database_before_every_source/owner/reset", "finally_destroy"], "resolved_root": "/Users/davetian/.codex/worktrees/685e/KineticLoop", "tested_commit": "949bbd530061ecb3644998719fe998f86cad999e"}
FIXTURE_EVIDENCE {"hash": "47141293664d61f6dffde2ef2550b381be3062798b82a38a2f890be50e3c8f8a", "id": "4e450545-ed00-49fa-9def-61752497e23f", "immutable_dependencies": ["5aed02db-851f-4347-a411-d0ec12a44913", "c47151e9-eeb1-4238-aeb9-8d4935236650"], "kind": "runtime_registration", "owner": "SafetyRegistry.RegisterArtifact", "version": "kl079-full-actions-v1"}
FIXTURE_EVIDENCE {"epoch": 1, "factset": "976e37e4-f9b2-5c7d-a54d-98e54ed8ef4d", "kind": "upstream", "membership_digest": "8ed3da457fb19f9b9812cf6f7981b753786619c1daee94d0a5a54b85d3812a95", "projection": {"dependency_ids": ["56fdfcba-38d8-5ad8-9269-140ae1cb9703", "5938f799-2537-5b9e-a803-4a54f9cd69cb", "92dcaa71-ab06-5c5a-aac1-f04cac1636fe", "c42e6bf0-b6e9-532a-ab36-7a510be17744", "e33e111e-e800-53be-8bf8-c01c110631bd", "e46ea03d-ecc3-5201-8a82-b154e3584376"], "executable": false, "input_basis_hash": "ab0c9a2aed39ff75101315afb5e4c0be801dfeb4188eb54b816c19b7bd8dca93", "projection_id": "e72ff7e1-70bb-5d89-9b7a-4f1a75db38d9", "revision": 1}, "publication": {"event_id": "18da5f1e-d02c-47d2-a58a-e4d146e9df20", "executable": false, "generation": 1, "manifest_id": "55f5aaa2-a785-407a-b127-119775db5592", "receipt_id": "705947f3-1555-4bcc-84bd-69ca0986cc6e", "replayed": false}, "ready": {"artifact_dependency_closure_hash": "60788cb532f978c51d28cd33580031e70aa0949ffcfec0c0fc563d3430ca5265", "build_id": "6773819b-5d36-5b5b-b279-2385d7669e51", "dependency_basis_hash": "d96cf90a3ad4c5737daef5b6c03e55960f2cfdf03c9114b26c80bae001a80ec2", "executable": false, "manifest_hash": "c7919d9abce1e26e8515093b3c1bae90e7c7fec02ee7cb09029403f99bec359f", "status": "READY"}, "subject": "597c20a5-2461-498b-a5ea-34d9ecfab1a8"}
FIXTURE_EVIDENCE {"current_guard_reached": false, "dimension": "environment", "exception": "GuardRequired", "ingress_passed": false, "kind": "denial", "message": "TEST internal owner registration/active policy mismatch", "zero_effects": true}
.FIXTURE_EVIDENCE {"compose": "kineticloop-kl079-full-949bbd5-90cbd6dddc92", "database": "kineticloop_kl079_full_949bbd5_90cbd6dddc92", "elapsed": 4.848762749927118, "inventory": ["bootstrap_two_phase(selected_lifecycle)", "reset", "start", "destroy"], "kind": "cleanup", "remaining_resources": {"container": "", "network": "", "volume": ""}}
INFO  [alembic.runtime.migration] Context impl PostgresqlImpl.
INFO  [alembic.runtime.migration] Will assume transactional DDL.
INFO  [alembic.runtime.migration] Running upgrade  -> 76fd67f76bd4, frozen S01-S51 baseline
INFO  [alembic.runtime.migration] Context impl PostgresqlImpl.
INFO  [alembic.runtime.migration] Will assume transactional DDL.
INFO  [alembic.runtime.migration] Running upgrade 76fd67f76bd4 -> a3f91c7d2e10, migrated SafetyRegistry integration and role-owner hardening
INFO  [alembic.runtime.migration] Running upgrade a3f91c7d2e10 -> b6e4d8a1c927, trusted artifact registration and bounded dependency admission
INFO  [alembic.runtime.migration] Running upgrade b6e4d8a1c927 -> d4c1a9e7b203, production, test, and evaluation subject namespace isolation
INFO  [alembic.runtime.migration] Running upgrade d4c1a9e7b203 -> e8c2f1a6b904, Materialize frozen S27 active partition uniqueness (legacy PENDING = ADMITTED).
NAMESPACE_PU DatabaseNamespace(project_name='kineticloop-kl079-full-949bbd5-90cbd6dddc92', database_name='kineticloop_kl079_full_949bbd5_90cbd6dddc92') negative_controls=foreign_root,sha,digest,label,ambient,nested_cleanup nested_inventory ['bootstrap_two_phase(selected_lifecycle)', 'destroy']
FIXTURE_EVIDENCE {"bootstrap_elapsed": 3.346543167019263, "compose": "kineticloop-kl079-full-949bbd5-90cbd6dddc92", "database": "kineticloop_kl079_full_949bbd5_90cbd6dddc92", "kind": "namespace", "migration": "e8c2f1a6b904", "nested_routes": ["bootstrap_two_phase(selected_lifecycle)", "reset", "start", "compose/_run", "validate_current_database_before_every_source/owner/reset", "finally_destroy"], "resolved_root": "/Users/davetian/.codex/worktrees/685e/KineticLoop", "tested_commit": "949bbd530061ecb3644998719fe998f86cad999e"}
FIXTURE_EVIDENCE {"hash": "47141293664d61f6dffde2ef2550b381be3062798b82a38a2f890be50e3c8f8a", "id": "dfbbc2df-295d-4bdc-b08e-947be5395db5", "immutable_dependencies": ["fbf1fd03-3f86-41c9-bf96-1a6194c0df27", "b16a560a-be49-4714-8966-4e4fcb08e219"], "kind": "runtime_registration", "owner": "SafetyRegistry.RegisterArtifact", "version": "kl079-full-actions-v1"}
FIXTURE_EVIDENCE {"epoch": 1, "factset": "7eb5899c-b687-5bff-b655-49a7dc210402", "kind": "upstream", "membership_digest": "0e277d4097b65022a2ed2ab6b905ff98f351165d4591a23794c060d928cca465", "projection": {"dependency_ids": ["4a8faa83-f35d-5110-a1dd-3a17fd67aa21", "690a668c-0c90-506c-b3dc-18b6a099e4ea", "91127c88-3000-5042-a7ea-2b8a3583c489", "b98d7e8d-aeaf-576e-ab0b-566e98a23e97", "dbcae89f-cd81-59dd-b2df-2206425609c9", "fd5f9fc0-da58-57fd-9189-aa23f737c195"], "executable": false, "input_basis_hash": "454f8c2f4197b3ae43e48ea37558c45c86fcae698e6eb5c4c4c2a9d15509aa7a", "projection_id": "131c8560-c6c9-540a-8475-9918d0ed9811", "revision": 1}, "publication": {"event_id": "d70c55f1-b0ee-4674-af41-5d763ba35cb4", "executable": false, "generation": 1, "manifest_id": "3616f3e0-1ce2-477d-9ac2-da7d4efe628e", "receipt_id": "c3492795-d593-470c-bd4f-64752fae02c3", "replayed": false}, "ready": {"artifact_dependency_closure_hash": "105aba7fd83fc8859d2b87fde877e4232dde4c981c2485a954aed7edf97127d8", "build_id": "d5a947c4-6640-530f-aa3c-f6d505bee386", "dependency_basis_hash": "a48a011dfccd90366ae039de2d40dfc63842eb20787d5a97b081960564d6f5cc", "executable": false, "manifest_hash": "53362bc5b05ec62e202499fec119890cea640b81890352625afab3cdd1de25e6", "status": "READY"}, "subject": "e60fbceb-2b8c-4197-8bf9-fd24731e6675"}
FIXTURE_EVIDENCE {"current_guard_reached": false, "dimension": "principal", "exception": "GuardRequired", "ingress_passed": false, "kind": "denial", "message": "TEST internal owner registration/active policy mismatch", "zero_effects": true}
.FIXTURE_EVIDENCE {"compose": "kineticloop-kl079-full-949bbd5-90cbd6dddc92", "database": "kineticloop_kl079_full_949bbd5_90cbd6dddc92", "elapsed": 4.35401637502946, "inventory": ["bootstrap_two_phase(selected_lifecycle)", "reset", "start", "destroy"], "kind": "cleanup", "remaining_resources": {"container": "", "network": "", "volume": ""}}
INFO  [alembic.runtime.migration] Context impl PostgresqlImpl.
INFO  [alembic.runtime.migration] Will assume transactional DDL.
INFO  [alembic.runtime.migration] Running upgrade  -> 76fd67f76bd4, frozen S01-S51 baseline
INFO  [alembic.runtime.migration] Context impl PostgresqlImpl.
INFO  [alembic.runtime.migration] Will assume transactional DDL.
INFO  [alembic.runtime.migration] Running upgrade 76fd67f76bd4 -> a3f91c7d2e10, migrated SafetyRegistry integration and role-owner hardening
INFO  [alembic.runtime.migration] Running upgrade a3f91c7d2e10 -> b6e4d8a1c927, trusted artifact registration and bounded dependency admission
INFO  [alembic.runtime.migration] Running upgrade b6e4d8a1c927 -> d4c1a9e7b203, production, test, and evaluation subject namespace isolation
INFO  [alembic.runtime.migration] Running upgrade d4c1a9e7b203 -> e8c2f1a6b904, Materialize frozen S27 active partition uniqueness (legacy PENDING = ADMITTED).
NAMESPACE_PU DatabaseNamespace(project_name='kineticloop-kl079-full-949bbd5-90cbd6dddc92', database_name='kineticloop_kl079_full_949bbd5_90cbd6dddc92') negative_controls=foreign_root,sha,digest,label,ambient,nested_cleanup nested_inventory ['bootstrap_two_phase(selected_lifecycle)', 'destroy']
FIXTURE_EVIDENCE {"bootstrap_elapsed": 3.857766625005752, "compose": "kineticloop-kl079-full-949bbd5-90cbd6dddc92", "database": "kineticloop_kl079_full_949bbd5_90cbd6dddc92", "kind": "namespace", "migration": "e8c2f1a6b904", "nested_routes": ["bootstrap_two_phase(selected_lifecycle)", "reset", "start", "compose/_run", "validate_current_database_before_every_source/owner/reset", "finally_destroy"], "resolved_root": "/Users/davetian/.codex/worktrees/685e/KineticLoop", "tested_commit": "949bbd530061ecb3644998719fe998f86cad999e"}
FIXTURE_EVIDENCE {"hash": "47141293664d61f6dffde2ef2550b381be3062798b82a38a2f890be50e3c8f8a", "id": "f034b844-3cdd-4682-9227-8b3fd0cd2e19", "immutable_dependencies": ["6d69ea21-89ce-445a-adf2-965a98028bdf", "1d452059-cca2-49bf-955a-e47ba06b3c0c"], "kind": "runtime_registration", "owner": "SafetyRegistry.RegisterArtifact", "version": "kl079-full-actions-v1"}
FIXTURE_EVIDENCE {"epoch": 1, "factset": "8b4807f5-51dc-53ca-9a2e-7651a7fe197f", "kind": "upstream", "membership_digest": "edc5adf348e7e55259fdf732948cd8fbff7eba005fae6c2fbd465fa5d9b46591", "projection": {"dependency_ids": ["0b932c7f-2ee7-5a7c-830e-9bfb16ee2575", "5017aa3c-ee38-519e-b7fa-3892400a40ac", "55d916dd-09b4-5730-a5fc-34e329962e81", "bfa7f575-5c02-5152-9f4b-4a1597a75ed4", "db4c15f9-6de5-5ead-abca-c950e3ccb9b4", "e5956fa5-f5bd-545d-b8c6-dab5915bc360"], "executable": false, "input_basis_hash": "46d189b93831f897db3fb85bc1cf6e034cc8226a638597cd8d1f9c0246e12571", "projection_id": "3de79c1c-2244-5931-b0e9-a4a42c6e4de0", "revision": 1}, "publication": {"event_id": "950c6689-3776-4af6-8749-564c0c56f13d", "executable": false, "generation": 1, "manifest_id": "b3e48cc5-bafb-4cc7-a7c3-f6abc24de610", "receipt_id": "66142750-a1ff-4f11-991e-84a3d438fa41", "replayed": false}, "ready": {"artifact_dependency_closure_hash": "a978200e568d2c5832435c1e5e516d934ebfbd9e21703cd8f7a29d11546d67dd", "build_id": "2f18beaf-f1f8-5a99-a5be-2da2ebb0e291", "dependency_basis_hash": "9ae560e8aa8cada0c1bde0bd0deccd9ca0ad3116e3860e8cf3faa84cb0476888", "executable": false, "manifest_hash": "04681724ce3cadddeaf52e94249efff914a66b553c7b15bbce45bf6802413423", "status": "READY"}, "subject": "9f18e7be-85cf-49d1-8b9a-11c78b98d1e3"}
FIXTURE_EVIDENCE {"current_guard_reached": false, "dimension": "subject", "exception": "GuardRequired", "ingress_passed": false, "kind": "denial", "message": "authenticated fixture subject/worker mismatch", "zero_effects": true}
.FIXTURE_EVIDENCE {"compose": "kineticloop-kl079-full-949bbd5-90cbd6dddc92", "database": "kineticloop_kl079_full_949bbd5_90cbd6dddc92", "elapsed": 4.846173916943371, "inventory": ["bootstrap_two_phase(selected_lifecycle)", "reset", "start", "destroy"], "kind": "cleanup", "remaining_resources": {"container": "", "network": "", "volume": ""}}
INFO  [alembic.runtime.migration] Context impl PostgresqlImpl.
INFO  [alembic.runtime.migration] Will assume transactional DDL.
INFO  [alembic.runtime.migration] Running upgrade  -> 76fd67f76bd4, frozen S01-S51 baseline
INFO  [alembic.runtime.migration] Context impl PostgresqlImpl.
INFO  [alembic.runtime.migration] Will assume transactional DDL.
INFO  [alembic.runtime.migration] Running upgrade 76fd67f76bd4 -> a3f91c7d2e10, migrated SafetyRegistry integration and role-owner hardening
INFO  [alembic.runtime.migration] Running upgrade a3f91c7d2e10 -> b6e4d8a1c927, trusted artifact registration and bounded dependency admission
INFO  [alembic.runtime.migration] Running upgrade b6e4d8a1c927 -> d4c1a9e7b203, production, test, and evaluation subject namespace isolation
INFO  [alembic.runtime.migration] Running upgrade d4c1a9e7b203 -> e8c2f1a6b904, Materialize frozen S27 active partition uniqueness (legacy PENDING = ADMITTED).
NAMESPACE_PU DatabaseNamespace(project_name='kineticloop-kl079-full-949bbd5-90cbd6dddc92', database_name='kineticloop_kl079_full_949bbd5_90cbd6dddc92') negative_controls=foreign_root,sha,digest,label,ambient,nested_cleanup nested_inventory ['bootstrap_two_phase(selected_lifecycle)', 'destroy']
FIXTURE_EVIDENCE {"bootstrap_elapsed": 3.374579707859084, "compose": "kineticloop-kl079-full-949bbd5-90cbd6dddc92", "database": "kineticloop_kl079_full_949bbd5_90cbd6dddc92", "kind": "namespace", "migration": "e8c2f1a6b904", "nested_routes": ["bootstrap_two_phase(selected_lifecycle)", "reset", "start", "compose/_run", "validate_current_database_before_every_source/owner/reset", "finally_destroy"], "resolved_root": "/Users/davetian/.codex/worktrees/685e/KineticLoop", "tested_commit": "949bbd530061ecb3644998719fe998f86cad999e"}
FIXTURE_EVIDENCE {"hash": "47141293664d61f6dffde2ef2550b381be3062798b82a38a2f890be50e3c8f8a", "id": "fd20f6f1-9bea-4553-a2dc-4e496fc6c528", "immutable_dependencies": ["982334bc-29c3-4c91-a3b9-0fe6101c848e", "5bd987d5-3143-4c11-89ab-2acaf5028298"], "kind": "runtime_registration", "owner": "SafetyRegistry.RegisterArtifact", "version": "kl079-full-actions-v1"}
FIXTURE_EVIDENCE {"epoch": 1, "factset": "fef5aa10-58f6-5f92-b47c-998ec2b67950", "kind": "upstream", "membership_digest": "a03b92cdae4b98e63a9af062068dd07e57e0c595251b60cfd86a7e0b039e8298", "projection": {"dependency_ids": ["0a9e3c0a-b443-5ad7-902a-d666bf6d70cb", "775de4ce-884b-55f6-9417-80d325d61d0f", "b97d3163-96ab-599f-8725-5bcf04a4028e", "e7bad786-9fb9-58c2-9149-a7284dd43a83", "f450ae9f-9a82-52e5-a728-01e1a9107ccc", "fd4bfbd4-f695-5f64-803d-26d4747f4442"], "executable": false, "input_basis_hash": "b72d7503f1b904c5adc588f5a255e06f9fd256118124c4a1247025c877e04c08", "projection_id": "9c5eeaaf-d330-5bc0-8b20-5058d0e61617", "revision": 1}, "publication": {"event_id": "b505fd66-465e-4694-9735-1b773aac4a8a", "executable": false, "generation": 1, "manifest_id": "2327b615-ef3d-4304-a673-fae3efc31fc0", "receipt_id": "1d8f7ddf-d04f-4680-a194-c0afedf2a98a", "replayed": false}, "ready": {"artifact_dependency_closure_hash": "411977fe24549b2ddca8e1a196e5e8d34bbeaff63d096068e07a0381ef16eddd", "build_id": "e2e1621d-f7d5-5bc1-8d21-94e051a0e55d", "dependency_basis_hash": "249dce774836a6d28968d2e5c42c7d01c13446b6f3a742327e83060b82affbc5", "executable": false, "manifest_hash": "1f266ab4a4cb48468d01f1a1613dafd163ce80ad8f3ada0aadc515d861d87d15", "status": "READY"}, "subject": "a8983d12-30a2-416b-9053-b1a51c6a4043"}
FIXTURE_EVIDENCE {"current_guard_reached": true, "dimension": "manifest", "exception": "GuardRequired", "ingress_passed": true, "kind": "denial", "message": "attempt/request/manifest/epoch/stage basis changed or expired", "zero_effects": true}
.FIXTURE_EVIDENCE {"compose": "kineticloop-kl079-full-949bbd5-90cbd6dddc92", "database": "kineticloop_kl079_full_949bbd5_90cbd6dddc92", "elapsed": 4.38336516590789, "inventory": ["bootstrap_two_phase(selected_lifecycle)", "reset", "start", "destroy"], "kind": "cleanup", "remaining_resources": {"container": "", "network": "", "volume": ""}}
INFO  [alembic.runtime.migration] Context impl PostgresqlImpl.
INFO  [alembic.runtime.migration] Will assume transactional DDL.
INFO  [alembic.runtime.migration] Running upgrade  -> 76fd67f76bd4, frozen S01-S51 baseline
INFO  [alembic.runtime.migration] Context impl PostgresqlImpl.
INFO  [alembic.runtime.migration] Will assume transactional DDL.
INFO  [alembic.runtime.migration] Running upgrade 76fd67f76bd4 -> a3f91c7d2e10, migrated SafetyRegistry integration and role-owner hardening
INFO  [alembic.runtime.migration] Running upgrade a3f91c7d2e10 -> b6e4d8a1c927, trusted artifact registration and bounded dependency admission
INFO  [alembic.runtime.migration] Running upgrade b6e4d8a1c927 -> d4c1a9e7b203, production, test, and evaluation subject namespace isolation
INFO  [alembic.runtime.migration] Running upgrade d4c1a9e7b203 -> e8c2f1a6b904, Materialize frozen S27 active partition uniqueness (legacy PENDING = ADMITTED).
NAMESPACE_PU DatabaseNamespace(project_name='kineticloop-kl079-full-949bbd5-90cbd6dddc92', database_name='kineticloop_kl079_full_949bbd5_90cbd6dddc92') negative_controls=foreign_root,sha,digest,label,ambient,nested_cleanup nested_inventory ['bootstrap_two_phase(selected_lifecycle)', 'destroy']
FIXTURE_EVIDENCE {"bootstrap_elapsed": 3.3604420421179384, "compose": "kineticloop-kl079-full-949bbd5-90cbd6dddc92", "database": "kineticloop_kl079_full_949bbd5_90cbd6dddc92", "kind": "namespace", "migration": "e8c2f1a6b904", "nested_routes": ["bootstrap_two_phase(selected_lifecycle)", "reset", "start", "compose/_run", "validate_current_database_before_every_source/owner/reset", "finally_destroy"], "resolved_root": "/Users/davetian/.codex/worktrees/685e/KineticLoop", "tested_commit": "949bbd530061ecb3644998719fe998f86cad999e"}
FIXTURE_EVIDENCE {"hash": "47141293664d61f6dffde2ef2550b381be3062798b82a38a2f890be50e3c8f8a", "id": "1e5376a9-4974-4516-9f17-c40dff005599", "immutable_dependencies": ["2292325f-8547-41ad-87ff-33bd100fed7a", "7bfb233a-af74-4422-834b-a82f07715ca1"], "kind": "runtime_registration", "owner": "SafetyRegistry.RegisterArtifact", "version": "kl079-full-actions-v1"}
FIXTURE_EVIDENCE {"epoch": 1, "factset": "52507f7f-a29d-567a-8dc6-ae8ca7dcccef", "kind": "upstream", "membership_digest": "ee371ff3d3102a0d8fa03488918d292af704eab7de3a5d568912889d53ae01ad", "projection": {"dependency_ids": ["5ab4d2d0-84d1-50de-8f72-eacbea23fd1a", "9279485c-e893-56b7-8ec0-975e35d94c62", "a80a8d85-04b3-5de3-9f7e-b26876e50717", "bd43f878-aa9d-5861-ba04-26bbc18c98be", "ca835be3-68d9-5b81-9b1c-cfaf09f15e0a", "f38628a4-59fa-5bb9-8b75-641ce09045f6"], "executable": false, "input_basis_hash": "6ea35e7cc72fce5249f27280f75c6c113fb8a6aa3a8f5fc81991659853d60c4c", "projection_id": "8fba53e7-bbbf-52c5-9759-b68e0887fefe", "revision": 1}, "publication": {"event_id": "4130e4af-c6f5-4565-b89b-0d7a2e8e25d1", "executable": false, "generation": 1, "manifest_id": "f91d30fd-a9d2-426a-924e-f67c72ab8c21", "receipt_id": "33dac09d-6158-4901-8a49-2cc727427831", "replayed": false}, "ready": {"artifact_dependency_closure_hash": "83e1d53da21d8898a81d327a744b8d3c61faccd13b0f2429ae7a2deca289231d", "build_id": "d50891ad-ad8e-5c42-9148-73a54c68bebe", "dependency_basis_hash": "55aa28d17f228a7efdfd8e299ddb761d07f0767b5dda8d6118da2975eb16ba04", "executable": false, "manifest_hash": "def4f2df75e06e152bd0c6c2223586369f8c41342cbb884b60efd171774aae35", "status": "READY"}, "subject": "5f8ad070-31d4-4ad6-9de3-5f66c6a2151f"}
FIXTURE_EVIDENCE {"current_guard_reached": true, "dimension": "epoch", "exception": "GuardRequired", "ingress_passed": true, "kind": "denial", "message": "attempt/request/manifest/epoch/stage basis changed or expired", "zero_effects": true}
.FIXTURE_EVIDENCE {"compose": "kineticloop-kl079-full-949bbd5-90cbd6dddc92", "database": "kineticloop_kl079_full_949bbd5_90cbd6dddc92", "elapsed": 4.310172124998644, "inventory": ["bootstrap_two_phase(selected_lifecycle)", "reset", "start", "destroy"], "kind": "cleanup", "remaining_resources": {"container": "", "network": "", "volume": ""}}
INFO  [alembic.runtime.migration] Context impl PostgresqlImpl.
INFO  [alembic.runtime.migration] Will assume transactional DDL.
INFO  [alembic.runtime.migration] Running upgrade  -> 76fd67f76bd4, frozen S01-S51 baseline
INFO  [alembic.runtime.migration] Context impl PostgresqlImpl.
INFO  [alembic.runtime.migration] Will assume transactional DDL.
INFO  [alembic.runtime.migration] Running upgrade 76fd67f76bd4 -> a3f91c7d2e10, migrated SafetyRegistry integration and role-owner hardening
INFO  [alembic.runtime.migration] Running upgrade a3f91c7d2e10 -> b6e4d8a1c927, trusted artifact registration and bounded dependency admission
INFO  [alembic.runtime.migration] Running upgrade b6e4d8a1c927 -> d4c1a9e7b203, production, test, and evaluation subject namespace isolation
INFO  [alembic.runtime.migration] Running upgrade d4c1a9e7b203 -> e8c2f1a6b904, Materialize frozen S27 active partition uniqueness (legacy PENDING = ADMITTED).
NAMESPACE_PU DatabaseNamespace(project_name='kineticloop-kl079-full-949bbd5-90cbd6dddc92', database_name='kineticloop_kl079_full_949bbd5_90cbd6dddc92') negative_controls=foreign_root,sha,digest,label,ambient,nested_cleanup nested_inventory ['bootstrap_two_phase(selected_lifecycle)', 'destroy']
FIXTURE_EVIDENCE {"bootstrap_elapsed": 3.389681375119835, "compose": "kineticloop-kl079-full-949bbd5-90cbd6dddc92", "database": "kineticloop_kl079_full_949bbd5_90cbd6dddc92", "kind": "namespace", "migration": "e8c2f1a6b904", "nested_routes": ["bootstrap_two_phase(selected_lifecycle)", "reset", "start", "compose/_run", "validate_current_database_before_every_source/owner/reset", "finally_destroy"], "resolved_root": "/Users/davetian/.codex/worktrees/685e/KineticLoop", "tested_commit": "949bbd530061ecb3644998719fe998f86cad999e"}
FIXTURE_EVIDENCE {"hash": "47141293664d61f6dffde2ef2550b381be3062798b82a38a2f890be50e3c8f8a", "id": "ab04a14e-7fc6-44d3-b484-af32a1523fa0", "immutable_dependencies": ["0c65b956-cc88-41eb-bcd6-faf616e4427f", "618e8acd-6956-4a98-b5d7-c711b882ef1d"], "kind": "runtime_registration", "owner": "SafetyRegistry.RegisterArtifact", "version": "kl079-full-actions-v1"}
FIXTURE_EVIDENCE {"epoch": 1, "factset": "43d9f3b6-2093-53d1-8ec9-f0bbd51cf72b", "kind": "upstream", "membership_digest": "ed0b5cbd0f78dab4cc844f8a84810e2fe729f4f5859ac0b1c9540cd7e2302abc", "projection": {"dependency_ids": ["13aa1a6b-d1b1-5cb0-b59c-18a0095cc818", "2805bcf9-09b4-5b02-b294-6d808d9044b4", "3961dca3-b1c8-5f38-b3c4-0d8e7dfd8767", "4b2d5137-241d-514a-bb7b-0403168fdbb6", "7aa3837e-b6c4-5ed2-8799-bb1dfa79bce8", "d8f5b270-206c-58ee-a1ec-62c09b625cfd"], "executable": false, "input_basis_hash": "edc04dcd1db42cc8b65097ce0949be8b6f21a7cf49ac3630f226401f16d45c95", "projection_id": "a61a139e-a35f-5908-8463-43cd99463153", "revision": 1}, "publication": {"event_id": "c7f4ec9f-5504-436f-af72-85794e3e5b10", "executable": false, "generation": 1, "manifest_id": "97712f1c-4045-474a-99bd-e84e660b2d8f", "receipt_id": "abca5ea8-d931-4e5d-a41c-5b6227778ba8", "replayed": false}, "ready": {"artifact_dependency_closure_hash": "de0eb1e148816ca75a7387071978d79ea76e5ca247291740e1ebcb65726f6147", "build_id": "16a885f4-d926-5ba9-a82e-e586cbe364df", "dependency_basis_hash": "1472e4ec8789102a8b79dd39c257b92f9a638f2da0fd0cd1a90b53a10a30645c", "executable": false, "manifest_hash": "1775abf329dbff8eef66aa1322ecfcefbd5a0c1dbf7fa5631b2144ce3c7ec3c9", "status": "READY"}, "subject": "c0329137-e9e6-4b35-bca1-ff9a8fd39fb0"}
FIXTURE_EVIDENCE {"current_guard_reached": false, "dimension": "revision", "exception": "FenceLost", "ingress_passed": true, "kind": "denial", "message": "stale owner/fence cannot commit", "zero_effects": true}
.FIXTURE_EVIDENCE {"compose": "kineticloop-kl079-full-949bbd5-90cbd6dddc92", "database": "kineticloop_kl079_full_949bbd5_90cbd6dddc92", "elapsed": 4.349259374896064, "inventory": ["bootstrap_two_phase(selected_lifecycle)", "reset", "start", "destroy"], "kind": "cleanup", "remaining_resources": {"container": "", "network": "", "volume": ""}}
INFO  [alembic.runtime.migration] Context impl PostgresqlImpl.
INFO  [alembic.runtime.migration] Will assume transactional DDL.
INFO  [alembic.runtime.migration] Running upgrade  -> 76fd67f76bd4, frozen S01-S51 baseline
INFO  [alembic.runtime.migration] Context impl PostgresqlImpl.
INFO  [alembic.runtime.migration] Will assume transactional DDL.
INFO  [alembic.runtime.migration] Running upgrade 76fd67f76bd4 -> a3f91c7d2e10, migrated SafetyRegistry integration and role-owner hardening
INFO  [alembic.runtime.migration] Running upgrade a3f91c7d2e10 -> b6e4d8a1c927, trusted artifact registration and bounded dependency admission
INFO  [alembic.runtime.migration] Running upgrade b6e4d8a1c927 -> d4c1a9e7b203, production, test, and evaluation subject namespace isolation
INFO  [alembic.runtime.migration] Running upgrade d4c1a9e7b203 -> e8c2f1a6b904, Materialize frozen S27 active partition uniqueness (legacy PENDING = ADMITTED).
NAMESPACE_PU DatabaseNamespace(project_name='kineticloop-kl079-full-949bbd5-90cbd6dddc92', database_name='kineticloop_kl079_full_949bbd5_90cbd6dddc92') negative_controls=foreign_root,sha,digest,label,ambient,nested_cleanup nested_inventory ['bootstrap_two_phase(selected_lifecycle)', 'destroy']
FIXTURE_EVIDENCE {"bootstrap_elapsed": 3.383011291967705, "compose": "kineticloop-kl079-full-949bbd5-90cbd6dddc92", "database": "kineticloop_kl079_full_949bbd5_90cbd6dddc92", "kind": "namespace", "migration": "e8c2f1a6b904", "nested_routes": ["bootstrap_two_phase(selected_lifecycle)", "reset", "start", "compose/_run", "validate_current_database_before_every_source/owner/reset", "finally_destroy"], "resolved_root": "/Users/davetian/.codex/worktrees/685e/KineticLoop", "tested_commit": "949bbd530061ecb3644998719fe998f86cad999e"}
FIXTURE_EVIDENCE {"hash": "47141293664d61f6dffde2ef2550b381be3062798b82a38a2f890be50e3c8f8a", "id": "077052ec-4df8-4693-8498-2057800039bb", "immutable_dependencies": ["2caa45fa-7856-4d4c-9fe9-e7e18d1a2ff8", "f9b25220-6c0f-4811-b0af-88440e80d841"], "kind": "runtime_registration", "owner": "SafetyRegistry.RegisterArtifact", "version": "kl079-full-actions-v1"}
FIXTURE_EVIDENCE {"epoch": 1, "factset": "2c99b8eb-4b96-5bd1-bc1e-41938cfd2b53", "kind": "upstream", "membership_digest": "121a861c0611859215277bd080c84a3a9a51992c5c01f4381fecceb6589485ca", "projection": {"dependency_ids": ["24e4e376-4a06-5a01-9455-19ba820db8bc", "3a3c1c74-67d9-56c6-893c-99e4920a9f89", "8b933f60-712c-52c2-a82f-a21a727a98db", "b90728fc-2559-5e0b-9543-1856181e0449", "df7843ef-9e9b-5c45-936a-8c02c315dbf1", "f812bdfb-dbe9-59e4-9a86-163e5646ceb2"], "executable": false, "input_basis_hash": "c2dca0168df702fca32979ccc61a1694315fe47d1ba8156baea8768fedc852e9", "projection_id": "aeb5806b-3a91-53d6-99a8-13fa9ebbe3a9", "revision": 1}, "publication": {"event_id": "c346a402-f68d-42a1-8808-7768c59db35a", "executable": false, "generation": 1, "manifest_id": "888e7579-4af4-433e-b039-edf59e84f6c1", "receipt_id": "ace992fb-3457-4872-a0b1-7a4c288c98b1", "replayed": false}, "ready": {"artifact_dependency_closure_hash": "f7fd7c1f8f64b85e9f1a675e4dbbf51f8d76d6d912bbf0d576d75b6094fc6a5c", "build_id": "c2e138b4-5773-5992-b999-796bb1e5fa92", "dependency_basis_hash": "6c5ac5e548ef298c19dd459feb63578fa17bd1b5da50ef4e5e11a332c6e42ecb", "executable": false, "manifest_hash": "ac76b9309f8a4719e9210f8437a693901655819888b2e8316785fbaa03850db7", "status": "READY"}, "subject": "e9cd9716-a436-4de3-948c-39c0960a7fe9"}
FIXTURE_EVIDENCE {"current_guard_reached": false, "dimension": "attempt", "exception": "FenceLost", "ingress_passed": true, "kind": "denial", "message": "stale owner/fence cannot commit", "zero_effects": true}
.FIXTURE_EVIDENCE {"compose": "kineticloop-kl079-full-949bbd5-90cbd6dddc92", "database": "kineticloop_kl079_full_949bbd5_90cbd6dddc92", "elapsed": 4.348597624804825, "inventory": ["bootstrap_two_phase(selected_lifecycle)", "reset", "start", "destroy"], "kind": "cleanup", "remaining_resources": {"container": "", "network": "", "volume": ""}}
INFO  [alembic.runtime.migration] Context impl PostgresqlImpl.
INFO  [alembic.runtime.migration] Will assume transactional DDL.
INFO  [alembic.runtime.migration] Running upgrade  -> 76fd67f76bd4, frozen S01-S51 baseline
INFO  [alembic.runtime.migration] Context impl PostgresqlImpl.
INFO  [alembic.runtime.migration] Will assume transactional DDL.
INFO  [alembic.runtime.migration] Running upgrade 76fd67f76bd4 -> a3f91c7d2e10, migrated SafetyRegistry integration and role-owner hardening
INFO  [alembic.runtime.migration] Running upgrade a3f91c7d2e10 -> b6e4d8a1c927, trusted artifact registration and bounded dependency admission
INFO  [alembic.runtime.migration] Running upgrade b6e4d8a1c927 -> d4c1a9e7b203, production, test, and evaluation subject namespace isolation
INFO  [alembic.runtime.migration] Running upgrade d4c1a9e7b203 -> e8c2f1a6b904, Materialize frozen S27 active partition uniqueness (legacy PENDING = ADMITTED).
NAMESPACE_PU DatabaseNamespace(project_name='kineticloop-kl079-full-949bbd5-90cbd6dddc92', database_name='kineticloop_kl079_full_949bbd5_90cbd6dddc92') negative_controls=foreign_root,sha,digest,label,ambient,nested_cleanup nested_inventory ['bootstrap_two_phase(selected_lifecycle)', 'destroy']
FIXTURE_EVIDENCE {"bootstrap_elapsed": 3.5831660002004355, "compose": "kineticloop-kl079-full-949bbd5-90cbd6dddc92", "database": "kineticloop_kl079_full_949bbd5_90cbd6dddc92", "kind": "namespace", "migration": "e8c2f1a6b904", "nested_routes": ["bootstrap_two_phase(selected_lifecycle)", "reset", "start", "compose/_run", "validate_current_database_before_every_source/owner/reset", "finally_destroy"], "resolved_root": "/Users/davetian/.codex/worktrees/685e/KineticLoop", "tested_commit": "949bbd530061ecb3644998719fe998f86cad999e"}
FIXTURE_EVIDENCE {"hash": "47141293664d61f6dffde2ef2550b381be3062798b82a38a2f890be50e3c8f8a", "id": "e88cfbae-e46c-4b30-8c20-34ac8fa18ea6", "immutable_dependencies": ["bd17b901-6974-43b4-8c68-e4832c31af37", "a3cc0724-124a-4f74-beeb-931aaa636152"], "kind": "runtime_registration", "owner": "SafetyRegistry.RegisterArtifact", "version": "kl079-full-actions-v1"}
FIXTURE_EVIDENCE {"epoch": 1, "factset": "f08410ad-eac8-5edf-8de6-99891f993651", "kind": "upstream", "membership_digest": "e005c70d4ee2618231e99bff50c9cd1e3a3677660b8987993915812b182342e2", "projection": {"dependency_ids": ["5a75970b-c390-5d2f-9dbc-ff4a469de32e", "689d049b-5f9d-5b51-938c-8e26eff82339", "83670e14-d063-508b-936c-ab1f37d1089f", "90485291-e1c2-55b6-befd-5c78f1f1598e", "a4d0118e-372c-58fd-9aef-06a80a43f527", "ba0c1acb-f545-5837-86ba-931fd88c0abd"], "executable": false, "input_basis_hash": "9b4d9f6acbc0eb86c8b85fb20c82fadde1df975300755e94e2490d69d368e4b1", "projection_id": "3c011f34-4889-5a73-a542-0f259f0ac917", "revision": 1}, "publication": {"event_id": "8fd1d0e8-0545-4ef1-b64e-f4e4e5102dc0", "executable": false, "generation": 1, "manifest_id": "4f0eda5e-b921-48b9-8e0e-5a88513eabd0", "receipt_id": "05e5ac80-3164-45ac-a567-422850376974", "replayed": false}, "ready": {"artifact_dependency_closure_hash": "e51ee1374dd1f13be7668d7e5927bb043e940fdaf66046c5cf1de922eaba8b46", "build_id": "743fa648-768a-593c-b5b7-a81a46879010", "dependency_basis_hash": "30fce4f90015228461c0885e56c57a0592d9deed57ac6acb54980a1a722109b3", "executable": false, "manifest_hash": "243ea7c609b7e36c99a36037a2b34db655c68fca0c675b45c1875f3e29e24b6e", "status": "READY"}, "subject": "847238ef-2599-41f8-895d-10a9077dd8a3"}
FIXTURE_EVIDENCE {"current_guard_reached": false, "dimension": "fence", "exception": "FenceLost", "ingress_passed": true, "kind": "denial", "message": "stale owner/fence cannot commit", "zero_effects": true}
.FIXTURE_EVIDENCE {"compose": "kineticloop-kl079-full-949bbd5-90cbd6dddc92", "database": "kineticloop_kl079_full_949bbd5_90cbd6dddc92", "elapsed": 4.599381584208459, "inventory": ["bootstrap_two_phase(selected_lifecycle)", "reset", "start", "destroy"], "kind": "cleanup", "remaining_resources": {"container": "", "network": "", "volume": ""}}
INFO  [alembic.runtime.migration] Context impl PostgresqlImpl.
INFO  [alembic.runtime.migration] Will assume transactional DDL.
INFO  [alembic.runtime.migration] Running upgrade  -> 76fd67f76bd4, frozen S01-S51 baseline
INFO  [alembic.runtime.migration] Context impl PostgresqlImpl.
INFO  [alembic.runtime.migration] Will assume transactional DDL.
INFO  [alembic.runtime.migration] Running upgrade 76fd67f76bd4 -> a3f91c7d2e10, migrated SafetyRegistry integration and role-owner hardening
INFO  [alembic.runtime.migration] Running upgrade a3f91c7d2e10 -> b6e4d8a1c927, trusted artifact registration and bounded dependency admission
INFO  [alembic.runtime.migration] Running upgrade b6e4d8a1c927 -> d4c1a9e7b203, production, test, and evaluation subject namespace isolation
INFO  [alembic.runtime.migration] Running upgrade d4c1a9e7b203 -> e8c2f1a6b904, Materialize frozen S27 active partition uniqueness (legacy PENDING = ADMITTED).
NAMESPACE_PU DatabaseNamespace(project_name='kineticloop-kl079-full-949bbd5-90cbd6dddc92', database_name='kineticloop_kl079_full_949bbd5_90cbd6dddc92') negative_controls=foreign_root,sha,digest,label,ambient,nested_cleanup nested_inventory ['bootstrap_two_phase(selected_lifecycle)', 'destroy']
FIXTURE_EVIDENCE {"bootstrap_elapsed": 3.458759583067149, "compose": "kineticloop-kl079-full-949bbd5-90cbd6dddc92", "database": "kineticloop_kl079_full_949bbd5_90cbd6dddc92", "kind": "namespace", "migration": "e8c2f1a6b904", "nested_routes": ["bootstrap_two_phase(selected_lifecycle)", "reset", "start", "compose/_run", "validate_current_database_before_every_source/owner/reset", "finally_destroy"], "resolved_root": "/Users/davetian/.codex/worktrees/685e/KineticLoop", "tested_commit": "949bbd530061ecb3644998719fe998f86cad999e"}
FIXTURE_EVIDENCE {"hash": "47141293664d61f6dffde2ef2550b381be3062798b82a38a2f890be50e3c8f8a", "id": "1fbf0f4e-c99e-4201-a7f5-ad57381e124e", "immutable_dependencies": ["2a40bebd-e3e6-4d74-825d-ecbce6b8d1dc", "9286c01f-b650-4291-a690-9a96121bb87e"], "kind": "runtime_registration", "owner": "SafetyRegistry.RegisterArtifact", "version": "kl079-full-actions-v1"}
FIXTURE_EVIDENCE {"epoch": 1, "factset": "9a22a999-ff2b-5b05-84d8-ebb4f1eff0d6", "kind": "upstream", "membership_digest": "5621ed92edd92bb032c9003cae3efa4e20b26593292fd6233b58664aad6ce63a", "projection": {"dependency_ids": ["0247a347-8eeb-5541-8faf-6ad7a4bf9f2a", "32179624-6f6d-5e9a-978e-4df0e320320e", "73cdcf40-9802-5e49-9998-d0f08aab61df", "77396bcd-432b-5b9d-be97-501f9bd684be", "b0189857-dd54-5dee-b7d0-64797cecf0a1", "e19c21b7-191e-59af-a10d-343b16a8cd88"], "executable": false, "input_basis_hash": "5268f73bc670f1dfe2b7566d2a389c1ed567fc6829dea5c940ebe40a0d51cf6f", "projection_id": "8afa3002-25d1-537e-9e5a-51a3b12e692d", "revision": 1}, "publication": {"event_id": "8b0e5385-a841-4e76-964c-48254d1f4833", "executable": false, "generation": 1, "manifest_id": "c05dfdd0-0170-4752-aee1-f76d2fd9973c", "receipt_id": "e53e8cc8-4ff3-465e-b54e-3c1c9e058314", "replayed": false}, "ready": {"artifact_dependency_closure_hash": "b87197eea2c19a50bf21ff15ca8d544655883a194ba1ff2fb1664d20d50c09fb", "build_id": "e3cc62f4-0318-5bbe-bfc6-9f7085620f78", "dependency_basis_hash": "4e71af3f5bd964d31938151612e75a5e052498e4057f7f331796e5d6cf1f5571", "executable": false, "manifest_hash": "bbc113deb8a0f6f4c43e4b4d2383ef8cbeef3032eea7bb8bc21e99881a95f8c4", "status": "READY"}, "subject": "ff7c5dfd-a513-4ba1-bb07-b752295189e1"}
FIXTURE_EVIDENCE {"application": "kl079-post-lock-lease", "blocking_pids": [119], "kind": "blocked", "pid": 121, "query": "SELECT id FROM kineticloop.planning_attempts WHERE subject_id=$1 AND id=$2 FOR UPDATE"}
FIXTURE_EVIDENCE {"after_lock": true, "blockers": [119], "expiry": "2026-10-01 15:48:38.063155+00:00", "kind": "clock_crossing", "observed": "2026-10-01 15:48:38.063342+00:00"}
FIXTURE_EVIDENCE {"current_guard_reached": true, "dimension": "lease", "exception": "FenceLost", "ingress_passed": true, "kind": "denial", "message": "stale owner/fence cannot commit", "zero_effects": true}
.FIXTURE_EVIDENCE {"compose": "kineticloop-kl079-full-949bbd5-90cbd6dddc92", "database": "kineticloop_kl079_full_949bbd5_90cbd6dddc92", "elapsed": 7.28974154102616, "inventory": ["bootstrap_two_phase(selected_lifecycle)", "reset", "start", "destroy"], "kind": "cleanup", "remaining_resources": {"container": "", "network": "", "volume": ""}}
INFO  [alembic.runtime.migration] Context impl PostgresqlImpl.
INFO  [alembic.runtime.migration] Will assume transactional DDL.
INFO  [alembic.runtime.migration] Running upgrade  -> 76fd67f76bd4, frozen S01-S51 baseline
INFO  [alembic.runtime.migration] Context impl PostgresqlImpl.
INFO  [alembic.runtime.migration] Will assume transactional DDL.
INFO  [alembic.runtime.migration] Running upgrade 76fd67f76bd4 -> a3f91c7d2e10, migrated SafetyRegistry integration and role-owner hardening
INFO  [alembic.runtime.migration] Running upgrade a3f91c7d2e10 -> b6e4d8a1c927, trusted artifact registration and bounded dependency admission
INFO  [alembic.runtime.migration] Running upgrade b6e4d8a1c927 -> d4c1a9e7b203, production, test, and evaluation subject namespace isolation
INFO  [alembic.runtime.migration] Running upgrade d4c1a9e7b203 -> e8c2f1a6b904, Materialize frozen S27 active partition uniqueness (legacy PENDING = ADMITTED).
NAMESPACE_PU DatabaseNamespace(project_name='kineticloop-kl079-full-949bbd5-90cbd6dddc92', database_name='kineticloop_kl079_full_949bbd5_90cbd6dddc92') negative_controls=foreign_root,sha,digest,label,ambient,nested_cleanup nested_inventory ['bootstrap_two_phase(selected_lifecycle)', 'destroy']
FIXTURE_EVIDENCE {"bootstrap_elapsed": 3.8268967079930007, "compose": "kineticloop-kl079-full-949bbd5-90cbd6dddc92", "database": "kineticloop_kl079_full_949bbd5_90cbd6dddc92", "kind": "namespace", "migration": "e8c2f1a6b904", "nested_routes": ["bootstrap_two_phase(selected_lifecycle)", "reset", "start", "compose/_run", "validate_current_database_before_every_source/owner/reset", "finally_destroy"], "resolved_root": "/Users/davetian/.codex/worktrees/685e/KineticLoop", "tested_commit": "949bbd530061ecb3644998719fe998f86cad999e"}
FIXTURE_EVIDENCE {"hash": "47141293664d61f6dffde2ef2550b381be3062798b82a38a2f890be50e3c8f8a", "id": "3c2dc898-1ded-48b5-bafb-48ef8baf506d", "immutable_dependencies": ["23d49ecd-88a2-491c-8659-7d38d36c3ddb", "d31596f2-1967-45c1-bc0f-49b78bb2f385"], "kind": "runtime_registration", "owner": "SafetyRegistry.RegisterArtifact", "version": "kl079-full-actions-v1"}
FIXTURE_EVIDENCE {"epoch": 1, "factset": "7b7218da-79ff-599b-972b-5e877f0fc95e", "kind": "upstream", "membership_digest": "b17638d6d3fa19812b852666d2e5c678599fc33371746812c3de7af84abc0140", "projection": {"dependency_ids": ["023f4a1c-e37f-582c-ba95-6770e172086d", "2ac1de0e-0865-55fd-b554-45ffb9a32612", "44bcc588-17f4-50d5-9ff0-4eeb68e007ec", "7ed7c6e5-0619-53b8-acd9-893e47f3a386", "8d614a8b-5ad1-553a-add3-ec55f61cfe0d", "f44ab270-365d-513c-bb92-9c0b3f98f35f"], "executable": false, "input_basis_hash": "8e63ace1045956f2462a48a205e9738b4cdfac445da5aa9e13890db9ec0eca79", "projection_id": "1f514979-0f57-5ee6-894a-0eaacb40cfba", "revision": 1}, "publication": {"event_id": "2d1517cc-a686-4031-8b72-15213f372667", "executable": false, "generation": 1, "manifest_id": "f2b731c1-1aef-4059-b81b-decbab4e9bc1", "receipt_id": "ed6236ba-d776-42d6-b3e6-d8a0ff0fb357", "replayed": false}, "ready": {"artifact_dependency_closure_hash": "c2dc51ce44521b15f41c32620f07f766f3d205b45db5fa845fe8e223a33a2eb0", "build_id": "546de897-9de1-5106-8c0f-1f885a4894d4", "dependency_basis_hash": "a415f6013823c8946afb718b5a7fc3e2f601829195d7368d83bd6d1f661f8f32", "executable": false, "manifest_hash": "3a7d04ec9d6604628789197a1e2e539f76dd11875f4aa8bfcc0535c84446ef47", "status": "READY"}, "subject": "d5ea0988-9a04-4c49-ac9c-24bd4b384bdd"}
FIXTURE_EVIDENCE {"current_guard_reached": false, "dimension": "deadline", "exception": "FenceLost", "ingress_passed": true, "kind": "denial", "message": "stale owner/fence cannot commit", "zero_effects": true}
.FIXTURE_EVIDENCE {"compose": "kineticloop-kl079-full-949bbd5-90cbd6dddc92", "database": "kineticloop_kl079_full_949bbd5_90cbd6dddc92", "elapsed": 4.795182083034888, "inventory": ["bootstrap_two_phase(selected_lifecycle)", "reset", "start", "destroy"], "kind": "cleanup", "remaining_resources": {"container": "", "network": "", "volume": ""}}
INFO  [alembic.runtime.migration] Context impl PostgresqlImpl.
INFO  [alembic.runtime.migration] Will assume transactional DDL.
INFO  [alembic.runtime.migration] Running upgrade  -> 76fd67f76bd4, frozen S01-S51 baseline
INFO  [alembic.runtime.migration] Context impl PostgresqlImpl.
INFO  [alembic.runtime.migration] Will assume transactional DDL.
INFO  [alembic.runtime.migration] Running upgrade 76fd67f76bd4 -> a3f91c7d2e10, migrated SafetyRegistry integration and role-owner hardening
INFO  [alembic.runtime.migration] Running upgrade a3f91c7d2e10 -> b6e4d8a1c927, trusted artifact registration and bounded dependency admission
INFO  [alembic.runtime.migration] Running upgrade b6e4d8a1c927 -> d4c1a9e7b203, production, test, and evaluation subject namespace isolation
INFO  [alembic.runtime.migration] Running upgrade d4c1a9e7b203 -> e8c2f1a6b904, Materialize frozen S27 active partition uniqueness (legacy PENDING = ADMITTED).
NAMESPACE_PU DatabaseNamespace(project_name='kineticloop-kl079-full-949bbd5-90cbd6dddc92', database_name='kineticloop_kl079_full_949bbd5_90cbd6dddc92') negative_controls=foreign_root,sha,digest,label,ambient,nested_cleanup nested_inventory ['bootstrap_two_phase(selected_lifecycle)', 'destroy']
FIXTURE_EVIDENCE {"bootstrap_elapsed": 3.8859109168406576, "compose": "kineticloop-kl079-full-949bbd5-90cbd6dddc92", "database": "kineticloop_kl079_full_949bbd5_90cbd6dddc92", "kind": "namespace", "migration": "e8c2f1a6b904", "nested_routes": ["bootstrap_two_phase(selected_lifecycle)", "reset", "start", "compose/_run", "validate_current_database_before_every_source/owner/reset", "finally_destroy"], "resolved_root": "/Users/davetian/.codex/worktrees/685e/KineticLoop", "tested_commit": "949bbd530061ecb3644998719fe998f86cad999e"}
FIXTURE_EVIDENCE {"hash": "47141293664d61f6dffde2ef2550b381be3062798b82a38a2f890be50e3c8f8a", "id": "9c41a00f-a9c4-4c58-b516-26f7d397d800", "immutable_dependencies": ["5f4fb861-3430-43fd-b250-7623c8816a1d", "f58640e4-8c3d-4979-a593-d09b2b1227cd"], "kind": "runtime_registration", "owner": "SafetyRegistry.RegisterArtifact", "version": "kl079-full-actions-v1"}
FIXTURE_EVIDENCE {"epoch": 1, "factset": "c92c217b-e14e-56e7-88b0-7951a171204b", "kind": "upstream", "membership_digest": "dac2aa7aba5b0044300eafaac837aab87e5ee63ae2d7a99e8c8705f44420c119", "projection": {"dependency_ids": ["2b253522-a767-5934-bd22-8f2563618161", "6de22727-2c38-5525-8783-2ba337427ec5", "801e9fe2-233a-5bcc-b6fa-401e0e344fd0", "a8a96e65-1e0c-53f4-bf39-022a6e1f13c0", "e18d25c4-ced9-5dad-b1d6-d860f57f37fd", "f2ab3a7b-7ec1-55b8-aada-0221276a1032"], "executable": false, "input_basis_hash": "1ff31d3c3e439c0921939b13fbc10113c7eb656766cbd3ef9d91d51fb950a0c5", "projection_id": "5108c7fb-de45-5e5d-99fe-27f2e34787c2", "revision": 1}, "publication": {"event_id": "7def9a9b-d87c-4fbc-8c8c-a3a450c2dd67", "executable": false, "generation": 1, "manifest_id": "d52cda86-32db-48c5-8588-5c34b4d5bbea", "receipt_id": "ed15086b-38c7-4a4b-bfa6-19e8f372bdce", "replayed": false}, "ready": {"artifact_dependency_closure_hash": "0cf677d95e6d66f0f6d8417f5f0ac0e5018dda706a1b9a72d7a12b9a0c5d1c7d", "build_id": "a3e8eb7d-9def-504b-9f59-5ad781b10ee6", "dependency_basis_hash": "d1b26d815f478aef1c894b4f30dea52e1517b0e02cf3d78b8dafd9f2fbe1b3e1", "executable": false, "manifest_hash": "a7f5fc1dd2cc46f909d5977afb35b48082ce1498764827931a90e0aff733f4c6", "status": "READY"}, "subject": "bc989ecd-1d0e-4722-a60d-45ec59e99d9e"}
FIXTURE_EVIDENCE {"current_guard_reached": true, "dimension": "control", "exception": "GuardRequired", "ingress_passed": true, "kind": "denial", "message": "attempt/request/manifest/epoch/stage basis changed or expired", "zero_effects": true}
.FIXTURE_EVIDENCE {"compose": "kineticloop-kl079-full-949bbd5-90cbd6dddc92", "database": "kineticloop_kl079_full_949bbd5_90cbd6dddc92", "elapsed": 4.85724849998951, "inventory": ["bootstrap_two_phase(selected_lifecycle)", "reset", "start", "destroy"], "kind": "cleanup", "remaining_resources": {"container": "", "network": "", "volume": ""}}
INFO  [alembic.runtime.migration] Context impl PostgresqlImpl.
INFO  [alembic.runtime.migration] Will assume transactional DDL.
INFO  [alembic.runtime.migration] Running upgrade  -> 76fd67f76bd4, frozen S01-S51 baseline
INFO  [alembic.runtime.migration] Context impl PostgresqlImpl.
INFO  [alembic.runtime.migration] Will assume transactional DDL.
INFO  [alembic.runtime.migration] Running upgrade 76fd67f76bd4 -> a3f91c7d2e10, migrated SafetyRegistry integration and role-owner hardening
INFO  [alembic.runtime.migration] Running upgrade a3f91c7d2e10 -> b6e4d8a1c927, trusted artifact registration and bounded dependency admission
INFO  [alembic.runtime.migration] Running upgrade b6e4d8a1c927 -> d4c1a9e7b203, production, test, and evaluation subject namespace isolation
INFO  [alembic.runtime.migration] Running upgrade d4c1a9e7b203 -> e8c2f1a6b904, Materialize frozen S27 active partition uniqueness (legacy PENDING = ADMITTED).
NAMESPACE_PU DatabaseNamespace(project_name='kineticloop-kl079-full-949bbd5-90cbd6dddc92', database_name='kineticloop_kl079_full_949bbd5_90cbd6dddc92') negative_controls=foreign_root,sha,digest,label,ambient,nested_cleanup nested_inventory ['bootstrap_two_phase(selected_lifecycle)', 'destroy']
FIXTURE_EVIDENCE {"bootstrap_elapsed": 3.9135774997994304, "compose": "kineticloop-kl079-full-949bbd5-90cbd6dddc92", "database": "kineticloop_kl079_full_949bbd5_90cbd6dddc92", "kind": "namespace", "migration": "e8c2f1a6b904", "nested_routes": ["bootstrap_two_phase(selected_lifecycle)", "reset", "start", "compose/_run", "validate_current_database_before_every_source/owner/reset", "finally_destroy"], "resolved_root": "/Users/davetian/.codex/worktrees/685e/KineticLoop", "tested_commit": "949bbd530061ecb3644998719fe998f86cad999e"}
FIXTURE_EVIDENCE {"hash": "47141293664d61f6dffde2ef2550b381be3062798b82a38a2f890be50e3c8f8a", "id": "8c863eb6-f62b-49c9-8ff3-63efe4feaff1", "immutable_dependencies": ["f8dc379d-0e5d-4f64-a15e-38c42ec3b121", "6f41f25c-aa37-48d6-837e-ed5e1f8781f3"], "kind": "runtime_registration", "owner": "SafetyRegistry.RegisterArtifact", "version": "kl079-full-actions-v1"}
FIXTURE_EVIDENCE {"epoch": 1, "factset": "8bf6c84e-91cf-5880-a8c4-a6d7d459110e", "kind": "upstream", "membership_digest": "d672796a7b8119314b87a34eeef5e058afbfed0646fdfefdcd700b24b431d08c", "projection": {"dependency_ids": ["16b3260a-9555-5fa4-b46f-7223f00c3359", "400a92ea-77f6-596a-9220-45cf4246ef3e", "9d7d4026-4969-5404-aaa4-19cb75f81030", "a1192841-91ab-5b81-928a-955089dd605f", "f586405e-c919-5e83-bdb6-7f4c2c7c6cd6", "f8aa9788-efde-56d8-9873-8038c988303e"], "executable": false, "input_basis_hash": "23c2ec22e4579a748a78eab918d94c997625b07f81a1b0e160fa16e14f8011dd", "projection_id": "97a990aa-5f51-5806-a9e5-49a09e6f7e39", "revision": 1}, "publication": {"event_id": "b1336487-3389-4ff7-8fd0-193f4b44e07f", "executable": false, "generation": 1, "manifest_id": "eeb25b63-51aa-41f2-b69a-ba4faaa4aca9", "receipt_id": "2273bbca-f296-4ace-b058-d585f655fe46", "replayed": false}, "ready": {"artifact_dependency_closure_hash": "976d1c3d911e9403933692212dca04225fd93b1f4601b0a085313287aa1ee666", "build_id": "5190aa55-8006-5694-a1b6-861fe8ce2f54", "dependency_basis_hash": "0a857c80f986dcab5bf9ecac296fc66d7c33a62089838b844066bd058e9d754e", "executable": false, "manifest_hash": "b0f81d7b513982587266504e7fd88ca8b23d635cdc480be780cda2ddd6a0c154", "status": "READY"}, "subject": "25f3644b-b482-4a7d-8677-c2c063dbad0c"}
FIXTURE_EVIDENCE {"current_guard_reached": false, "dimension": "runtime_revoked", "exception": "GuardRequired", "ingress_passed": false, "kind": "denial", "message": "known unrevoked bounded fixture runtime required", "zero_effects": true}
.FIXTURE_EVIDENCE {"compose": "kineticloop-kl079-full-949bbd5-90cbd6dddc92", "database": "kineticloop_kl079_full_949bbd5_90cbd6dddc92", "elapsed": 4.933002332923934, "inventory": ["bootstrap_two_phase(selected_lifecycle)", "reset", "start", "destroy"], "kind": "cleanup", "remaining_resources": {"container": "", "network": "", "volume": ""}}
INFO  [alembic.runtime.migration] Context impl PostgresqlImpl.
INFO  [alembic.runtime.migration] Will assume transactional DDL.
INFO  [alembic.runtime.migration] Running upgrade  -> 76fd67f76bd4, frozen S01-S51 baseline
INFO  [alembic.runtime.migration] Context impl PostgresqlImpl.
INFO  [alembic.runtime.migration] Will assume transactional DDL.
INFO  [alembic.runtime.migration] Running upgrade 76fd67f76bd4 -> a3f91c7d2e10, migrated SafetyRegistry integration and role-owner hardening
INFO  [alembic.runtime.migration] Running upgrade a3f91c7d2e10 -> b6e4d8a1c927, trusted artifact registration and bounded dependency admission
INFO  [alembic.runtime.migration] Running upgrade b6e4d8a1c927 -> d4c1a9e7b203, production, test, and evaluation subject namespace isolation
INFO  [alembic.runtime.migration] Running upgrade d4c1a9e7b203 -> e8c2f1a6b904, Materialize frozen S27 active partition uniqueness (legacy PENDING = ADMITTED).
NAMESPACE_PU DatabaseNamespace(project_name='kineticloop-kl079-full-949bbd5-90cbd6dddc92', database_name='kineticloop_kl079_full_949bbd5_90cbd6dddc92') negative_controls=foreign_root,sha,digest,label,ambient,nested_cleanup nested_inventory ['bootstrap_two_phase(selected_lifecycle)', 'destroy']
FIXTURE_EVIDENCE {"bootstrap_elapsed": 3.523696165997535, "compose": "kineticloop-kl079-full-949bbd5-90cbd6dddc92", "database": "kineticloop_kl079_full_949bbd5_90cbd6dddc92", "kind": "namespace", "migration": "e8c2f1a6b904", "nested_routes": ["bootstrap_two_phase(selected_lifecycle)", "reset", "start", "compose/_run", "validate_current_database_before_every_source/owner/reset", "finally_destroy"], "resolved_root": "/Users/davetian/.codex/worktrees/685e/KineticLoop", "tested_commit": "949bbd530061ecb3644998719fe998f86cad999e"}
FIXTURE_EVIDENCE {"hash": "47141293664d61f6dffde2ef2550b381be3062798b82a38a2f890be50e3c8f8a", "id": "6047b1c1-cac1-4048-a22c-68e77f5b0f88", "immutable_dependencies": ["41c5b1bc-e07c-45c1-b588-e48896d91d04", "4e66b503-7ec5-4363-9c79-6aa560195605"], "kind": "runtime_registration", "owner": "SafetyRegistry.RegisterArtifact", "version": "kl079-full-actions-v1"}
FIXTURE_EVIDENCE {"epoch": 1, "factset": "5fc73fd0-4490-54ab-b44d-6b2bc3d55367", "kind": "upstream", "membership_digest": "c5ea0555e235cf8f87c3086ccb2a3fb84906af6b4c6ee21b77a95cd2fc7881e4", "projection": {"dependency_ids": ["303d96d6-71d8-5605-a5e7-44163b2e79b7", "7402edb8-0262-588f-a9c1-4e97a8fff2bb", "9afada40-8250-583b-be48-efc563dcd853", "a55a8e7f-f5d4-5362-a6b1-3b5f7dd2d703", "c00225bf-d64a-57e3-814d-54f41f7c00fd", "e6663b2d-e1ef-58dd-b5c7-fcacde2e175b"], "executable": false, "input_basis_hash": "22275d1e66693191c5bd2430b85ed97434e057580b315ac57150a92417006ee6", "projection_id": "9d43852c-c8b2-5353-ab80-a18d9de7291f", "revision": 1}, "publication": {"event_id": "ef57b86d-17fc-4da7-95f2-f824b182612f", "executable": false, "generation": 1, "manifest_id": "db2655b8-3eec-4542-a5ba-7b508cdb06fa", "receipt_id": "c45c0c51-b98f-47be-8fbe-4a46c329f584", "replayed": false}, "ready": {"artifact_dependency_closure_hash": "160116f8480635c73e126297e0e4d6199ebb38edb29a092f821dcfb42ccea1df", "build_id": "dd75d832-1ef5-5f35-9008-fbcc3c73456d", "dependency_basis_hash": "b922a8a446997df11b912aaec2425c405c700d92f6dbe2d00e2f296c8fe21139", "executable": false, "manifest_hash": "12082efd2b42c0caa769883d3a589cc65988a20b924603671c6bd6a0eb453c65", "status": "READY"}, "subject": "a1d18862-3e97-49a3-9a72-b0d63241bdce"}
FIXTURE_EVIDENCE {"accepted_at": "2026-10-01 15:48:59.361541+00:00", "columns": {"action_parameters_hash": "f863709ebb1218374d5c57e23c2de587f9f616ac436ec20eb3d2f983ed1bb000", "action_type": "TRAINING", "content_hash": "7b0db54b543fea0f58b7239f5a4b5cf4265260210a08b5a2f9a10a567e68dfbb", "content_schema_version": 1, "effective_at": null, "hash_scheme_version": 1, "id": "6e1a625f-13d7-5395-91f1-0be779d6a733", "known_at": null, "query_basis_hash": "762278522f119ab0d31915208680e442b67b9fd234e2b0696e169ba8a2173614", "recorded_at": "2026-10-01T15:48:59.356914+00:00", "ref_s05_id": "72f6905e-4428-4f28-857f-06fc466aa45e", "ref_s09_id": null, "ref_s12_id": null, "ref_s14_id": null, "ref_s24_id": "db2655b8-3eec-4542-a5ba-7b508cdb06fa", "resolution_expires_at": "2026-10-01T16:48:58.921682+00:00", "resolver_version": "kl079-full-actions-v1", "revision": 1, "status": null, "subject_id": "a1d18862-3e97-49a3-9a72-b0d63241bdce", "typed_payload": {"action_parameters_hash": "f863709ebb1218374d5c57e23c2de587f9f616ac436ec20eb3d2f983ed1bb000", "action_type": "TRAINING", "attempt_id": "3122f801-86e4-4ec0-9c8d-7d1dfee1c300", "captured_epoch": 1, "consistency": "CONSISTENT", "context_hash": "672ab341f491385dd43314622fb1c434e2c54e61dc2fce6b5e0cbf92554717a7", "contract": "kl079-full-actions-v1", "contradicting_events": [], "coverage": "COMPLETE_FOR_POLICY", "demand_hash": "9c2491bd8d60f16cd9a8fedacd0b5e3bf312329d1d5c5e570e86ff3ddac71a1c", "demand_id": "581462bc-dda0-5e01-947a-94d3e70f9d51", "event_association_status": "CONFIRMED", "facts": [{"admission": "ADMITTED", "admission_hash": "31fd79f440a833590ffdc4156384f1a00ceca1c0a87c8ed7277666e6179da0ed", "admission_id": "09570386-6b3b-4e03-9cd7-41b3a3de770e", "association": "CONFIRMED", "association_hash": "4e77f5e256b86087f5fadd4dce174da5ede40147e1119d62120a9e404df717a5", "association_id": "53ea80c6-d56d-4725-b07b-95b33c455f19", "contradicts": false, "effective_at": "2026-10-01T14:48:58.921682+00:00", "event_id": "81a62d11-e199-481f-bc1e-11c4eff2a931", "exercise": "fixture:cycle", "fact_hash": "265a8044c94c9e635882efcfe7b4236b8e694aa4e9590668da450e85a8fbfbb7", "fact_id": "3bbf1c4f-9b36-47f8-aff6-783310907fbe", "lower_minutes": 10, "policy_id": "72f6905e-4428-4f28-857f-06fc466aa45e", "replaces_slot": "prior-slot", "retracted": false, "scope": "TEST_ONLY", "semantic_class": "ACTUAL_EXECUTION", "subject_id": "a1d18862-3e97-49a3-9a72-b0d63241bdce", "upper_minutes": 10, "valid_until": "2026-10-01T16:48:58.921682+00:00"}], "fitness_hash": "2e8b88940ae7524b5856db751e4045886b42c266b840188eaa3cb7d29686edf4", "fitness_id": "c46d398f-6e87-5634-adf2-120c7e003e70", "id": "6e1a625f-13d7-5395-91f1-0be779d6a733", "kind": "RESOLUTION", "manifest_hash": "12082efd2b42c0caa769883d3a589cc65988a20b924603671c6bd6a0eb453c65", "manifest_id": "db2655b8-3eec-4542-a5ba-7b508cdb06fa", "nutrition_hash": "85c86c50fc12dd280de572001c741d3238780814c976247a61553bf86cebca46", "nutrition_id": "e29af84f-b30f-52a1-8fca-8f195ee8fab7", "policy_hash": "13061b4237cc7429486df5019d6d72c783c6ef586b1787be1b4d8aec32705429", "policy_id": "72f6905e-4428-4f28-857f-06fc466aa45e", "proposal_hash": "2e8b88940ae7524b5856db751e4045886b42c266b840188eaa3cb7d29686edf4", "proposal_id": "c46d398f-6e87-5634-adf2-120c7e003e70", "query_basis_hash": "762278522f119ab0d31915208680e442b67b9fd234e2b0696e169ba8a2173614", "request_id": "9388f090-1e6c-4843-849a-989655515095", "request_revision": 1, "resolution_expires_at": "2026-10-01T16:48:58.921682+00:00", "root_id": "f578d1cf-68c9-4402-ad2c-5ac3a63d5918", "runtime_version": "kl079-full-actions-v1", "snapshot_id": "57c2a4e6-d8c3-4731-a56b-5d64b725a2f7", "source_hash": "258ded82a19deed35b8e2f869f96bdaa19c062295660d2fe9805532b240e5573", "source_id": "5fc73fd0-4490-54ab-b44d-6b2bc3d55367", "source_members": ["09570386-6b3b-4e03-9cd7-41b3a3de770e", "3bbf1c4f-9b36-47f8-aff6-783310907fbe", "53ea80c6-d56d-4725-b07b-95b33c455f19"], "source_ranges": ["2026-09-30T15:48:58.921682+00:00", "2026-10-01T16:48:58.921682+00:00"], "subject_id": "a1d18862-3e97-49a3-9a72-b0d63241bdce", "superseded_or_retracted_items": [], "supporting_events": ["81a62d11-e199-481f-bc1e-11c4eff2a931"], "truncation_status": "NOT_TRUNCATED", "version": "kl076-mechanical-test-v1"}}, "event": "d1e2dedc-fe0b-4657-87da-bd86830e34e5", "hash": "7b0db54b543fea0f58b7239f5a4b5cf4265260210a08b5a2f9a10a567e68dfbb", "id": "6e1a625f-13d7-5395-91f1-0be779d6a733", "kind": "full_output", "owner": "ResolveEvidence", "payload": {"action_parameters_hash": "f863709ebb1218374d5c57e23c2de587f9f616ac436ec20eb3d2f983ed1bb000", "action_type": "TRAINING", "attempt_id": "3122f801-86e4-4ec0-9c8d-7d1dfee1c300", "captured_epoch": 1, "consistency": "CONSISTENT", "context_hash": "672ab341f491385dd43314622fb1c434e2c54e61dc2fce6b5e0cbf92554717a7", "contract": "kl079-full-actions-v1", "contradicting_events": [], "coverage": "COMPLETE_FOR_POLICY", "demand_hash": "9c2491bd8d60f16cd9a8fedacd0b5e3bf312329d1d5c5e570e86ff3ddac71a1c", "demand_id": "581462bc-dda0-5e01-947a-94d3e70f9d51", "event_association_status": "CONFIRMED", "facts": [{"admission": "ADMITTED", "admission_hash": "31fd79f440a833590ffdc4156384f1a00ceca1c0a87c8ed7277666e6179da0ed", "admission_id": "09570386-6b3b-4e03-9cd7-41b3a3de770e", "association": "CONFIRMED", "association_hash": "4e77f5e256b86087f5fadd4dce174da5ede40147e1119d62120a9e404df717a5", "association_id": "53ea80c6-d56d-4725-b07b-95b33c455f19", "contradicts": false, "effective_at": "2026-10-01T14:48:58.921682+00:00", "event_id": "81a62d11-e199-481f-bc1e-11c4eff2a931", "exercise": "fixture:cycle", "fact_hash": "265a8044c94c9e635882efcfe7b4236b8e694aa4e9590668da450e85a8fbfbb7", "fact_id": "3bbf1c4f-9b36-47f8-aff6-783310907fbe", "lower_minutes": 10, "policy_id": "72f6905e-4428-4f28-857f-06fc466aa45e", "replaces_slot": "prior-slot", "retracted": false, "scope": "TEST_ONLY", "semantic_class": "ACTUAL_EXECUTION", "subject_id": "a1d18862-3e97-49a3-9a72-b0d63241bdce", "upper_minutes": 10, "valid_until": "2026-10-01T16:48:58.921682+00:00"}], "fitness_hash": "2e8b88940ae7524b5856db751e4045886b42c266b840188eaa3cb7d29686edf4", "fitness_id": "c46d398f-6e87-5634-adf2-120c7e003e70", "id": "6e1a625f-13d7-5395-91f1-0be779d6a733", "kind": "RESOLUTION", "manifest_hash": "12082efd2b42c0caa769883d3a589cc65988a20b924603671c6bd6a0eb453c65", "manifest_id": "db2655b8-3eec-4542-a5ba-7b508cdb06fa", "nutrition_hash": "85c86c50fc12dd280de572001c741d3238780814c976247a61553bf86cebca46", "nutrition_id": "e29af84f-b30f-52a1-8fca-8f195ee8fab7", "policy_hash": "13061b4237cc7429486df5019d6d72c783c6ef586b1787be1b4d8aec32705429", "policy_id": "72f6905e-4428-4f28-857f-06fc466aa45e", "proposal_hash": "2e8b88940ae7524b5856db751e4045886b42c266b840188eaa3cb7d29686edf4", "proposal_id": "c46d398f-6e87-5634-adf2-120c7e003e70", "query_basis_hash": "762278522f119ab0d31915208680e442b67b9fd234e2b0696e169ba8a2173614", "request_id": "9388f090-1e6c-4843-849a-989655515095", "request_revision": 1, "resolution_expires_at": "2026-10-01T16:48:58.921682+00:00", "root_id": "f578d1cf-68c9-4402-ad2c-5ac3a63d5918", "runtime_version": "kl079-full-actions-v1", "snapshot_id": "57c2a4e6-d8c3-4731-a56b-5d64b725a2f7", "source_hash": "258ded82a19deed35b8e2f869f96bdaa19c062295660d2fe9805532b240e5573", "source_id": "5fc73fd0-4490-54ab-b44d-6b2bc3d55367", "source_members": ["09570386-6b3b-4e03-9cd7-41b3a3de770e", "3bbf1c4f-9b36-47f8-aff6-783310907fbe", "53ea80c6-d56d-4725-b07b-95b33c455f19"], "source_ranges": ["2026-09-30T15:48:58.921682+00:00", "2026-10-01T16:48:58.921682+00:00"], "subject_id": "a1d18862-3e97-49a3-9a72-b0d63241bdce", "superseded_or_retracted_items": [], "supporting_events": ["81a62d11-e199-481f-bc1e-11c4eff2a931"], "truncation_status": "NOT_TRUNCATED", "version": "kl076-mechanical-test-v1"}, "receipt": "a5f2143d-38d1-4bc0-aae2-2defd0a3e6ba"}
FIXTURE_EVIDENCE {"accepted_at": "2026-10-01 15:48:59.389917+00:00", "columns": {"action_parameters_hash": "8194b165ac609544d7c59fdf8b67104428844897e8172181508102e379fa6a39", "action_type": "NUTRITION", "content_hash": "d29a338c95047ad8a5cbd25fccd89298df455182a17645dc2db218bc31c23f33", "content_schema_version": 1, "effective_at": null, "hash_scheme_version": 1, "id": "e992849c-5332-556c-bf42-5edce6985b09", "known_at": null, "query_basis_hash": "cce79562fa3293559b344d1c1fa8d44526daa47e771253afd7b4a57a8b5932fe", "recorded_at": "2026-10-01T15:48:59.386806+00:00", "ref_s05_id": "72f6905e-4428-4f28-857f-06fc466aa45e", "ref_s09_id": null, "ref_s12_id": null, "ref_s14_id": null, "ref_s24_id": "db2655b8-3eec-4542-a5ba-7b508cdb06fa", "resolution_expires_at": "2026-10-01T16:48:58.921682+00:00", "resolver_version": "kl079-full-actions-v1", "revision": 1, "status": null, "subject_id": "a1d18862-3e97-49a3-9a72-b0d63241bdce", "typed_payload": {"action_parameters_hash": "8194b165ac609544d7c59fdf8b67104428844897e8172181508102e379fa6a39", "action_type": "NUTRITION", "attempt_id": "3122f801-86e4-4ec0-9c8d-7d1dfee1c300", "captured_epoch": 1, "consistency": "CONSISTENT", "context_hash": "672ab341f491385dd43314622fb1c434e2c54e61dc2fce6b5e0cbf92554717a7", "contract": "kl079-full-actions-v1", "contradicting_events": [], "coverage": "COMPLETE_FOR_POLICY", "demand_hash": "9c2491bd8d60f16cd9a8fedacd0b5e3bf312329d1d5c5e570e86ff3ddac71a1c", "demand_id": "581462bc-dda0-5e01-947a-94d3e70f9d51", "event_association_status": "CONFIRMED", "facts": [{"admission": "ADMITTED", "admission_hash": "31fd79f440a833590ffdc4156384f1a00ceca1c0a87c8ed7277666e6179da0ed", "admission_id": "09570386-6b3b-4e03-9cd7-41b3a3de770e", "association": "CONFIRMED", "association_hash": "4e77f5e256b86087f5fadd4dce174da5ede40147e1119d62120a9e404df717a5", "association_id": "53ea80c6-d56d-4725-b07b-95b33c455f19", "contradicts": false, "effective_at": "2026-10-01T14:48:58.921682+00:00", "event_id": "81a62d11-e199-481f-bc1e-11c4eff2a931", "exercise": "fixture:cycle", "fact_hash": "265a8044c94c9e635882efcfe7b4236b8e694aa4e9590668da450e85a8fbfbb7", "fact_id": "3bbf1c4f-9b36-47f8-aff6-783310907fbe", "lower_minutes": 10, "policy_id": "72f6905e-4428-4f28-857f-06fc466aa45e", "replaces_slot": "prior-slot", "retracted": false, "scope": "TEST_ONLY", "semantic_class": "ACTUAL_EXECUTION", "subject_id": "a1d18862-3e97-49a3-9a72-b0d63241bdce", "upper_minutes": 10, "valid_until": "2026-10-01T16:48:58.921682+00:00"}], "fitness_hash": "2e8b88940ae7524b5856db751e4045886b42c266b840188eaa3cb7d29686edf4", "fitness_id": "c46d398f-6e87-5634-adf2-120c7e003e70", "id": "e992849c-5332-556c-bf42-5edce6985b09", "kind": "RESOLUTION", "manifest_hash": "12082efd2b42c0caa769883d3a589cc65988a20b924603671c6bd6a0eb453c65", "manifest_id": "db2655b8-3eec-4542-a5ba-7b508cdb06fa", "nutrition_hash": "85c86c50fc12dd280de572001c741d3238780814c976247a61553bf86cebca46", "nutrition_id": "e29af84f-b30f-52a1-8fca-8f195ee8fab7", "policy_hash": "13061b4237cc7429486df5019d6d72c783c6ef586b1787be1b4d8aec32705429", "policy_id": "72f6905e-4428-4f28-857f-06fc466aa45e", "proposal_hash": "85c86c50fc12dd280de572001c741d3238780814c976247a61553bf86cebca46", "proposal_id": "e29af84f-b30f-52a1-8fca-8f195ee8fab7", "query_basis_hash": "cce79562fa3293559b344d1c1fa8d44526daa47e771253afd7b4a57a8b5932fe", "request_id": "9388f090-1e6c-4843-849a-989655515095", "request_revision": 1, "resolution_expires_at": "2026-10-01T16:48:58.921682+00:00", "root_id": "f578d1cf-68c9-4402-ad2c-5ac3a63d5918", "runtime_version": "kl079-full-actions-v1", "snapshot_id": "57c2a4e6-d8c3-4731-a56b-5d64b725a2f7", "source_hash": "258ded82a19deed35b8e2f869f96bdaa19c062295660d2fe9805532b240e5573", "source_id": "5fc73fd0-4490-54ab-b44d-6b2bc3d55367", "source_members": ["09570386-6b3b-4e03-9cd7-41b3a3de770e", "3bbf1c4f-9b36-47f8-aff6-783310907fbe", "53ea80c6-d56d-4725-b07b-95b33c455f19"], "source_ranges": ["2026-09-30T15:48:58.921682+00:00", "2026-10-01T16:48:58.921682+00:00"], "subject_id": "a1d18862-3e97-49a3-9a72-b0d63241bdce", "superseded_or_retracted_items": [], "supporting_events": ["81a62d11-e199-481f-bc1e-11c4eff2a931"], "truncation_status": "NOT_TRUNCATED", "version": "kl076-mechanical-test-v1"}}, "event": "f69fd55b-9ca3-47d0-8593-68d1696ab8f9", "hash": "d29a338c95047ad8a5cbd25fccd89298df455182a17645dc2db218bc31c23f33", "id": "e992849c-5332-556c-bf42-5edce6985b09", "kind": "full_output", "owner": "ResolveEvidence", "payload": {"action_parameters_hash": "8194b165ac609544d7c59fdf8b67104428844897e8172181508102e379fa6a39", "action_type": "NUTRITION", "attempt_id": "3122f801-86e4-4ec0-9c8d-7d1dfee1c300", "captured_epoch": 1, "consistency": "CONSISTENT", "context_hash": "672ab341f491385dd43314622fb1c434e2c54e61dc2fce6b5e0cbf92554717a7", "contract": "kl079-full-actions-v1", "contradicting_events": [], "coverage": "COMPLETE_FOR_POLICY", "demand_hash": "9c2491bd8d60f16cd9a8fedacd0b5e3bf312329d1d5c5e570e86ff3ddac71a1c", "demand_id": "581462bc-dda0-5e01-947a-94d3e70f9d51", "event_association_status": "CONFIRMED", "facts": [{"admission": "ADMITTED", "admission_hash": "31fd79f440a833590ffdc4156384f1a00ceca1c0a87c8ed7277666e6179da0ed", "admission_id": "09570386-6b3b-4e03-9cd7-41b3a3de770e", "association": "CONFIRMED", "association_hash": "4e77f5e256b86087f5fadd4dce174da5ede40147e1119d62120a9e404df717a5", "association_id": "53ea80c6-d56d-4725-b07b-95b33c455f19", "contradicts": false, "effective_at": "2026-10-01T14:48:58.921682+00:00", "event_id": "81a62d11-e199-481f-bc1e-11c4eff2a931", "exercise": "fixture:cycle", "fact_hash": "265a8044c94c9e635882efcfe7b4236b8e694aa4e9590668da450e85a8fbfbb7", "fact_id": "3bbf1c4f-9b36-47f8-aff6-783310907fbe", "lower_minutes": 10, "policy_id": "72f6905e-4428-4f28-857f-06fc466aa45e", "replaces_slot": "prior-slot", "retracted": false, "scope": "TEST_ONLY", "semantic_class": "ACTUAL_EXECUTION", "subject_id": "a1d18862-3e97-49a3-9a72-b0d63241bdce", "upper_minutes": 10, "valid_until": "2026-10-01T16:48:58.921682+00:00"}], "fitness_hash": "2e8b88940ae7524b5856db751e4045886b42c266b840188eaa3cb7d29686edf4", "fitness_id": "c46d398f-6e87-5634-adf2-120c7e003e70", "id": "e992849c-5332-556c-bf42-5edce6985b09", "kind": "RESOLUTION", "manifest_hash": "12082efd2b42c0caa769883d3a589cc65988a20b924603671c6bd6a0eb453c65", "manifest_id": "db2655b8-3eec-4542-a5ba-7b508cdb06fa", "nutrition_hash": "85c86c50fc12dd280de572001c741d3238780814c976247a61553bf86cebca46", "nutrition_id": "e29af84f-b30f-52a1-8fca-8f195ee8fab7", "policy_hash": "13061b4237cc7429486df5019d6d72c783c6ef586b1787be1b4d8aec32705429", "policy_id": "72f6905e-4428-4f28-857f-06fc466aa45e", "proposal_hash": "85c86c50fc12dd280de572001c741d3238780814c976247a61553bf86cebca46", "proposal_id": "e29af84f-b30f-52a1-8fca-8f195ee8fab7", "query_basis_hash": "cce79562fa3293559b344d1c1fa8d44526daa47e771253afd7b4a57a8b5932fe", "request_id": "9388f090-1e6c-4843-849a-989655515095", "request_revision": 1, "resolution_expires_at": "2026-10-01T16:48:58.921682+00:00", "root_id": "f578d1cf-68c9-4402-ad2c-5ac3a63d5918", "runtime_version": "kl079-full-actions-v1", "snapshot_id": "57c2a4e6-d8c3-4731-a56b-5d64b725a2f7", "source_hash": "258ded82a19deed35b8e2f869f96bdaa19c062295660d2fe9805532b240e5573", "source_id": "5fc73fd0-4490-54ab-b44d-6b2bc3d55367", "source_members": ["09570386-6b3b-4e03-9cd7-41b3a3de770e", "3bbf1c4f-9b36-47f8-aff6-783310907fbe", "53ea80c6-d56d-4725-b07b-95b33c455f19"], "source_ranges": ["2026-09-30T15:48:58.921682+00:00", "2026-10-01T16:48:58.921682+00:00"], "subject_id": "a1d18862-3e97-49a3-9a72-b0d63241bdce", "superseded_or_retracted_items": [], "supporting_events": ["81a62d11-e199-481f-bc1e-11c4eff2a931"], "truncation_status": "NOT_TRUNCATED", "version": "kl076-mechanical-test-v1"}, "receipt": "852b2fe7-14da-4367-bf87-23e5f3747ac8"}
FIXTURE_EVIDENCE {"current_guard_reached": false, "dimension": "missing_resolution", "exception": "GuardRequired", "ingress_passed": false, "kind": "denial", "message": "immutable fixture source identity/hash missing or changed", "zero_effects": true}
.FIXTURE_EVIDENCE {"compose": "kineticloop-kl079-full-949bbd5-90cbd6dddc92", "database": "kineticloop_kl079_full_949bbd5_90cbd6dddc92", "elapsed": 4.577536249998957, "inventory": ["bootstrap_two_phase(selected_lifecycle)", "reset", "start", "destroy"], "kind": "cleanup", "remaining_resources": {"container": "", "network": "", "volume": ""}}
INFO  [alembic.runtime.migration] Context impl PostgresqlImpl.
INFO  [alembic.runtime.migration] Will assume transactional DDL.
INFO  [alembic.runtime.migration] Running upgrade  -> 76fd67f76bd4, frozen S01-S51 baseline
INFO  [alembic.runtime.migration] Context impl PostgresqlImpl.
INFO  [alembic.runtime.migration] Will assume transactional DDL.
INFO  [alembic.runtime.migration] Running upgrade 76fd67f76bd4 -> a3f91c7d2e10, migrated SafetyRegistry integration and role-owner hardening
INFO  [alembic.runtime.migration] Running upgrade a3f91c7d2e10 -> b6e4d8a1c927, trusted artifact registration and bounded dependency admission
INFO  [alembic.runtime.migration] Running upgrade b6e4d8a1c927 -> d4c1a9e7b203, production, test, and evaluation subject namespace isolation
INFO  [alembic.runtime.migration] Running upgrade d4c1a9e7b203 -> e8c2f1a6b904, Materialize frozen S27 active partition uniqueness (legacy PENDING = ADMITTED).
NAMESPACE_PU DatabaseNamespace(project_name='kineticloop-kl079-full-949bbd5-90cbd6dddc92', database_name='kineticloop_kl079_full_949bbd5_90cbd6dddc92') negative_controls=foreign_root,sha,digest,label,ambient,nested_cleanup nested_inventory ['bootstrap_two_phase(selected_lifecycle)', 'destroy']
FIXTURE_EVIDENCE {"bootstrap_elapsed": 3.900717332959175, "compose": "kineticloop-kl079-full-949bbd5-90cbd6dddc92", "database": "kineticloop_kl079_full_949bbd5_90cbd6dddc92", "kind": "namespace", "migration": "e8c2f1a6b904", "nested_routes": ["bootstrap_two_phase(selected_lifecycle)", "reset", "start", "compose/_run", "validate_current_database_before_every_source/owner/reset", "finally_destroy"], "resolved_root": "/Users/davetian/.codex/worktrees/685e/KineticLoop", "tested_commit": "949bbd530061ecb3644998719fe998f86cad999e"}
FIXTURE_EVIDENCE {"hash": "47141293664d61f6dffde2ef2550b381be3062798b82a38a2f890be50e3c8f8a", "id": "1faf26ef-07fb-43a6-b247-c922e08e2ad4", "immutable_dependencies": ["15909211-2608-428e-9740-503000b96f0f", "5d1019e3-826d-461a-b6da-6fcc7fb8750e"], "kind": "runtime_registration", "owner": "SafetyRegistry.RegisterArtifact", "version": "kl079-full-actions-v1"}
FIXTURE_EVIDENCE {"epoch": 1, "factset": "ac047585-26fa-51ae-9c65-60b23b7f2b0e", "kind": "upstream", "membership_digest": "43e7fb460f674e420fee2b5dade245dcfc059385c450a03435e093af26224d75", "projection": {"dependency_ids": ["19b41476-6176-5ded-ba0b-a0c694bfc4e5", "3ade49db-e8d1-5da2-b8bc-f1006c5cf72b", "582cadc6-6941-5f6e-9456-fb2bb7121436", "69621e67-a192-5bf0-885b-7bfd0009218c", "a5e0dca2-aebf-5c38-b923-7292b6520d20", "b150f4e7-86ae-5386-93be-d6838fb397f1"], "executable": false, "input_basis_hash": "9b5a13378fa9f589d944cdeb14d64f5d1497363a800ac949ec93a82a534912ad", "projection_id": "a57d6636-e180-51ef-b958-1a2efd548e4c", "revision": 1}, "publication": {"event_id": "36687653-ac99-4f5c-b849-306e0b32d2bf", "executable": false, "generation": 1, "manifest_id": "ec5e9863-80ea-4fa8-9521-f3dcebe5977f", "receipt_id": "e30fa006-81b1-482a-a815-c760758e342c", "replayed": false}, "ready": {"artifact_dependency_closure_hash": "5e3c4706edef1f856d1b5cde92d2ce65b0ef0c57c608085b0c0078db2e2a5dd6", "build_id": "af3329ef-dc68-5ccd-8f88-1cdb7f7b2a2b", "dependency_basis_hash": "e8683a12bdb7c0874a061dd64382f0ba0b1f7eba36d26dd7c6fcc1b190bc1307", "executable": false, "manifest_hash": "ffe582ffc79633841aaf0989eebe0ccaf1001c2792f3e52a50b10010ad9e737d", "status": "READY"}, "subject": "1f63c870-976a-42f8-a856-5c7d38d32717"}
FIXTURE_EVIDENCE {"accepted_at": "2026-10-01 15:49:04.869168+00:00", "columns": {"action_parameters_hash": "f863709ebb1218374d5c57e23c2de587f9f616ac436ec20eb3d2f983ed1bb000", "action_type": "TRAINING", "content_hash": "f99886ea398f3c522a98a002039fa9c5aba37af44e33fd6658a15a5def36ae64", "content_schema_version": 1, "effective_at": null, "hash_scheme_version": 1, "id": "aa2e8cfd-cf1d-55ff-a22f-c6fc8550f33a", "known_at": null, "query_basis_hash": "95b49df619d68d8c1a80f127515589f09c22f25b4dfd2b1b30dc39f59fef222f", "recorded_at": "2026-10-01T15:49:04.864907+00:00", "ref_s05_id": "ad72d25b-b1a7-45b2-99b7-a2989f72d8ec", "ref_s09_id": null, "ref_s12_id": null, "ref_s14_id": null, "ref_s24_id": "ec5e9863-80ea-4fa8-9521-f3dcebe5977f", "resolution_expires_at": "2026-10-01T16:49:04.45316+00:00", "resolver_version": "kl079-full-actions-v1", "revision": 1, "status": null, "subject_id": "1f63c870-976a-42f8-a856-5c7d38d32717", "typed_payload": {"action_parameters_hash": "f863709ebb1218374d5c57e23c2de587f9f616ac436ec20eb3d2f983ed1bb000", "action_type": "TRAINING", "attempt_id": "96a5d9a5-d939-4965-9613-cac935f63a31", "captured_epoch": 1, "consistency": "CONSISTENT", "context_hash": "954c21b14adf8abc92e9c28f91458bab9d9ec347c537f664aa4f20d64f968b2f", "contract": "kl079-full-actions-v1", "contradicting_events": [], "coverage": "COMPLETE_FOR_POLICY", "demand_hash": "40b25b85ff86830595fe5119b70f171756271f5caaf94e77162b0262adf63a75", "demand_id": "46b6ce65-f264-56d0-bfc3-2d64219f6f0d", "event_association_status": "CONFIRMED", "facts": [{"admission": "ADMITTED", "admission_hash": "b54d2c97bc49ea1ac6db725e7eda09bb6925486a124efef23f4d29ce38fe091c", "admission_id": "5e55582b-7926-447f-8627-7dc63cd64d7d", "association": "CONFIRMED", "association_hash": "8e909c00dffe73e11cef046332b3bfc5c23fbff2b3ce5220498adf02351ac520", "association_id": "721ed02a-44d7-4db3-9d77-8226043bad04", "contradicts": false, "effective_at": "2026-10-01T14:49:04.45316+00:00", "event_id": "1a17c2f0-4529-43a6-87a5-721631e4f0bd", "exercise": "fixture:cycle", "fact_hash": "3f0fcaf1e83279efb57108fe97ccd40abd08dca0e8e450e9fbe9435bdeb38712", "fact_id": "e2fb8363-49b4-423d-b95f-58e7aeab38e3", "lower_minutes": 10, "policy_id": "ad72d25b-b1a7-45b2-99b7-a2989f72d8ec", "replaces_slot": "prior-slot", "retracted": false, "scope": "TEST_ONLY", "semantic_class": "ACTUAL_EXECUTION", "subject_id": "1f63c870-976a-42f8-a856-5c7d38d32717", "upper_minutes": 10, "valid_until": "2026-10-01T16:49:04.453160+00:00"}], "fitness_hash": "8f4e8095590c7c52fabf77e42a96b2c9beca4ff58755bf29e7a6a270256a5779", "fitness_id": "f350bb68-bdba-57df-bf94-20ee08846ba9", "id": "aa2e8cfd-cf1d-55ff-a22f-c6fc8550f33a", "kind": "RESOLUTION", "manifest_hash": "ffe582ffc79633841aaf0989eebe0ccaf1001c2792f3e52a50b10010ad9e737d", "manifest_id": "ec5e9863-80ea-4fa8-9521-f3dcebe5977f", "nutrition_hash": "f4676f69414163844a98d7dc7eefea2aa64fe131363ea5b5f62d063c54c6aa4f", "nutrition_id": "85c093aa-efa0-5dd4-91a6-e422cfb8f71b", "policy_hash": "5c517472858fb9348a5520e4bb7ca0f75e405a01ad368af55d56d432b88f735f", "policy_id": "ad72d25b-b1a7-45b2-99b7-a2989f72d8ec", "proposal_hash": "8f4e8095590c7c52fabf77e42a96b2c9beca4ff58755bf29e7a6a270256a5779", "proposal_id": "f350bb68-bdba-57df-bf94-20ee08846ba9", "query_basis_hash": "95b49df619d68d8c1a80f127515589f09c22f25b4dfd2b1b30dc39f59fef222f", "request_id": "9230ebba-5e96-4a4e-a362-632714df251e", "request_revision": 1, "resolution_expires_at": "2026-10-01T16:49:04.453160+00:00", "root_id": "caeb6f8a-275f-4f73-8217-94e91e540b42", "runtime_version": "kl079-full-actions-v1", "snapshot_id": "e1aca439-a82f-463e-9743-c90cc7ff0a0c", "source_hash": "5b8830f5666f759c08bc7ac3e1f8678c1958ed750b19a575c2e3e170402bebeb", "source_id": "ac047585-26fa-51ae-9c65-60b23b7f2b0e", "source_members": ["5e55582b-7926-447f-8627-7dc63cd64d7d", "721ed02a-44d7-4db3-9d77-8226043bad04", "e2fb8363-49b4-423d-b95f-58e7aeab38e3"], "source_ranges": ["2026-09-30T15:49:04.453160+00:00", "2026-10-01T16:49:04.453160+00:00"], "subject_id": "1f63c870-976a-42f8-a856-5c7d38d32717", "superseded_or_retracted_items": [], "supporting_events": ["1a17c2f0-4529-43a6-87a5-721631e4f0bd"], "truncation_status": "NOT_TRUNCATED", "version": "kl076-mechanical-test-v1"}}, "event": "8f567fbd-7155-4daf-8c2d-e1dd32a32ca3", "hash": "f99886ea398f3c522a98a002039fa9c5aba37af44e33fd6658a15a5def36ae64", "id": "aa2e8cfd-cf1d-55ff-a22f-c6fc8550f33a", "kind": "full_output", "owner": "ResolveEvidence", "payload": {"action_parameters_hash": "f863709ebb1218374d5c57e23c2de587f9f616ac436ec20eb3d2f983ed1bb000", "action_type": "TRAINING", "attempt_id": "96a5d9a5-d939-4965-9613-cac935f63a31", "captured_epoch": 1, "consistency": "CONSISTENT", "context_hash": "954c21b14adf8abc92e9c28f91458bab9d9ec347c537f664aa4f20d64f968b2f", "contract": "kl079-full-actions-v1", "contradicting_events": [], "coverage": "COMPLETE_FOR_POLICY", "demand_hash": "40b25b85ff86830595fe5119b70f171756271f5caaf94e77162b0262adf63a75", "demand_id": "46b6ce65-f264-56d0-bfc3-2d64219f6f0d", "event_association_status": "CONFIRMED", "facts": [{"admission": "ADMITTED", "admission_hash": "b54d2c97bc49ea1ac6db725e7eda09bb6925486a124efef23f4d29ce38fe091c", "admission_id": "5e55582b-7926-447f-8627-7dc63cd64d7d", "association": "CONFIRMED", "association_hash": "8e909c00dffe73e11cef046332b3bfc5c23fbff2b3ce5220498adf02351ac520", "association_id": "721ed02a-44d7-4db3-9d77-8226043bad04", "contradicts": false, "effective_at": "2026-10-01T14:49:04.45316+00:00", "event_id": "1a17c2f0-4529-43a6-87a5-721631e4f0bd", "exercise": "fixture:cycle", "fact_hash": "3f0fcaf1e83279efb57108fe97ccd40abd08dca0e8e450e9fbe9435bdeb38712", "fact_id": "e2fb8363-49b4-423d-b95f-58e7aeab38e3", "lower_minutes": 10, "policy_id": "ad72d25b-b1a7-45b2-99b7-a2989f72d8ec", "replaces_slot": "prior-slot", "retracted": false, "scope": "TEST_ONLY", "semantic_class": "ACTUAL_EXECUTION", "subject_id": "1f63c870-976a-42f8-a856-5c7d38d32717", "upper_minutes": 10, "valid_until": "2026-10-01T16:49:04.453160+00:00"}], "fitness_hash": "8f4e8095590c7c52fabf77e42a96b2c9beca4ff58755bf29e7a6a270256a5779", "fitness_id": "f350bb68-bdba-57df-bf94-20ee08846ba9", "id": "aa2e8cfd-cf1d-55ff-a22f-c6fc8550f33a", "kind": "RESOLUTION", "manifest_hash": "ffe582ffc79633841aaf0989eebe0ccaf1001c2792f3e52a50b10010ad9e737d", "manifest_id": "ec5e9863-80ea-4fa8-9521-f3dcebe5977f", "nutrition_hash": "f4676f69414163844a98d7dc7eefea2aa64fe131363ea5b5f62d063c54c6aa4f", "nutrition_id": "85c093aa-efa0-5dd4-91a6-e422cfb8f71b", "policy_hash": "5c517472858fb9348a5520e4bb7ca0f75e405a01ad368af55d56d432b88f735f", "policy_id": "ad72d25b-b1a7-45b2-99b7-a2989f72d8ec", "proposal_hash": "8f4e8095590c7c52fabf77e42a96b2c9beca4ff58755bf29e7a6a270256a5779", "proposal_id": "f350bb68-bdba-57df-bf94-20ee08846ba9", "query_basis_hash": "95b49df619d68d8c1a80f127515589f09c22f25b4dfd2b1b30dc39f59fef222f", "request_id": "9230ebba-5e96-4a4e-a362-632714df251e", "request_revision": 1, "resolution_expires_at": "2026-10-01T16:49:04.453160+00:00", "root_id": "caeb6f8a-275f-4f73-8217-94e91e540b42", "runtime_version": "kl079-full-actions-v1", "snapshot_id": "e1aca439-a82f-463e-9743-c90cc7ff0a0c", "source_hash": "5b8830f5666f759c08bc7ac3e1f8678c1958ed750b19a575c2e3e170402bebeb", "source_id": "ac047585-26fa-51ae-9c65-60b23b7f2b0e", "source_members": ["5e55582b-7926-447f-8627-7dc63cd64d7d", "721ed02a-44d7-4db3-9d77-8226043bad04", "e2fb8363-49b4-423d-b95f-58e7aeab38e3"], "source_ranges": ["2026-09-30T15:49:04.453160+00:00", "2026-10-01T16:49:04.453160+00:00"], "subject_id": "1f63c870-976a-42f8-a856-5c7d38d32717", "superseded_or_retracted_items": [], "supporting_events": ["1a17c2f0-4529-43a6-87a5-721631e4f0bd"], "truncation_status": "NOT_TRUNCATED", "version": "kl076-mechanical-test-v1"}, "receipt": "071d1c21-3ced-449f-b5e2-bcde5c13fb58"}
FIXTURE_EVIDENCE {"accepted_at": "2026-10-01 15:49:04.897711+00:00", "columns": {"action_parameters_hash": "8194b165ac609544d7c59fdf8b67104428844897e8172181508102e379fa6a39", "action_type": "NUTRITION", "content_hash": "9683bdd07c07b9fe3fd1793a817d2843945de1b99e114cb82f92b36e1f2f166f", "content_schema_version": 1, "effective_at": null, "hash_scheme_version": 1, "id": "b6336362-2acc-54e0-8c63-9838c73a55ad", "known_at": null, "query_basis_hash": "904b2570ae1cdd5dfe34ee7591de2b28da58cebdfd180bfc6be77133539e7b93", "recorded_at": "2026-10-01T15:49:04.894329+00:00", "ref_s05_id": "ad72d25b-b1a7-45b2-99b7-a2989f72d8ec", "ref_s09_id": null, "ref_s12_id": null, "ref_s14_id": null, "ref_s24_id": "ec5e9863-80ea-4fa8-9521-f3dcebe5977f", "resolution_expires_at": "2026-10-01T16:49:04.45316+00:00", "resolver_version": "kl079-full-actions-v1", "revision": 1, "status": null, "subject_id": "1f63c870-976a-42f8-a856-5c7d38d32717", "typed_payload": {"action_parameters_hash": "8194b165ac609544d7c59fdf8b67104428844897e8172181508102e379fa6a39", "action_type": "NUTRITION", "attempt_id": "96a5d9a5-d939-4965-9613-cac935f63a31", "captured_epoch": 1, "consistency": "CONSISTENT", "context_hash": "954c21b14adf8abc92e9c28f91458bab9d9ec347c537f664aa4f20d64f968b2f", "contract": "kl079-full-actions-v1", "contradicting_events": [], "coverage": "COMPLETE_FOR_POLICY", "demand_hash": "40b25b85ff86830595fe5119b70f171756271f5caaf94e77162b0262adf63a75", "demand_id": "46b6ce65-f264-56d0-bfc3-2d64219f6f0d", "event_association_status": "CONFIRMED", "facts": [{"admission": "ADMITTED", "admission_hash": "b54d2c97bc49ea1ac6db725e7eda09bb6925486a124efef23f4d29ce38fe091c", "admission_id": "5e55582b-7926-447f-8627-7dc63cd64d7d", "association": "CONFIRMED", "association_hash": "8e909c00dffe73e11cef046332b3bfc5c23fbff2b3ce5220498adf02351ac520", "association_id": "721ed02a-44d7-4db3-9d77-8226043bad04", "contradicts": false, "effective_at": "2026-10-01T14:49:04.45316+00:00", "event_id": "1a17c2f0-4529-43a6-87a5-721631e4f0bd", "exercise": "fixture:cycle", "fact_hash": "3f0fcaf1e83279efb57108fe97ccd40abd08dca0e8e450e9fbe9435bdeb38712", "fact_id": "e2fb8363-49b4-423d-b95f-58e7aeab38e3", "lower_minutes": 10, "policy_id": "ad72d25b-b1a7-45b2-99b7-a2989f72d8ec", "replaces_slot": "prior-slot", "retracted": false, "scope": "TEST_ONLY", "semantic_class": "ACTUAL_EXECUTION", "subject_id": "1f63c870-976a-42f8-a856-5c7d38d32717", "upper_minutes": 10, "valid_until": "2026-10-01T16:49:04.453160+00:00"}], "fitness_hash": "8f4e8095590c7c52fabf77e42a96b2c9beca4ff58755bf29e7a6a270256a5779", "fitness_id": "f350bb68-bdba-57df-bf94-20ee08846ba9", "id": "b6336362-2acc-54e0-8c63-9838c73a55ad", "kind": "RESOLUTION", "manifest_hash": "ffe582ffc79633841aaf0989eebe0ccaf1001c2792f3e52a50b10010ad9e737d", "manifest_id": "ec5e9863-80ea-4fa8-9521-f3dcebe5977f", "nutrition_hash": "f4676f69414163844a98d7dc7eefea2aa64fe131363ea5b5f62d063c54c6aa4f", "nutrition_id": "85c093aa-efa0-5dd4-91a6-e422cfb8f71b", "policy_hash": "5c517472858fb9348a5520e4bb7ca0f75e405a01ad368af55d56d432b88f735f", "policy_id": "ad72d25b-b1a7-45b2-99b7-a2989f72d8ec", "proposal_hash": "f4676f69414163844a98d7dc7eefea2aa64fe131363ea5b5f62d063c54c6aa4f", "proposal_id": "85c093aa-efa0-5dd4-91a6-e422cfb8f71b", "query_basis_hash": "904b2570ae1cdd5dfe34ee7591de2b28da58cebdfd180bfc6be77133539e7b93", "request_id": "9230ebba-5e96-4a4e-a362-632714df251e", "request_revision": 1, "resolution_expires_at": "2026-10-01T16:49:04.453160+00:00", "root_id": "caeb6f8a-275f-4f73-8217-94e91e540b42", "runtime_version": "kl079-full-actions-v1", "snapshot_id": "e1aca439-a82f-463e-9743-c90cc7ff0a0c", "source_hash": "5b8830f5666f759c08bc7ac3e1f8678c1958ed750b19a575c2e3e170402bebeb", "source_id": "ac047585-26fa-51ae-9c65-60b23b7f2b0e", "source_members": ["5e55582b-7926-447f-8627-7dc63cd64d7d", "721ed02a-44d7-4db3-9d77-8226043bad04", "e2fb8363-49b4-423d-b95f-58e7aeab38e3"], "source_ranges": ["2026-09-30T15:49:04.453160+00:00", "2026-10-01T16:49:04.453160+00:00"], "subject_id": "1f63c870-976a-42f8-a856-5c7d38d32717", "superseded_or_retracted_items": [], "supporting_events": ["1a17c2f0-4529-43a6-87a5-721631e4f0bd"], "truncation_status": "NOT_TRUNCATED", "version": "kl076-mechanical-test-v1"}}, "event": "039d5e33-184e-42bd-a473-54e32d5afa59", "hash": "9683bdd07c07b9fe3fd1793a817d2843945de1b99e114cb82f92b36e1f2f166f", "id": "b6336362-2acc-54e0-8c63-9838c73a55ad", "kind": "full_output", "owner": "ResolveEvidence", "payload": {"action_parameters_hash": "8194b165ac609544d7c59fdf8b67104428844897e8172181508102e379fa6a39", "action_type": "NUTRITION", "attempt_id": "96a5d9a5-d939-4965-9613-cac935f63a31", "captured_epoch": 1, "consistency": "CONSISTENT", "context_hash": "954c21b14adf8abc92e9c28f91458bab9d9ec347c537f664aa4f20d64f968b2f", "contract": "kl079-full-actions-v1", "contradicting_events": [], "coverage": "COMPLETE_FOR_POLICY", "demand_hash": "40b25b85ff86830595fe5119b70f171756271f5caaf94e77162b0262adf63a75", "demand_id": "46b6ce65-f264-56d0-bfc3-2d64219f6f0d", "event_association_status": "CONFIRMED", "facts": [{"admission": "ADMITTED", "admission_hash": "b54d2c97bc49ea1ac6db725e7eda09bb6925486a124efef23f4d29ce38fe091c", "admission_id": "5e55582b-7926-447f-8627-7dc63cd64d7d", "association": "CONFIRMED", "association_hash": "8e909c00dffe73e11cef046332b3bfc5c23fbff2b3ce5220498adf02351ac520", "association_id": "721ed02a-44d7-4db3-9d77-8226043bad04", "contradicts": false, "effective_at": "2026-10-01T14:49:04.45316+00:00", "event_id": "1a17c2f0-4529-43a6-87a5-721631e4f0bd", "exercise": "fixture:cycle", "fact_hash": "3f0fcaf1e83279efb57108fe97ccd40abd08dca0e8e450e9fbe9435bdeb38712", "fact_id": "e2fb8363-49b4-423d-b95f-58e7aeab38e3", "lower_minutes": 10, "policy_id": "ad72d25b-b1a7-45b2-99b7-a2989f72d8ec", "replaces_slot": "prior-slot", "retracted": false, "scope": "TEST_ONLY", "semantic_class": "ACTUAL_EXECUTION", "subject_id": "1f63c870-976a-42f8-a856-5c7d38d32717", "upper_minutes": 10, "valid_until": "2026-10-01T16:49:04.453160+00:00"}], "fitness_hash": "8f4e8095590c7c52fabf77e42a96b2c9beca4ff58755bf29e7a6a270256a5779", "fitness_id": "f350bb68-bdba-57df-bf94-20ee08846ba9", "id": "b6336362-2acc-54e0-8c63-9838c73a55ad", "kind": "RESOLUTION", "manifest_hash": "ffe582ffc79633841aaf0989eebe0ccaf1001c2792f3e52a50b10010ad9e737d", "manifest_id": "ec5e9863-80ea-4fa8-9521-f3dcebe5977f", "nutrition_hash": "f4676f69414163844a98d7dc7eefea2aa64fe131363ea5b5f62d063c54c6aa4f", "nutrition_id": "85c093aa-efa0-5dd4-91a6-e422cfb8f71b", "policy_hash": "5c517472858fb9348a5520e4bb7ca0f75e405a01ad368af55d56d432b88f735f", "policy_id": "ad72d25b-b1a7-45b2-99b7-a2989f72d8ec", "proposal_hash": "f4676f69414163844a98d7dc7eefea2aa64fe131363ea5b5f62d063c54c6aa4f", "proposal_id": "85c093aa-efa0-5dd4-91a6-e422cfb8f71b", "query_basis_hash": "904b2570ae1cdd5dfe34ee7591de2b28da58cebdfd180bfc6be77133539e7b93", "request_id": "9230ebba-5e96-4a4e-a362-632714df251e", "request_revision": 1, "resolution_expires_at": "2026-10-01T16:49:04.453160+00:00", "root_id": "caeb6f8a-275f-4f73-8217-94e91e540b42", "runtime_version": "kl079-full-actions-v1", "snapshot_id": "e1aca439-a82f-463e-9743-c90cc7ff0a0c", "source_hash": "5b8830f5666f759c08bc7ac3e1f8678c1958ed750b19a575c2e3e170402bebeb", "source_id": "ac047585-26fa-51ae-9c65-60b23b7f2b0e", "source_members": ["5e55582b-7926-447f-8627-7dc63cd64d7d", "721ed02a-44d7-4db3-9d77-8226043bad04", "e2fb8363-49b4-423d-b95f-58e7aeab38e3"], "source_ranges": ["2026-09-30T15:49:04.453160+00:00", "2026-10-01T16:49:04.453160+00:00"], "subject_id": "1f63c870-976a-42f8-a856-5c7d38d32717", "superseded_or_retracted_items": [], "supporting_events": ["1a17c2f0-4529-43a6-87a5-721631e4f0bd"], "truncation_status": "NOT_TRUNCATED", "version": "kl076-mechanical-test-v1"}, "receipt": "4c3c62ed-948c-4a25-be20-c05c49aec010"}
FIXTURE_EVIDENCE {"current_guard_reached": false, "dimension": "duplicate_resolution", "exception": "GuardRequired", "ingress_passed": false, "kind": "denial", "message": "exact owner-verified full S36 columns and source reconstruction required", "zero_effects": true}
.FIXTURE_EVIDENCE {"compose": "kineticloop-kl079-full-949bbd5-90cbd6dddc92", "database": "kineticloop_kl079_full_949bbd5_90cbd6dddc92", "elapsed": 4.939771167002618, "inventory": ["bootstrap_two_phase(selected_lifecycle)", "reset", "start", "destroy"], "kind": "cleanup", "remaining_resources": {"container": "", "network": "", "volume": ""}}
INFO  [alembic.runtime.migration] Context impl PostgresqlImpl.
INFO  [alembic.runtime.migration] Will assume transactional DDL.
INFO  [alembic.runtime.migration] Running upgrade  -> 76fd67f76bd4, frozen S01-S51 baseline
INFO  [alembic.runtime.migration] Context impl PostgresqlImpl.
INFO  [alembic.runtime.migration] Will assume transactional DDL.
INFO  [alembic.runtime.migration] Running upgrade 76fd67f76bd4 -> a3f91c7d2e10, migrated SafetyRegistry integration and role-owner hardening
INFO  [alembic.runtime.migration] Running upgrade a3f91c7d2e10 -> b6e4d8a1c927, trusted artifact registration and bounded dependency admission
INFO  [alembic.runtime.migration] Running upgrade b6e4d8a1c927 -> d4c1a9e7b203, production, test, and evaluation subject namespace isolation
INFO  [alembic.runtime.migration] Running upgrade d4c1a9e7b203 -> e8c2f1a6b904, Materialize frozen S27 active partition uniqueness (legacy PENDING = ADMITTED).
NAMESPACE_PU DatabaseNamespace(project_name='kineticloop-kl079-full-949bbd5-90cbd6dddc92', database_name='kineticloop_kl079_full_949bbd5_90cbd6dddc92') negative_controls=foreign_root,sha,digest,label,ambient,nested_cleanup nested_inventory ['bootstrap_two_phase(selected_lifecycle)', 'destroy']
FIXTURE_EVIDENCE {"bootstrap_elapsed": 3.9538138331845403, "compose": "kineticloop-kl079-full-949bbd5-90cbd6dddc92", "database": "kineticloop_kl079_full_949bbd5_90cbd6dddc92", "kind": "namespace", "migration": "e8c2f1a6b904", "nested_routes": ["bootstrap_two_phase(selected_lifecycle)", "reset", "start", "compose/_run", "validate_current_database_before_every_source/owner/reset", "finally_destroy"], "resolved_root": "/Users/davetian/.codex/worktrees/685e/KineticLoop", "tested_commit": "949bbd530061ecb3644998719fe998f86cad999e"}
FIXTURE_EVIDENCE {"hash": "47141293664d61f6dffde2ef2550b381be3062798b82a38a2f890be50e3c8f8a", "id": "112d5bc1-8116-4757-8099-ba31bcdcfc05", "immutable_dependencies": ["d4a363fb-9430-43b6-a572-31e3eb4924ce", "2febea01-52ea-4f0e-b8e3-a8d52567dba6"], "kind": "runtime_registration", "owner": "SafetyRegistry.RegisterArtifact", "version": "kl079-full-actions-v1"}
FIXTURE_EVIDENCE {"epoch": 1, "factset": "f5766a95-6a7f-53b6-90ac-19cb79c8eb8c", "kind": "upstream", "membership_digest": "73c13c0d6e62bf3efabd678c8cb95c1057a467b00f3fc6a5cd939e6fe231974e", "projection": {"dependency_ids": ["0ce3aa84-6f40-5876-a643-308348765ac7", "1c9e823b-f0ed-58e6-972a-a2b6d1264bf8", "5be8132f-09ce-564f-9e26-090ea73db2af", "6c288b60-5f9a-5db6-b13f-f1f3501f0c3f", "a6f09237-523f-592d-a97a-2af01a45e2d9", "df200363-75f4-5c12-b8cf-e0339d8d8f7d"], "executable": false, "input_basis_hash": "9cb4bda55d275604d7ba04f0ad2f1b802f9fdffde8a2adee5cfb999968daf354", "projection_id": "da566d46-4523-5781-b9b1-b6106322a4d0", "revision": 1}, "publication": {"event_id": "51702826-ca16-4c57-a6c6-19c95f41ae67", "executable": false, "generation": 1, "manifest_id": "3e6870c3-c3a5-498e-86c2-77c78879dc61", "receipt_id": "bb2c6199-8668-4d60-96bd-666be6c423b7", "replayed": false}, "ready": {"artifact_dependency_closure_hash": "ab5002c81572665303f474004c0258d24779fa9d23e9dfe4b06f498782950773", "build_id": "0c491d44-6c3d-5539-8bf8-d284be320c31", "dependency_basis_hash": "f66963f3dca24cea2791f2bf91bb2c80b460c7bbf0f77efa06373179891686aa", "executable": false, "manifest_hash": "2293b71f2e305ffb576ee4ee0dd646a7bdd390e8e036f10634d60a1a26c6c9fd", "status": "READY"}, "subject": "52efbd70-5032-4bac-9458-7e38f5ec1d9e"}
FIXTURE_EVIDENCE {"accepted_at": "2026-10-01 15:49:10.452606+00:00", "columns": {"action_parameters_hash": "f863709ebb1218374d5c57e23c2de587f9f616ac436ec20eb3d2f983ed1bb000", "action_type": "TRAINING", "content_hash": "a7882289cb9b372134b6f9eca0fbfdf2713b04ec79b86ddbf595cf4f6723ffd2", "content_schema_version": 1, "effective_at": null, "hash_scheme_version": 1, "id": "aaedf7b6-a2ee-50e8-95a8-602d044160c8", "known_at": null, "query_basis_hash": "2db4578bbc7cba1f324caedde91d92e23c54b7141f7647713e4b127761836a53", "recorded_at": "2026-10-01T15:49:10.445327+00:00", "ref_s05_id": "00573caa-4179-4ec7-8dfa-886a1c6a57fc", "ref_s09_id": null, "ref_s12_id": null, "ref_s14_id": null, "ref_s24_id": "3e6870c3-c3a5-498e-86c2-77c78879dc61", "resolution_expires_at": "2026-10-01T16:49:10.033298+00:00", "resolver_version": "kl079-full-actions-v1", "revision": 1, "status": null, "subject_id": "52efbd70-5032-4bac-9458-7e38f5ec1d9e", "typed_payload": {"action_parameters_hash": "f863709ebb1218374d5c57e23c2de587f9f616ac436ec20eb3d2f983ed1bb000", "action_type": "TRAINING", "attempt_id": "89f0aa7f-dfa2-46c4-b338-5af2776837df", "captured_epoch": 1, "consistency": "CONSISTENT", "context_hash": "12d978eb81ea12d95569c11822240853646614d12fd64f1f018259d424cd60ab", "contract": "kl079-full-actions-v1", "contradicting_events": [], "coverage": "COMPLETE_FOR_POLICY", "demand_hash": "63b49282ebba79c20172f0e3d979bbad19e2034f7737db941ac1e9cd66b8d837", "demand_id": "dd972f71-72a9-5ecc-85d6-4fce24648401", "event_association_status": "CONFIRMED", "facts": [{"admission": "ADMITTED", "admission_hash": "950d7557dcc014a00ea8818ba27333028c0f6dba9cb87ec45946b1d8d6730a98", "admission_id": "49a11d5e-181d-495c-874b-e03055428019", "association": "CONFIRMED", "association_hash": "e23551b0186315f2bf0215ab884d21da6f653915c776274d9c3254853cd88163", "association_id": "76119a12-3aa3-4c39-9e75-54be0697be72", "contradicts": false, "effective_at": "2026-10-01T14:49:10.033298+00:00", "event_id": "b22f789d-5692-48fb-8206-45b908cc45ce", "exercise": "fixture:cycle", "fact_hash": "01f6bf9a4e9c054ecc1723806cb529af09397929bb6fd4afd1f1549b3808c383", "fact_id": "d167fa87-d9f1-4b1b-b9eb-9134475ddee4", "lower_minutes": 10, "policy_id": "00573caa-4179-4ec7-8dfa-886a1c6a57fc", "replaces_slot": "prior-slot", "retracted": false, "scope": "TEST_ONLY", "semantic_class": "ACTUAL_EXECUTION", "subject_id": "52efbd70-5032-4bac-9458-7e38f5ec1d9e", "upper_minutes": 10, "valid_until": "2026-10-01T16:49:10.033298+00:00"}], "fitness_hash": "eb21869e9dab765b453e6df97391cc38d44ffe905190cbfbb07425cd8993ed6a", "fitness_id": "d5f73968-dad0-5d29-b534-3f8b949fd674", "id": "aaedf7b6-a2ee-50e8-95a8-602d044160c8", "kind": "RESOLUTION", "manifest_hash": "2293b71f2e305ffb576ee4ee0dd646a7bdd390e8e036f10634d60a1a26c6c9fd", "manifest_id": "3e6870c3-c3a5-498e-86c2-77c78879dc61", "nutrition_hash": "1029bd6515d9c2c56a4047459bf0bd6da97e5d449b798c86085a7d067f933462", "nutrition_id": "a2f16339-f438-51fe-b252-d4298237907d", "policy_hash": "1bd69b239e069682e093062e603243354aac13d967aceac065ee0e213d0de2ef", "policy_id": "00573caa-4179-4ec7-8dfa-886a1c6a57fc", "proposal_hash": "eb21869e9dab765b453e6df97391cc38d44ffe905190cbfbb07425cd8993ed6a", "proposal_id": "d5f73968-dad0-5d29-b534-3f8b949fd674", "query_basis_hash": "2db4578bbc7cba1f324caedde91d92e23c54b7141f7647713e4b127761836a53", "request_id": "adb34106-62cf-471d-8c29-950f41d02928", "request_revision": 1, "resolution_expires_at": "2026-10-01T16:49:10.033298+00:00", "root_id": "144c264b-144f-4b20-bfd2-70485b6e16a5", "runtime_version": "kl079-full-actions-v1", "snapshot_id": "9adc7ef1-faa2-49e4-a78d-49fc32f085fd", "source_hash": "1e20edd8e7c2f19bebdeb5bc368373b5c7ec0ea4ce8e40bc3a0ec319d8e01dea", "source_id": "f5766a95-6a7f-53b6-90ac-19cb79c8eb8c", "source_members": ["49a11d5e-181d-495c-874b-e03055428019", "76119a12-3aa3-4c39-9e75-54be0697be72", "d167fa87-d9f1-4b1b-b9eb-9134475ddee4"], "source_ranges": ["2026-09-30T15:49:10.033298+00:00", "2026-10-01T16:49:10.033298+00:00"], "subject_id": "52efbd70-5032-4bac-9458-7e38f5ec1d9e", "superseded_or_retracted_items": [], "supporting_events": ["b22f789d-5692-48fb-8206-45b908cc45ce"], "truncation_status": "NOT_TRUNCATED", "version": "kl076-mechanical-test-v1"}}, "event": "6fdc7b6a-c60d-40b3-ae81-e67deb1014ef", "hash": "a7882289cb9b372134b6f9eca0fbfdf2713b04ec79b86ddbf595cf4f6723ffd2", "id": "aaedf7b6-a2ee-50e8-95a8-602d044160c8", "kind": "full_output", "owner": "ResolveEvidence", "payload": {"action_parameters_hash": "f863709ebb1218374d5c57e23c2de587f9f616ac436ec20eb3d2f983ed1bb000", "action_type": "TRAINING", "attempt_id": "89f0aa7f-dfa2-46c4-b338-5af2776837df", "captured_epoch": 1, "consistency": "CONSISTENT", "context_hash": "12d978eb81ea12d95569c11822240853646614d12fd64f1f018259d424cd60ab", "contract": "kl079-full-actions-v1", "contradicting_events": [], "coverage": "COMPLETE_FOR_POLICY", "demand_hash": "63b49282ebba79c20172f0e3d979bbad19e2034f7737db941ac1e9cd66b8d837", "demand_id": "dd972f71-72a9-5ecc-85d6-4fce24648401", "event_association_status": "CONFIRMED", "facts": [{"admission": "ADMITTED", "admission_hash": "950d7557dcc014a00ea8818ba27333028c0f6dba9cb87ec45946b1d8d6730a98", "admission_id": "49a11d5e-181d-495c-874b-e03055428019", "association": "CONFIRMED", "association_hash": "e23551b0186315f2bf0215ab884d21da6f653915c776274d9c3254853cd88163", "association_id": "76119a12-3aa3-4c39-9e75-54be0697be72", "contradicts": false, "effective_at": "2026-10-01T14:49:10.033298+00:00", "event_id": "b22f789d-5692-48fb-8206-45b908cc45ce", "exercise": "fixture:cycle", "fact_hash": "01f6bf9a4e9c054ecc1723806cb529af09397929bb6fd4afd1f1549b3808c383", "fact_id": "d167fa87-d9f1-4b1b-b9eb-9134475ddee4", "lower_minutes": 10, "policy_id": "00573caa-4179-4ec7-8dfa-886a1c6a57fc", "replaces_slot": "prior-slot", "retracted": false, "scope": "TEST_ONLY", "semantic_class": "ACTUAL_EXECUTION", "subject_id": "52efbd70-5032-4bac-9458-7e38f5ec1d9e", "upper_minutes": 10, "valid_until": "2026-10-01T16:49:10.033298+00:00"}], "fitness_hash": "eb21869e9dab765b453e6df97391cc38d44ffe905190cbfbb07425cd8993ed6a", "fitness_id": "d5f73968-dad0-5d29-b534-3f8b949fd674", "id": "aaedf7b6-a2ee-50e8-95a8-602d044160c8", "kind": "RESOLUTION", "manifest_hash": "2293b71f2e305ffb576ee4ee0dd646a7bdd390e8e036f10634d60a1a26c6c9fd", "manifest_id": "3e6870c3-c3a5-498e-86c2-77c78879dc61", "nutrition_hash": "1029bd6515d9c2c56a4047459bf0bd6da97e5d449b798c86085a7d067f933462", "nutrition_id": "a2f16339-f438-51fe-b252-d4298237907d", "policy_hash": "1bd69b239e069682e093062e603243354aac13d967aceac065ee0e213d0de2ef", "policy_id": "00573caa-4179-4ec7-8dfa-886a1c6a57fc", "proposal_hash": "eb21869e9dab765b453e6df97391cc38d44ffe905190cbfbb07425cd8993ed6a", "proposal_id": "d5f73968-dad0-5d29-b534-3f8b949fd674", "query_basis_hash": "2db4578bbc7cba1f324caedde91d92e23c54b7141f7647713e4b127761836a53", "request_id": "adb34106-62cf-471d-8c29-950f41d02928", "request_revision": 1, "resolution_expires_at": "2026-10-01T16:49:10.033298+00:00", "root_id": "144c264b-144f-4b20-bfd2-70485b6e16a5", "runtime_version": "kl079-full-actions-v1", "snapshot_id": "9adc7ef1-faa2-49e4-a78d-49fc32f085fd", "source_hash": "1e20edd8e7c2f19bebdeb5bc368373b5c7ec0ea4ce8e40bc3a0ec319d8e01dea", "source_id": "f5766a95-6a7f-53b6-90ac-19cb79c8eb8c", "source_members": ["49a11d5e-181d-495c-874b-e03055428019", "76119a12-3aa3-4c39-9e75-54be0697be72", "d167fa87-d9f1-4b1b-b9eb-9134475ddee4"], "source_ranges": ["2026-09-30T15:49:10.033298+00:00", "2026-10-01T16:49:10.033298+00:00"], "subject_id": "52efbd70-5032-4bac-9458-7e38f5ec1d9e", "superseded_or_retracted_items": [], "supporting_events": ["b22f789d-5692-48fb-8206-45b908cc45ce"], "truncation_status": "NOT_TRUNCATED", "version": "kl076-mechanical-test-v1"}, "receipt": "7d10355a-aadc-43f9-83d1-7613d4ffceda"}
FIXTURE_EVIDENCE {"accepted_at": "2026-10-01 15:49:10.485672+00:00", "columns": {"action_parameters_hash": "8194b165ac609544d7c59fdf8b67104428844897e8172181508102e379fa6a39", "action_type": "NUTRITION", "content_hash": "49cfdf8a42d23ca6a5e7462c579a757e610368365db61ec52d6fedf155b252f5", "content_schema_version": 1, "effective_at": null, "hash_scheme_version": 1, "id": "c20c7ca6-897a-5a66-9dee-729b9486db73", "known_at": null, "query_basis_hash": "53024486760a53576877394612333c28f3f7e3a7400505b2a4db36ee9901d382", "recorded_at": "2026-10-01T15:49:10.482527+00:00", "ref_s05_id": "00573caa-4179-4ec7-8dfa-886a1c6a57fc", "ref_s09_id": null, "ref_s12_id": null, "ref_s14_id": null, "ref_s24_id": "3e6870c3-c3a5-498e-86c2-77c78879dc61", "resolution_expires_at": "2026-10-01T16:49:10.033298+00:00", "resolver_version": "kl079-full-actions-v1", "revision": 1, "status": null, "subject_id": "52efbd70-5032-4bac-9458-7e38f5ec1d9e", "typed_payload": {"action_parameters_hash": "8194b165ac609544d7c59fdf8b67104428844897e8172181508102e379fa6a39", "action_type": "NUTRITION", "attempt_id": "89f0aa7f-dfa2-46c4-b338-5af2776837df", "captured_epoch": 1, "consistency": "CONSISTENT", "context_hash": "12d978eb81ea12d95569c11822240853646614d12fd64f1f018259d424cd60ab", "contract": "kl079-full-actions-v1", "contradicting_events": [], "coverage": "COMPLETE_FOR_POLICY", "demand_hash": "63b49282ebba79c20172f0e3d979bbad19e2034f7737db941ac1e9cd66b8d837", "demand_id": "dd972f71-72a9-5ecc-85d6-4fce24648401", "event_association_status": "CONFIRMED", "facts": [{"admission": "ADMITTED", "admission_hash": "950d7557dcc014a00ea8818ba27333028c0f6dba9cb87ec45946b1d8d6730a98", "admission_id": "49a11d5e-181d-495c-874b-e03055428019", "association": "CONFIRMED", "association_hash": "e23551b0186315f2bf0215ab884d21da6f653915c776274d9c3254853cd88163", "association_id": "76119a12-3aa3-4c39-9e75-54be0697be72", "contradicts": false, "effective_at": "2026-10-01T14:49:10.033298+00:00", "event_id": "b22f789d-5692-48fb-8206-45b908cc45ce", "exercise": "fixture:cycle", "fact_hash": "01f6bf9a4e9c054ecc1723806cb529af09397929bb6fd4afd1f1549b3808c383", "fact_id": "d167fa87-d9f1-4b1b-b9eb-9134475ddee4", "lower_minutes": 10, "policy_id": "00573caa-4179-4ec7-8dfa-886a1c6a57fc", "replaces_slot": "prior-slot", "retracted": false, "scope": "TEST_ONLY", "semantic_class": "ACTUAL_EXECUTION", "subject_id": "52efbd70-5032-4bac-9458-7e38f5ec1d9e", "upper_minutes": 10, "valid_until": "2026-10-01T16:49:10.033298+00:00"}], "fitness_hash": "eb21869e9dab765b453e6df97391cc38d44ffe905190cbfbb07425cd8993ed6a", "fitness_id": "d5f73968-dad0-5d29-b534-3f8b949fd674", "id": "c20c7ca6-897a-5a66-9dee-729b9486db73", "kind": "RESOLUTION", "manifest_hash": "2293b71f2e305ffb576ee4ee0dd646a7bdd390e8e036f10634d60a1a26c6c9fd", "manifest_id": "3e6870c3-c3a5-498e-86c2-77c78879dc61", "nutrition_hash": "1029bd6515d9c2c56a4047459bf0bd6da97e5d449b798c86085a7d067f933462", "nutrition_id": "a2f16339-f438-51fe-b252-d4298237907d", "policy_hash": "1bd69b239e069682e093062e603243354aac13d967aceac065ee0e213d0de2ef", "policy_id": "00573caa-4179-4ec7-8dfa-886a1c6a57fc", "proposal_hash": "1029bd6515d9c2c56a4047459bf0bd6da97e5d449b798c86085a7d067f933462", "proposal_id": "a2f16339-f438-51fe-b252-d4298237907d", "query_basis_hash": "53024486760a53576877394612333c28f3f7e3a7400505b2a4db36ee9901d382", "request_id": "adb34106-62cf-471d-8c29-950f41d02928", "request_revision": 1, "resolution_expires_at": "2026-10-01T16:49:10.033298+00:00", "root_id": "144c264b-144f-4b20-bfd2-70485b6e16a5", "runtime_version": "kl079-full-actions-v1", "snapshot_id": "9adc7ef1-faa2-49e4-a78d-49fc32f085fd", "source_hash": "1e20edd8e7c2f19bebdeb5bc368373b5c7ec0ea4ce8e40bc3a0ec319d8e01dea", "source_id": "f5766a95-6a7f-53b6-90ac-19cb79c8eb8c", "source_members": ["49a11d5e-181d-495c-874b-e03055428019", "76119a12-3aa3-4c39-9e75-54be0697be72", "d167fa87-d9f1-4b1b-b9eb-9134475ddee4"], "source_ranges": ["2026-09-30T15:49:10.033298+00:00", "2026-10-01T16:49:10.033298+00:00"], "subject_id": "52efbd70-5032-4bac-9458-7e38f5ec1d9e", "superseded_or_retracted_items": [], "supporting_events": ["b22f789d-5692-48fb-8206-45b908cc45ce"], "truncation_status": "NOT_TRUNCATED", "version": "kl076-mechanical-test-v1"}}, "event": "655fa501-8170-4937-a275-b08195c39fff", "hash": "49cfdf8a42d23ca6a5e7462c579a757e610368365db61ec52d6fedf155b252f5", "id": "c20c7ca6-897a-5a66-9dee-729b9486db73", "kind": "full_output", "owner": "ResolveEvidence", "payload": {"action_parameters_hash": "8194b165ac609544d7c59fdf8b67104428844897e8172181508102e379fa6a39", "action_type": "NUTRITION", "attempt_id": "89f0aa7f-dfa2-46c4-b338-5af2776837df", "captured_epoch": 1, "consistency": "CONSISTENT", "context_hash": "12d978eb81ea12d95569c11822240853646614d12fd64f1f018259d424cd60ab", "contract": "kl079-full-actions-v1", "contradicting_events": [], "coverage": "COMPLETE_FOR_POLICY", "demand_hash": "63b49282ebba79c20172f0e3d979bbad19e2034f7737db941ac1e9cd66b8d837", "demand_id": "dd972f71-72a9-5ecc-85d6-4fce24648401", "event_association_status": "CONFIRMED", "facts": [{"admission": "ADMITTED", "admission_hash": "950d7557dcc014a00ea8818ba27333028c0f6dba9cb87ec45946b1d8d6730a98", "admission_id": "49a11d5e-181d-495c-874b-e03055428019", "association": "CONFIRMED", "association_hash": "e23551b0186315f2bf0215ab884d21da6f653915c776274d9c3254853cd88163", "association_id": "76119a12-3aa3-4c39-9e75-54be0697be72", "contradicts": false, "effective_at": "2026-10-01T14:49:10.033298+00:00", "event_id": "b22f789d-5692-48fb-8206-45b908cc45ce", "exercise": "fixture:cycle", "fact_hash": "01f6bf9a4e9c054ecc1723806cb529af09397929bb6fd4afd1f1549b3808c383", "fact_id": "d167fa87-d9f1-4b1b-b9eb-9134475ddee4", "lower_minutes": 10, "policy_id": "00573caa-4179-4ec7-8dfa-886a1c6a57fc", "replaces_slot": "prior-slot", "retracted": false, "scope": "TEST_ONLY", "semantic_class": "ACTUAL_EXECUTION", "subject_id": "52efbd70-5032-4bac-9458-7e38f5ec1d9e", "upper_minutes": 10, "valid_until": "2026-10-01T16:49:10.033298+00:00"}], "fitness_hash": "eb21869e9dab765b453e6df97391cc38d44ffe905190cbfbb07425cd8993ed6a", "fitness_id": "d5f73968-dad0-5d29-b534-3f8b949fd674", "id": "c20c7ca6-897a-5a66-9dee-729b9486db73", "kind": "RESOLUTION", "manifest_hash": "2293b71f2e305ffb576ee4ee0dd646a7bdd390e8e036f10634d60a1a26c6c9fd", "manifest_id": "3e6870c3-c3a5-498e-86c2-77c78879dc61", "nutrition_hash": "1029bd6515d9c2c56a4047459bf0bd6da97e5d449b798c86085a7d067f933462", "nutrition_id": "a2f16339-f438-51fe-b252-d4298237907d", "policy_hash": "1bd69b239e069682e093062e603243354aac13d967aceac065ee0e213d0de2ef", "policy_id": "00573caa-4179-4ec7-8dfa-886a1c6a57fc", "proposal_hash": "1029bd6515d9c2c56a4047459bf0bd6da97e5d449b798c86085a7d067f933462", "proposal_id": "a2f16339-f438-51fe-b252-d4298237907d", "query_basis_hash": "53024486760a53576877394612333c28f3f7e3a7400505b2a4db36ee9901d382", "request_id": "adb34106-62cf-471d-8c29-950f41d02928", "request_revision": 1, "resolution_expires_at": "2026-10-01T16:49:10.033298+00:00", "root_id": "144c264b-144f-4b20-bfd2-70485b6e16a5", "runtime_version": "kl079-full-actions-v1", "snapshot_id": "9adc7ef1-faa2-49e4-a78d-49fc32f085fd", "source_hash": "1e20edd8e7c2f19bebdeb5bc368373b5c7ec0ea4ce8e40bc3a0ec319d8e01dea", "source_id": "f5766a95-6a7f-53b6-90ac-19cb79c8eb8c", "source_members": ["49a11d5e-181d-495c-874b-e03055428019", "76119a12-3aa3-4c39-9e75-54be0697be72", "d167fa87-d9f1-4b1b-b9eb-9134475ddee4"], "source_ranges": ["2026-09-30T15:49:10.033298+00:00", "2026-10-01T16:49:10.033298+00:00"], "subject_id": "52efbd70-5032-4bac-9458-7e38f5ec1d9e", "superseded_or_retracted_items": [], "supporting_events": ["b22f789d-5692-48fb-8206-45b908cc45ce"], "truncation_status": "NOT_TRUNCATED", "version": "kl076-mechanical-test-v1"}, "receipt": "cee575b8-7095-4863-a12e-dbfeecf41ac3"}
FIXTURE_EVIDENCE {"dimension": "reordered_bindings", "kind": "denial", "stage": "CLOSED_REQUEST", "zero_effects": true}
.FIXTURE_EVIDENCE {"compose": "kineticloop-kl079-full-949bbd5-90cbd6dddc92", "database": "kineticloop_kl079_full_949bbd5_90cbd6dddc92", "elapsed": 4.993605083087459, "inventory": ["bootstrap_two_phase(selected_lifecycle)", "reset", "start", "destroy"], "kind": "cleanup", "remaining_resources": {"container": "", "network": "", "volume": ""}}
INFO  [alembic.runtime.migration] Context impl PostgresqlImpl.
INFO  [alembic.runtime.migration] Will assume transactional DDL.
INFO  [alembic.runtime.migration] Running upgrade  -> 76fd67f76bd4, frozen S01-S51 baseline
INFO  [alembic.runtime.migration] Context impl PostgresqlImpl.
INFO  [alembic.runtime.migration] Will assume transactional DDL.
INFO  [alembic.runtime.migration] Running upgrade 76fd67f76bd4 -> a3f91c7d2e10, migrated SafetyRegistry integration and role-owner hardening
INFO  [alembic.runtime.migration] Running upgrade a3f91c7d2e10 -> b6e4d8a1c927, trusted artifact registration and bounded dependency admission
INFO  [alembic.runtime.migration] Running upgrade b6e4d8a1c927 -> d4c1a9e7b203, production, test, and evaluation subject namespace isolation
INFO  [alembic.runtime.migration] Running upgrade d4c1a9e7b203 -> e8c2f1a6b904, Materialize frozen S27 active partition uniqueness (legacy PENDING = ADMITTED).
NAMESPACE_PU DatabaseNamespace(project_name='kineticloop-kl079-full-949bbd5-90cbd6dddc92', database_name='kineticloop_kl079_full_949bbd5_90cbd6dddc92') negative_controls=foreign_root,sha,digest,label,ambient,nested_cleanup nested_inventory ['bootstrap_two_phase(selected_lifecycle)', 'destroy']
FIXTURE_EVIDENCE {"bootstrap_elapsed": 3.5003004998434335, "compose": "kineticloop-kl079-full-949bbd5-90cbd6dddc92", "database": "kineticloop_kl079_full_949bbd5_90cbd6dddc92", "kind": "namespace", "migration": "e8c2f1a6b904", "nested_routes": ["bootstrap_two_phase(selected_lifecycle)", "reset", "start", "compose/_run", "validate_current_database_before_every_source/owner/reset", "finally_destroy"], "resolved_root": "/Users/davetian/.codex/worktrees/685e/KineticLoop", "tested_commit": "949bbd530061ecb3644998719fe998f86cad999e"}
FIXTURE_EVIDENCE {"hash": "47141293664d61f6dffde2ef2550b381be3062798b82a38a2f890be50e3c8f8a", "id": "cd069734-d851-4164-86a0-6f03e831157f", "immutable_dependencies": ["2a6629c2-b4b3-4323-8698-1780c7e427b3", "53899d76-f03a-4575-934c-8e3e24dda7e7"], "kind": "runtime_registration", "owner": "SafetyRegistry.RegisterArtifact", "version": "kl079-full-actions-v1"}
FIXTURE_EVIDENCE {"epoch": 1, "factset": "8b7fa1c4-22b3-5bb0-8680-520d46ff7919", "kind": "upstream", "membership_digest": "6bf650f60b35d2dad3b92a0743bb47d63399b4f8e2c46e637070ec03985a9c25", "projection": {"dependency_ids": ["5968baf7-6bc6-57e5-9a80-daf32340a1d2", "672dc47b-a418-5764-84cb-a5f8dd29e945", "7d98a895-70f1-5940-8e13-f525140804e1", "84f233bf-59e5-5ffa-a134-d084366369e1", "f7c99795-9dc6-57f7-9324-6db354fea1f5", "fe76efc9-216c-5ca8-afbc-db89335e70e9"], "executable": false, "input_basis_hash": "44e4b0f6eb2e5c6c67eb0f2576c9710c36cce5390c7689862289cd982f0282d2", "projection_id": "d3eaf22e-b01d-5f2b-bfb8-4cd8772929c0", "revision": 1}, "publication": {"event_id": "9b95a6e5-7136-492e-9593-c1659d56380f", "executable": false, "generation": 1, "manifest_id": "176f1024-b3c4-44fc-82e7-b72ecebe2a6b", "receipt_id": "4c397734-8569-43be-9f40-d652842e51ba", "replayed": false}, "ready": {"artifact_dependency_closure_hash": "1fffe6235c6f05e0f0bdf8a7ccab6c384bb84cb6c1915998185728dbd81683d7", "build_id": "103b6bd5-ce5e-538c-a1b9-2e5fc1b3c5bf", "dependency_basis_hash": "27d0e05f9e30d39ea722c91ceac509bf641bc929dd018860bbc1918955e4a25f", "executable": false, "manifest_hash": "2541a15d664d4a36197294b1433bc695a52cf8ebfa1db6d29666feb16b1518a0", "status": "READY"}, "subject": "7075c26a-6d52-4fc8-8c8e-92806dcecfe0"}
FIXTURE_EVIDENCE {"accepted_at": "2026-10-01 15:49:15.591821+00:00", "columns": {"action_parameters_hash": "f863709ebb1218374d5c57e23c2de587f9f616ac436ec20eb3d2f983ed1bb000", "action_type": "TRAINING", "content_hash": "316d8f1bb158a265d2ec463965f0445d5565bcaaef3ee1f8b2e4f3b42bed86b1", "content_schema_version": 1, "effective_at": null, "hash_scheme_version": 1, "id": "b52c6baf-8aeb-52dd-838b-4d8df286cd90", "known_at": null, "query_basis_hash": "034400f83d6cfcf90847af48255a01ef54f441342a7f9a1fd3e71481b6514e5e", "recorded_at": "2026-10-01T15:49:15.587319+00:00", "ref_s05_id": "5a38940d-ef02-4f5d-a444-aa2ef3584c55", "ref_s09_id": null, "ref_s12_id": null, "ref_s14_id": null, "ref_s24_id": "176f1024-b3c4-44fc-82e7-b72ecebe2a6b", "resolution_expires_at": "2026-10-01T16:49:15.154323+00:00", "resolver_version": "kl079-full-actions-v1", "revision": 1, "status": null, "subject_id": "7075c26a-6d52-4fc8-8c8e-92806dcecfe0", "typed_payload": {"action_parameters_hash": "f863709ebb1218374d5c57e23c2de587f9f616ac436ec20eb3d2f983ed1bb000", "action_type": "TRAINING", "attempt_id": "053a74d2-6758-4aad-89e3-79e8076867d0", "captured_epoch": 1, "consistency": "CONSISTENT", "context_hash": "59c2c1200a333bdf5a4c249631d8ad6a5d6f5d646c017dcfdec88bf09bfed450", "contract": "kl079-full-actions-v1", "contradicting_events": [], "coverage": "COMPLETE_FOR_POLICY", "demand_hash": "4a2d9ff19e8e91aa6ee9bd45658144225cc626d6abc07367cfd6a83a43202b02", "demand_id": "14c62706-2a23-53e1-b92c-bef0c2c4333b", "event_association_status": "CONFIRMED", "facts": [{"admission": "ADMITTED", "admission_hash": "18e18d98c6f4d330f66cb616ae3dfe027a6f9c1e2e3e58e91f90620b91685d57", "admission_id": "ee1787a0-96b9-4acd-90c3-5f3b509bc545", "association": "CONFIRMED", "association_hash": "5be17774ea0d04a0862272c590755e2c89f502e7b6a4c96f36db8f432c4f8df8", "association_id": "44559049-c8d4-4c8d-b684-9a9f31927906", "contradicts": false, "effective_at": "2026-10-01T14:49:15.154323+00:00", "event_id": "4c92fde8-5928-4c5a-8ce4-cfc67ad897ee", "exercise": "fixture:cycle", "fact_hash": "f8909b8f280b1eeaf84e5af7036710228ed9fe3a635ef861bfbac9bf81159d14", "fact_id": "7841e754-6204-41f8-92b8-af0263c51440", "lower_minutes": 10, "policy_id": "5a38940d-ef02-4f5d-a444-aa2ef3584c55", "replaces_slot": "prior-slot", "retracted": false, "scope": "TEST_ONLY", "semantic_class": "ACTUAL_EXECUTION", "subject_id": "7075c26a-6d52-4fc8-8c8e-92806dcecfe0", "upper_minutes": 10, "valid_until": "2026-10-01T16:49:15.154323+00:00"}], "fitness_hash": "92ab081f1156831197a91ba63c5fef70748faefb09f8fafea56b10436db0cb45", "fitness_id": "12498115-a1ac-56bc-852b-634bb9b32101", "id": "b52c6baf-8aeb-52dd-838b-4d8df286cd90", "kind": "RESOLUTION", "manifest_hash": "2541a15d664d4a36197294b1433bc695a52cf8ebfa1db6d29666feb16b1518a0", "manifest_id": "176f1024-b3c4-44fc-82e7-b72ecebe2a6b", "nutrition_hash": "bdcbae7501b4411a0c8aad5d1c34d8d11bd52f3a537af7cd52de46275ebbe457", "nutrition_id": "e02cc066-0cac-5393-a51d-21ba04ade73a", "policy_hash": "6664ade1419e1751fba199c1415171ea6911977c53581ed19a6260443084a877", "policy_id": "5a38940d-ef02-4f5d-a444-aa2ef3584c55", "proposal_hash": "92ab081f1156831197a91ba63c5fef70748faefb09f8fafea56b10436db0cb45", "proposal_id": "12498115-a1ac-56bc-852b-634bb9b32101", "query_basis_hash": "034400f83d6cfcf90847af48255a01ef54f441342a7f9a1fd3e71481b6514e5e", "request_id": "c5e6ce80-243e-4dfb-a896-e79bfe809d62", "request_revision": 1, "resolution_expires_at": "2026-10-01T16:49:15.154323+00:00", "root_id": "312820fa-b59c-4d1a-8e8d-e0d31946a94e", "runtime_version": "kl079-full-actions-v1", "snapshot_id": "7b060f94-32f5-44d2-82dc-6bfb8c4b088d", "source_hash": "0898fbf387ff32ca8148ab97efdf35dfe0d8d2dbbf1c2ffcd2f077a33fae7a3a", "source_id": "8b7fa1c4-22b3-5bb0-8680-520d46ff7919", "source_members": ["44559049-c8d4-4c8d-b684-9a9f31927906", "7841e754-6204-41f8-92b8-af0263c51440", "ee1787a0-96b9-4acd-90c3-5f3b509bc545"], "source_ranges": ["2026-09-30T15:49:15.154323+00:00", "2026-10-01T16:49:15.154323+00:00"], "subject_id": "7075c26a-6d52-4fc8-8c8e-92806dcecfe0", "superseded_or_retracted_items": [], "supporting_events": ["4c92fde8-5928-4c5a-8ce4-cfc67ad897ee"], "truncation_status": "NOT_TRUNCATED", "version": "kl076-mechanical-test-v1"}}, "event": "c80b73ff-2852-4877-a653-e766a7084243", "hash": "316d8f1bb158a265d2ec463965f0445d5565bcaaef3ee1f8b2e4f3b42bed86b1", "id": "b52c6baf-8aeb-52dd-838b-4d8df286cd90", "kind": "full_output", "owner": "ResolveEvidence", "payload": {"action_parameters_hash": "f863709ebb1218374d5c57e23c2de587f9f616ac436ec20eb3d2f983ed1bb000", "action_type": "TRAINING", "attempt_id": "053a74d2-6758-4aad-89e3-79e8076867d0", "captured_epoch": 1, "consistency": "CONSISTENT", "context_hash": "59c2c1200a333bdf5a4c249631d8ad6a5d6f5d646c017dcfdec88bf09bfed450", "contract": "kl079-full-actions-v1", "contradicting_events": [], "coverage": "COMPLETE_FOR_POLICY", "demand_hash": "4a2d9ff19e8e91aa6ee9bd45658144225cc626d6abc07367cfd6a83a43202b02", "demand_id": "14c62706-2a23-53e1-b92c-bef0c2c4333b", "event_association_status": "CONFIRMED", "facts": [{"admission": "ADMITTED", "admission_hash": "18e18d98c6f4d330f66cb616ae3dfe027a6f9c1e2e3e58e91f90620b91685d57", "admission_id": "ee1787a0-96b9-4acd-90c3-5f3b509bc545", "association": "CONFIRMED", "association_hash": "5be17774ea0d04a0862272c590755e2c89f502e7b6a4c96f36db8f432c4f8df8", "association_id": "44559049-c8d4-4c8d-b684-9a9f31927906", "contradicts": false, "effective_at": "2026-10-01T14:49:15.154323+00:00", "event_id": "4c92fde8-5928-4c5a-8ce4-cfc67ad897ee", "exercise": "fixture:cycle", "fact_hash": "f8909b8f280b1eeaf84e5af7036710228ed9fe3a635ef861bfbac9bf81159d14", "fact_id": "7841e754-6204-41f8-92b8-af0263c51440", "lower_minutes": 10, "policy_id": "5a38940d-ef02-4f5d-a444-aa2ef3584c55", "replaces_slot": "prior-slot", "retracted": false, "scope": "TEST_ONLY", "semantic_class": "ACTUAL_EXECUTION", "subject_id": "7075c26a-6d52-4fc8-8c8e-92806dcecfe0", "upper_minutes": 10, "valid_until": "2026-10-01T16:49:15.154323+00:00"}], "fitness_hash": "92ab081f1156831197a91ba63c5fef70748faefb09f8fafea56b10436db0cb45", "fitness_id": "12498115-a1ac-56bc-852b-634bb9b32101", "id": "b52c6baf-8aeb-52dd-838b-4d8df286cd90", "kind": "RESOLUTION", "manifest_hash": "2541a15d664d4a36197294b1433bc695a52cf8ebfa1db6d29666feb16b1518a0", "manifest_id": "176f1024-b3c4-44fc-82e7-b72ecebe2a6b", "nutrition_hash": "bdcbae7501b4411a0c8aad5d1c34d8d11bd52f3a537af7cd52de46275ebbe457", "nutrition_id": "e02cc066-0cac-5393-a51d-21ba04ade73a", "policy_hash": "6664ade1419e1751fba199c1415171ea6911977c53581ed19a6260443084a877", "policy_id": "5a38940d-ef02-4f5d-a444-aa2ef3584c55", "proposal_hash": "92ab081f1156831197a91ba63c5fef70748faefb09f8fafea56b10436db0cb45", "proposal_id": "12498115-a1ac-56bc-852b-634bb9b32101", "query_basis_hash": "034400f83d6cfcf90847af48255a01ef54f441342a7f9a1fd3e71481b6514e5e", "request_id": "c5e6ce80-243e-4dfb-a896-e79bfe809d62", "request_revision": 1, "resolution_expires_at": "2026-10-01T16:49:15.154323+00:00", "root_id": "312820fa-b59c-4d1a-8e8d-e0d31946a94e", "runtime_version": "kl079-full-actions-v1", "snapshot_id": "7b060f94-32f5-44d2-82dc-6bfb8c4b088d", "source_hash": "0898fbf387ff32ca8148ab97efdf35dfe0d8d2dbbf1c2ffcd2f077a33fae7a3a", "source_id": "8b7fa1c4-22b3-5bb0-8680-520d46ff7919", "source_members": ["44559049-c8d4-4c8d-b684-9a9f31927906", "7841e754-6204-41f8-92b8-af0263c51440", "ee1787a0-96b9-4acd-90c3-5f3b509bc545"], "source_ranges": ["2026-09-30T15:49:15.154323+00:00", "2026-10-01T16:49:15.154323+00:00"], "subject_id": "7075c26a-6d52-4fc8-8c8e-92806dcecfe0", "superseded_or_retracted_items": [], "supporting_events": ["4c92fde8-5928-4c5a-8ce4-cfc67ad897ee"], "truncation_status": "NOT_TRUNCATED", "version": "kl076-mechanical-test-v1"}, "receipt": "560c07a7-76ab-465e-ae54-11f69941c9f7"}
FIXTURE_EVIDENCE {"accepted_at": "2026-10-01 15:49:15.621176+00:00", "columns": {"action_parameters_hash": "8194b165ac609544d7c59fdf8b67104428844897e8172181508102e379fa6a39", "action_type": "NUTRITION", "content_hash": "b86fcdf6eb3584d7777ebedc5298e695341a93ea77f4b3acfd5d86ab9628169f", "content_schema_version": 1, "effective_at": null, "hash_scheme_version": 1, "id": "ba33ea54-0db6-57b6-b3b9-fdca97ffe0e1", "known_at": null, "query_basis_hash": "43a2bfee79245b94a64e44cfc5629c7e4dc3955be80562b57c7abf9145a61991", "recorded_at": "2026-10-01T15:49:15.61803+00:00", "ref_s05_id": "5a38940d-ef02-4f5d-a444-aa2ef3584c55", "ref_s09_id": null, "ref_s12_id": null, "ref_s14_id": null, "ref_s24_id": "176f1024-b3c4-44fc-82e7-b72ecebe2a6b", "resolution_expires_at": "2026-10-01T16:49:15.154323+00:00", "resolver_version": "kl079-full-actions-v1", "revision": 1, "status": null, "subject_id": "7075c26a-6d52-4fc8-8c8e-92806dcecfe0", "typed_payload": {"action_parameters_hash": "8194b165ac609544d7c59fdf8b67104428844897e8172181508102e379fa6a39", "action_type": "NUTRITION", "attempt_id": "053a74d2-6758-4aad-89e3-79e8076867d0", "captured_epoch": 1, "consistency": "CONSISTENT", "context_hash": "59c2c1200a333bdf5a4c249631d8ad6a5d6f5d646c017dcfdec88bf09bfed450", "contract": "kl079-full-actions-v1", "contradicting_events": [], "coverage": "COMPLETE_FOR_POLICY", "demand_hash": "4a2d9ff19e8e91aa6ee9bd45658144225cc626d6abc07367cfd6a83a43202b02", "demand_id": "14c62706-2a23-53e1-b92c-bef0c2c4333b", "event_association_status": "CONFIRMED", "facts": [{"admission": "ADMITTED", "admission_hash": "18e18d98c6f4d330f66cb616ae3dfe027a6f9c1e2e3e58e91f90620b91685d57", "admission_id": "ee1787a0-96b9-4acd-90c3-5f3b509bc545", "association": "CONFIRMED", "association_hash": "5be17774ea0d04a0862272c590755e2c89f502e7b6a4c96f36db8f432c4f8df8", "association_id": "44559049-c8d4-4c8d-b684-9a9f31927906", "contradicts": false, "effective_at": "2026-10-01T14:49:15.154323+00:00", "event_id": "4c92fde8-5928-4c5a-8ce4-cfc67ad897ee", "exercise": "fixture:cycle", "fact_hash": "f8909b8f280b1eeaf84e5af7036710228ed9fe3a635ef861bfbac9bf81159d14", "fact_id": "7841e754-6204-41f8-92b8-af0263c51440", "lower_minutes": 10, "policy_id": "5a38940d-ef02-4f5d-a444-aa2ef3584c55", "replaces_slot": "prior-slot", "retracted": false, "scope": "TEST_ONLY", "semantic_class": "ACTUAL_EXECUTION", "subject_id": "7075c26a-6d52-4fc8-8c8e-92806dcecfe0", "upper_minutes": 10, "valid_until": "2026-10-01T16:49:15.154323+00:00"}], "fitness_hash": "92ab081f1156831197a91ba63c5fef70748faefb09f8fafea56b10436db0cb45", "fitness_id": "12498115-a1ac-56bc-852b-634bb9b32101", "id": "ba33ea54-0db6-57b6-b3b9-fdca97ffe0e1", "kind": "RESOLUTION", "manifest_hash": "2541a15d664d4a36197294b1433bc695a52cf8ebfa1db6d29666feb16b1518a0", "manifest_id": "176f1024-b3c4-44fc-82e7-b72ecebe2a6b", "nutrition_hash": "bdcbae7501b4411a0c8aad5d1c34d8d11bd52f3a537af7cd52de46275ebbe457", "nutrition_id": "e02cc066-0cac-5393-a51d-21ba04ade73a", "policy_hash": "6664ade1419e1751fba199c1415171ea6911977c53581ed19a6260443084a877", "policy_id": "5a38940d-ef02-4f5d-a444-aa2ef3584c55", "proposal_hash": "bdcbae7501b4411a0c8aad5d1c34d8d11bd52f3a537af7cd52de46275ebbe457", "proposal_id": "e02cc066-0cac-5393-a51d-21ba04ade73a", "query_basis_hash": "43a2bfee79245b94a64e44cfc5629c7e4dc3955be80562b57c7abf9145a61991", "request_id": "c5e6ce80-243e-4dfb-a896-e79bfe809d62", "request_revision": 1, "resolution_expires_at": "2026-10-01T16:49:15.154323+00:00", "root_id": "312820fa-b59c-4d1a-8e8d-e0d31946a94e", "runtime_version": "kl079-full-actions-v1", "snapshot_id": "7b060f94-32f5-44d2-82dc-6bfb8c4b088d", "source_hash": "0898fbf387ff32ca8148ab97efdf35dfe0d8d2dbbf1c2ffcd2f077a33fae7a3a", "source_id": "8b7fa1c4-22b3-5bb0-8680-520d46ff7919", "source_members": ["44559049-c8d4-4c8d-b684-9a9f31927906", "7841e754-6204-41f8-92b8-af0263c51440", "ee1787a0-96b9-4acd-90c3-5f3b509bc545"], "source_ranges": ["2026-09-30T15:49:15.154323+00:00", "2026-10-01T16:49:15.154323+00:00"], "subject_id": "7075c26a-6d52-4fc8-8c8e-92806dcecfe0", "superseded_or_retracted_items": [], "supporting_events": ["4c92fde8-5928-4c5a-8ce4-cfc67ad897ee"], "truncation_status": "NOT_TRUNCATED", "version": "kl076-mechanical-test-v1"}}, "event": "460070fb-61bb-49d5-989e-032bb4113a07", "hash": "b86fcdf6eb3584d7777ebedc5298e695341a93ea77f4b3acfd5d86ab9628169f", "id": "ba33ea54-0db6-57b6-b3b9-fdca97ffe0e1", "kind": "full_output", "owner": "ResolveEvidence", "payload": {"action_parameters_hash": "8194b165ac609544d7c59fdf8b67104428844897e8172181508102e379fa6a39", "action_type": "NUTRITION", "attempt_id": "053a74d2-6758-4aad-89e3-79e8076867d0", "captured_epoch": 1, "consistency": "CONSISTENT", "context_hash": "59c2c1200a333bdf5a4c249631d8ad6a5d6f5d646c017dcfdec88bf09bfed450", "contract": "kl079-full-actions-v1", "contradicting_events": [], "coverage": "COMPLETE_FOR_POLICY", "demand_hash": "4a2d9ff19e8e91aa6ee9bd45658144225cc626d6abc07367cfd6a83a43202b02", "demand_id": "14c62706-2a23-53e1-b92c-bef0c2c4333b", "event_association_status": "CONFIRMED", "facts": [{"admission": "ADMITTED", "admission_hash": "18e18d98c6f4d330f66cb616ae3dfe027a6f9c1e2e3e58e91f90620b91685d57", "admission_id": "ee1787a0-96b9-4acd-90c3-5f3b509bc545", "association": "CONFIRMED", "association_hash": "5be17774ea0d04a0862272c590755e2c89f502e7b6a4c96f36db8f432c4f8df8", "association_id": "44559049-c8d4-4c8d-b684-9a9f31927906", "contradicts": false, "effective_at": "2026-10-01T14:49:15.154323+00:00", "event_id": "4c92fde8-5928-4c5a-8ce4-cfc67ad897ee", "exercise": "fixture:cycle", "fact_hash": "f8909b8f280b1eeaf84e5af7036710228ed9fe3a635ef861bfbac9bf81159d14", "fact_id": "7841e754-6204-41f8-92b8-af0263c51440", "lower_minutes": 10, "policy_id": "5a38940d-ef02-4f5d-a444-aa2ef3584c55", "replaces_slot": "prior-slot", "retracted": false, "scope": "TEST_ONLY", "semantic_class": "ACTUAL_EXECUTION", "subject_id": "7075c26a-6d52-4fc8-8c8e-92806dcecfe0", "upper_minutes": 10, "valid_until": "2026-10-01T16:49:15.154323+00:00"}], "fitness_hash": "92ab081f1156831197a91ba63c5fef70748faefb09f8fafea56b10436db0cb45", "fitness_id": "12498115-a1ac-56bc-852b-634bb9b32101", "id": "ba33ea54-0db6-57b6-b3b9-fdca97ffe0e1", "kind": "RESOLUTION", "manifest_hash": "2541a15d664d4a36197294b1433bc695a52cf8ebfa1db6d29666feb16b1518a0", "manifest_id": "176f1024-b3c4-44fc-82e7-b72ecebe2a6b", "nutrition_hash": "bdcbae7501b4411a0c8aad5d1c34d8d11bd52f3a537af7cd52de46275ebbe457", "nutrition_id": "e02cc066-0cac-5393-a51d-21ba04ade73a", "policy_hash": "6664ade1419e1751fba199c1415171ea6911977c53581ed19a6260443084a877", "policy_id": "5a38940d-ef02-4f5d-a444-aa2ef3584c55", "proposal_hash": "bdcbae7501b4411a0c8aad5d1c34d8d11bd52f3a537af7cd52de46275ebbe457", "proposal_id": "e02cc066-0cac-5393-a51d-21ba04ade73a", "query_basis_hash": "43a2bfee79245b94a64e44cfc5629c7e4dc3955be80562b57c7abf9145a61991", "request_id": "c5e6ce80-243e-4dfb-a896-e79bfe809d62", "request_revision": 1, "resolution_expires_at": "2026-10-01T16:49:15.154323+00:00", "root_id": "312820fa-b59c-4d1a-8e8d-e0d31946a94e", "runtime_version": "kl079-full-actions-v1", "snapshot_id": "7b060f94-32f5-44d2-82dc-6bfb8c4b088d", "source_hash": "0898fbf387ff32ca8148ab97efdf35dfe0d8d2dbbf1c2ffcd2f077a33fae7a3a", "source_id": "8b7fa1c4-22b3-5bb0-8680-520d46ff7919", "source_members": ["44559049-c8d4-4c8d-b684-9a9f31927906", "7841e754-6204-41f8-92b8-af0263c51440", "ee1787a0-96b9-4acd-90c3-5f3b509bc545"], "source_ranges": ["2026-09-30T15:49:15.154323+00:00", "2026-10-01T16:49:15.154323+00:00"], "subject_id": "7075c26a-6d52-4fc8-8c8e-92806dcecfe0", "superseded_or_retracted_items": [], "supporting_events": ["4c92fde8-5928-4c5a-8ce4-cfc67ad897ee"], "truncation_status": "NOT_TRUNCATED", "version": "kl076-mechanical-test-v1"}, "receipt": "3f8104e4-4bc3-44a1-935c-f39a3b1d5290"}
FIXTURE_EVIDENCE {"current_guard_reached": false, "dimension": "foreign_resolution", "exception": "GuardRequired", "ingress_passed": false, "kind": "denial", "message": "immutable fixture source identity/hash missing or changed", "zero_effects": true}
.FIXTURE_EVIDENCE {"compose": "kineticloop-kl079-full-949bbd5-90cbd6dddc92", "database": "kineticloop_kl079_full_949bbd5_90cbd6dddc92", "elapsed": 4.585830708034337, "inventory": ["bootstrap_two_phase(selected_lifecycle)", "reset", "start", "destroy"], "kind": "cleanup", "remaining_resources": {"container": "", "network": "", "volume": ""}}
INFO  [alembic.runtime.migration] Context impl PostgresqlImpl.
INFO  [alembic.runtime.migration] Will assume transactional DDL.
INFO  [alembic.runtime.migration] Running upgrade  -> 76fd67f76bd4, frozen S01-S51 baseline
INFO  [alembic.runtime.migration] Context impl PostgresqlImpl.
INFO  [alembic.runtime.migration] Will assume transactional DDL.
INFO  [alembic.runtime.migration] Running upgrade 76fd67f76bd4 -> a3f91c7d2e10, migrated SafetyRegistry integration and role-owner hardening
INFO  [alembic.runtime.migration] Running upgrade a3f91c7d2e10 -> b6e4d8a1c927, trusted artifact registration and bounded dependency admission
INFO  [alembic.runtime.migration] Running upgrade b6e4d8a1c927 -> d4c1a9e7b203, production, test, and evaluation subject namespace isolation
INFO  [alembic.runtime.migration] Running upgrade d4c1a9e7b203 -> e8c2f1a6b904, Materialize frozen S27 active partition uniqueness (legacy PENDING = ADMITTED).
NAMESPACE_PU DatabaseNamespace(project_name='kineticloop-kl079-full-949bbd5-90cbd6dddc92', database_name='kineticloop_kl079_full_949bbd5_90cbd6dddc92') negative_controls=foreign_root,sha,digest,label,ambient,nested_cleanup nested_inventory ['bootstrap_two_phase(selected_lifecycle)', 'destroy']
FIXTURE_EVIDENCE {"bootstrap_elapsed": 4.327615125104785, "compose": "kineticloop-kl079-full-949bbd5-90cbd6dddc92", "database": "kineticloop_kl079_full_949bbd5_90cbd6dddc92", "kind": "namespace", "migration": "e8c2f1a6b904", "nested_routes": ["bootstrap_two_phase(selected_lifecycle)", "reset", "start", "compose/_run", "validate_current_database_before_every_source/owner/reset", "finally_destroy"], "resolved_root": "/Users/davetian/.codex/worktrees/685e/KineticLoop", "tested_commit": "949bbd530061ecb3644998719fe998f86cad999e"}
FIXTURE_EVIDENCE {"hash": "47141293664d61f6dffde2ef2550b381be3062798b82a38a2f890be50e3c8f8a", "id": "1815c035-e5bb-4ef5-9123-59f2a3f57ae4", "immutable_dependencies": ["f3881067-2de1-4353-9f56-06be624559bb", "f8665620-b1bd-4a06-8928-5671900d34ce"], "kind": "runtime_registration", "owner": "SafetyRegistry.RegisterArtifact", "version": "kl079-full-actions-v1"}
FIXTURE_EVIDENCE {"epoch": 1, "factset": "e2ab61c1-f1f2-534c-96ce-c97b14629a29", "kind": "upstream", "membership_digest": "908b5b752a85a515cabe1128dec590c76818c5c5d87990d013b2e39cdc23e798", "projection": {"dependency_ids": ["42d3cf47-ab58-5704-8a97-511889fa4818", "5a4ee149-0cb4-5527-9305-e06687bf05b8", "a8c78e71-ce38-57c2-ad42-d13a45f4b27c", "ad71b24e-22db-5eaf-ac54-f654977e4207", "b34ce373-cab0-5d03-a50f-c5a4e5d42d75", "d8afada0-f7e1-552f-a315-4c61495c0010"], "executable": false, "input_basis_hash": "ed6ca3d2e212e1e47e78a23c7988c7b1113754cc0bdb0089fc7946cb34a71eb7", "projection_id": "429b631c-a425-58c2-941b-651f094950eb", "revision": 1}, "publication": {"event_id": "1572a3e1-b769-4e91-a654-d827b21e2090", "executable": false, "generation": 1, "manifest_id": "cbc528c3-9d54-4fff-b19f-5c916c704dea", "receipt_id": "cdabc82d-dcc1-49be-ad59-033ff6d0c4dc", "replayed": false}, "ready": {"artifact_dependency_closure_hash": "53824002a18b5ce7109f98e5b13228b1014d128e0b92d3300ad419e94750a86d", "build_id": "ff4d61f3-d391-5c49-9328-b38cb5bd6aae", "dependency_basis_hash": "e654d0bcc58f1fb240694440b1b9694c669df1e2104c4e26f50b0fd7f15a241f", "executable": false, "manifest_hash": "d56caf1b72261b3c4d29870a38236b67199b7b1cc30f3d3d59d940db79cf8b7e", "status": "READY"}, "subject": "09249e92-89ad-4465-a38a-0de4c8716eb9"}
FIXTURE_EVIDENCE {"accepted_at": "2026-10-01 15:49:21.579709+00:00", "columns": {"action_parameters_hash": "f863709ebb1218374d5c57e23c2de587f9f616ac436ec20eb3d2f983ed1bb000", "action_type": "TRAINING", "content_hash": "a319cb2fff6f1568f450aee722de98b575685ae27bec3cf1b8d4235670085afa", "content_schema_version": 1, "effective_at": null, "hash_scheme_version": 1, "id": "1e27ec8d-afc3-523c-85d8-946dec55c47e", "known_at": null, "query_basis_hash": "d21430d4a0405b0a6ab1c814309f1a0819740a92c6a49d72d63ecc0cbc0e1be6", "recorded_at": "2026-10-01T15:49:21.574852+00:00", "ref_s05_id": "18ec6638-1911-4f9e-a067-9df2c96ed455", "ref_s09_id": null, "ref_s12_id": null, "ref_s14_id": null, "ref_s24_id": "cbc528c3-9d54-4fff-b19f-5c916c704dea", "resolution_expires_at": "2026-10-01T16:49:21.108857+00:00", "resolver_version": "kl079-full-actions-v1", "revision": 1, "status": null, "subject_id": "09249e92-89ad-4465-a38a-0de4c8716eb9", "typed_payload": {"action_parameters_hash": "f863709ebb1218374d5c57e23c2de587f9f616ac436ec20eb3d2f983ed1bb000", "action_type": "TRAINING", "attempt_id": "7d4ac616-74b2-48cd-82b4-401e48336db1", "captured_epoch": 1, "consistency": "CONSISTENT", "context_hash": "04b0f51399b34ac599f47083ed45cb17a2d7874acf3722a94427e4f36a9c010d", "contract": "kl079-full-actions-v1", "contradicting_events": [], "coverage": "PARTIAL", "demand_hash": "9e94b972115cc05fd18e61fd27b041d934b653042e87deed49b624e4747c1b0d", "demand_id": "c56e8ee1-8070-5706-8a17-bc52cfd3c4aa", "event_association_status": "CONFIRMED", "facts": [{"admission": "ADMITTED", "admission_hash": "dcc7ba15b9dd99b1a399d335837a5749e96a8855697b96336c103791f9bf80f6", "admission_id": "22f5a89d-a30f-435b-987d-1f364aff516e", "association": "CONFIRMED", "association_hash": "dc45a3e127cb7cff3a52754200ca68135b5b077fe80100d20cb90b8dc1269bac", "association_id": "ce588e78-df3f-4489-bb72-199f8757418f", "contradicts": false, "effective_at": "2026-10-01T14:49:21.108857+00:00", "event_id": "76b2908c-3f91-42dd-b482-35848a7429ca", "exercise": "fixture:cycle", "fact_hash": "c2991d163655eb59ff9265bdf40757364ef30ed671237bf2e420d61b5167f728", "fact_id": "4f436d86-31b1-4c33-b0d1-d0cca9575add", "lower_minutes": 10, "policy_id": "18ec6638-1911-4f9e-a067-9df2c96ed455", "replaces_slot": "prior-slot", "retracted": false, "scope": "TEST_ONLY", "semantic_class": "ACTUAL_EXECUTION", "subject_id": "09249e92-89ad-4465-a38a-0de4c8716eb9", "upper_minutes": 10, "valid_until": "2026-10-01T16:49:21.108857+00:00"}], "fitness_hash": "018fd74e65e17760a4bebe4ea74b1404e69126e388434c63556232f82b117a31", "fitness_id": "b0620f5d-66f4-5c05-ac8e-0ae5d8f94c9d", "id": "1e27ec8d-afc3-523c-85d8-946dec55c47e", "kind": "RESOLUTION", "manifest_hash": "d56caf1b72261b3c4d29870a38236b67199b7b1cc30f3d3d59d940db79cf8b7e", "manifest_id": "cbc528c3-9d54-4fff-b19f-5c916c704dea", "nutrition_hash": "d2ff6ea9a991ce5d081c0a3f110c88ee029b5295d292af303a468fe0ff03ada4", "nutrition_id": "ea064440-f34b-587f-a032-976b6ed0bed9", "policy_hash": "50b558f282e710e08158d587c303ad7af0de20047f13c4333ed783a139553b07", "policy_id": "18ec6638-1911-4f9e-a067-9df2c96ed455", "proposal_hash": "018fd74e65e17760a4bebe4ea74b1404e69126e388434c63556232f82b117a31", "proposal_id": "b0620f5d-66f4-5c05-ac8e-0ae5d8f94c9d", "query_basis_hash": "d21430d4a0405b0a6ab1c814309f1a0819740a92c6a49d72d63ecc0cbc0e1be6", "request_id": "383797d7-9710-43cd-a90a-453199597aa0", "request_revision": 1, "resolution_expires_at": "2026-10-01T16:49:21.108857+00:00", "root_id": "ffe16935-ab30-4812-920a-3df9edf31f04", "runtime_version": "kl079-full-actions-v1", "snapshot_id": "983d5857-1343-4a92-9b82-64a068f7c58a", "source_hash": "3611cd7eca4e29904424fad581bb82a26578aee78a3a739d18f3513b1cba0075", "source_id": "e2ab61c1-f1f2-534c-96ce-c97b14629a29", "source_members": ["22f5a89d-a30f-435b-987d-1f364aff516e", "4f436d86-31b1-4c33-b0d1-d0cca9575add", "ce588e78-df3f-4489-bb72-199f8757418f"], "source_ranges": ["2026-09-30T15:49:21.108857+00:00", "2026-10-01T16:49:21.108857+00:00"], "subject_id": "09249e92-89ad-4465-a38a-0de4c8716eb9", "superseded_or_retracted_items": [], "supporting_events": ["76b2908c-3f91-42dd-b482-35848a7429ca"], "truncation_status": "NOT_TRUNCATED", "version": "kl076-mechanical-test-v1"}}, "event": "864efddb-3678-4580-8e65-4174cf021a98", "hash": "a319cb2fff6f1568f450aee722de98b575685ae27bec3cf1b8d4235670085afa", "id": "1e27ec8d-afc3-523c-85d8-946dec55c47e", "kind": "full_output", "owner": "ResolveEvidence", "payload": {"action_parameters_hash": "f863709ebb1218374d5c57e23c2de587f9f616ac436ec20eb3d2f983ed1bb000", "action_type": "TRAINING", "attempt_id": "7d4ac616-74b2-48cd-82b4-401e48336db1", "captured_epoch": 1, "consistency": "CONSISTENT", "context_hash": "04b0f51399b34ac599f47083ed45cb17a2d7874acf3722a94427e4f36a9c010d", "contract": "kl079-full-actions-v1", "contradicting_events": [], "coverage": "PARTIAL", "demand_hash": "9e94b972115cc05fd18e61fd27b041d934b653042e87deed49b624e4747c1b0d", "demand_id": "c56e8ee1-8070-5706-8a17-bc52cfd3c4aa", "event_association_status": "CONFIRMED", "facts": [{"admission": "ADMITTED", "admission_hash": "dcc7ba15b9dd99b1a399d335837a5749e96a8855697b96336c103791f9bf80f6", "admission_id": "22f5a89d-a30f-435b-987d-1f364aff516e", "association": "CONFIRMED", "association_hash": "dc45a3e127cb7cff3a52754200ca68135b5b077fe80100d20cb90b8dc1269bac", "association_id": "ce588e78-df3f-4489-bb72-199f8757418f", "contradicts": false, "effective_at": "2026-10-01T14:49:21.108857+00:00", "event_id": "76b2908c-3f91-42dd-b482-35848a7429ca", "exercise": "fixture:cycle", "fact_hash": "c2991d163655eb59ff9265bdf40757364ef30ed671237bf2e420d61b5167f728", "fact_id": "4f436d86-31b1-4c33-b0d1-d0cca9575add", "lower_minutes": 10, "policy_id": "18ec6638-1911-4f9e-a067-9df2c96ed455", "replaces_slot": "prior-slot", "retracted": false, "scope": "TEST_ONLY", "semantic_class": "ACTUAL_EXECUTION", "subject_id": "09249e92-89ad-4465-a38a-0de4c8716eb9", "upper_minutes": 10, "valid_until": "2026-10-01T16:49:21.108857+00:00"}], "fitness_hash": "018fd74e65e17760a4bebe4ea74b1404e69126e388434c63556232f82b117a31", "fitness_id": "b0620f5d-66f4-5c05-ac8e-0ae5d8f94c9d", "id": "1e27ec8d-afc3-523c-85d8-946dec55c47e", "kind": "RESOLUTION", "manifest_hash": "d56caf1b72261b3c4d29870a38236b67199b7b1cc30f3d3d59d940db79cf8b7e", "manifest_id": "cbc528c3-9d54-4fff-b19f-5c916c704dea", "nutrition_hash": "d2ff6ea9a991ce5d081c0a3f110c88ee029b5295d292af303a468fe0ff03ada4", "nutrition_id": "ea064440-f34b-587f-a032-976b6ed0bed9", "policy_hash": "50b558f282e710e08158d587c303ad7af0de20047f13c4333ed783a139553b07", "policy_id": "18ec6638-1911-4f9e-a067-9df2c96ed455", "proposal_hash": "018fd74e65e17760a4bebe4ea74b1404e69126e388434c63556232f82b117a31", "proposal_id": "b0620f5d-66f4-5c05-ac8e-0ae5d8f94c9d", "query_basis_hash": "d21430d4a0405b0a6ab1c814309f1a0819740a92c6a49d72d63ecc0cbc0e1be6", "request_id": "383797d7-9710-43cd-a90a-453199597aa0", "request_revision": 1, "resolution_expires_at": "2026-10-01T16:49:21.108857+00:00", "root_id": "ffe16935-ab30-4812-920a-3df9edf31f04", "runtime_version": "kl079-full-actions-v1", "snapshot_id": "983d5857-1343-4a92-9b82-64a068f7c58a", "source_hash": "3611cd7eca4e29904424fad581bb82a26578aee78a3a739d18f3513b1cba0075", "source_id": "e2ab61c1-f1f2-534c-96ce-c97b14629a29", "source_members": ["22f5a89d-a30f-435b-987d-1f364aff516e", "4f436d86-31b1-4c33-b0d1-d0cca9575add", "ce588e78-df3f-4489-bb72-199f8757418f"], "source_ranges": ["2026-09-30T15:49:21.108857+00:00", "2026-10-01T16:49:21.108857+00:00"], "subject_id": "09249e92-89ad-4465-a38a-0de4c8716eb9", "superseded_or_retracted_items": [], "supporting_events": ["76b2908c-3f91-42dd-b482-35848a7429ca"], "truncation_status": "NOT_TRUNCATED", "version": "kl076-mechanical-test-v1"}, "receipt": "c699f756-8fdb-4cfc-b236-574fff6f04ab"}
FIXTURE_EVIDENCE {"accepted_at": "2026-10-01 15:49:21.617664+00:00", "columns": {"action_parameters_hash": "8194b165ac609544d7c59fdf8b67104428844897e8172181508102e379fa6a39", "action_type": "NUTRITION", "content_hash": "db831c3eb1b4a92c2ba10071ec67d6a8839e2deab6e25a270abe36f3c7f42616", "content_schema_version": 1, "effective_at": null, "hash_scheme_version": 1, "id": "bf1f9016-9662-5fe9-96f2-dbe58834555d", "known_at": null, "query_basis_hash": "fbcfc3d8f7edf3a3fdd39782646b4f3b6e86b9418c8cccb4882b9315856d78bb", "recorded_at": "2026-10-01T15:49:21.610446+00:00", "ref_s05_id": "18ec6638-1911-4f9e-a067-9df2c96ed455", "ref_s09_id": null, "ref_s12_id": null, "ref_s14_id": null, "ref_s24_id": "cbc528c3-9d54-4fff-b19f-5c916c704dea", "resolution_expires_at": "2026-10-01T16:49:21.108857+00:00", "resolver_version": "kl079-full-actions-v1", "revision": 1, "status": null, "subject_id": "09249e92-89ad-4465-a38a-0de4c8716eb9", "typed_payload": {"action_parameters_hash": "8194b165ac609544d7c59fdf8b67104428844897e8172181508102e379fa6a39", "action_type": "NUTRITION", "attempt_id": "7d4ac616-74b2-48cd-82b4-401e48336db1", "captured_epoch": 1, "consistency": "CONSISTENT", "context_hash": "04b0f51399b34ac599f47083ed45cb17a2d7874acf3722a94427e4f36a9c010d", "contract": "kl079-full-actions-v1", "contradicting_events": [], "coverage": "PARTIAL", "demand_hash": "9e94b972115cc05fd18e61fd27b041d934b653042e87deed49b624e4747c1b0d", "demand_id": "c56e8ee1-8070-5706-8a17-bc52cfd3c4aa", "event_association_status": "CONFIRMED", "facts": [{"admission": "ADMITTED", "admission_hash": "dcc7ba15b9dd99b1a399d335837a5749e96a8855697b96336c103791f9bf80f6", "admission_id": "22f5a89d-a30f-435b-987d-1f364aff516e", "association": "CONFIRMED", "association_hash": "dc45a3e127cb7cff3a52754200ca68135b5b077fe80100d20cb90b8dc1269bac", "association_id": "ce588e78-df3f-4489-bb72-199f8757418f", "contradicts": false, "effective_at": "2026-10-01T14:49:21.108857+00:00", "event_id": "76b2908c-3f91-42dd-b482-35848a7429ca", "exercise": "fixture:cycle", "fact_hash": "c2991d163655eb59ff9265bdf40757364ef30ed671237bf2e420d61b5167f728", "fact_id": "4f436d86-31b1-4c33-b0d1-d0cca9575add", "lower_minutes": 10, "policy_id": "18ec6638-1911-4f9e-a067-9df2c96ed455", "replaces_slot": "prior-slot", "retracted": false, "scope": "TEST_ONLY", "semantic_class": "ACTUAL_EXECUTION", "subject_id": "09249e92-89ad-4465-a38a-0de4c8716eb9", "upper_minutes": 10, "valid_until": "2026-10-01T16:49:21.108857+00:00"}], "fitness_hash": "018fd74e65e17760a4bebe4ea74b1404e69126e388434c63556232f82b117a31", "fitness_id": "b0620f5d-66f4-5c05-ac8e-0ae5d8f94c9d", "id": "bf1f9016-9662-5fe9-96f2-dbe58834555d", "kind": "RESOLUTION", "manifest_hash": "d56caf1b72261b3c4d29870a38236b67199b7b1cc30f3d3d59d940db79cf8b7e", "manifest_id": "cbc528c3-9d54-4fff-b19f-5c916c704dea", "nutrition_hash": "d2ff6ea9a991ce5d081c0a3f110c88ee029b5295d292af303a468fe0ff03ada4", "nutrition_id": "ea064440-f34b-587f-a032-976b6ed0bed9", "policy_hash": "50b558f282e710e08158d587c303ad7af0de20047f13c4333ed783a139553b07", "policy_id": "18ec6638-1911-4f9e-a067-9df2c96ed455", "proposal_hash": "d2ff6ea9a991ce5d081c0a3f110c88ee029b5295d292af303a468fe0ff03ada4", "proposal_id": "ea064440-f34b-587f-a032-976b6ed0bed9", "query_basis_hash": "fbcfc3d8f7edf3a3fdd39782646b4f3b6e86b9418c8cccb4882b9315856d78bb", "request_id": "383797d7-9710-43cd-a90a-453199597aa0", "request_revision": 1, "resolution_expires_at": "2026-10-01T16:49:21.108857+00:00", "root_id": "ffe16935-ab30-4812-920a-3df9edf31f04", "runtime_version": "kl079-full-actions-v1", "snapshot_id": "983d5857-1343-4a92-9b82-64a068f7c58a", "source_hash": "3611cd7eca4e29904424fad581bb82a26578aee78a3a739d18f3513b1cba0075", "source_id": "e2ab61c1-f1f2-534c-96ce-c97b14629a29", "source_members": ["22f5a89d-a30f-435b-987d-1f364aff516e", "4f436d86-31b1-4c33-b0d1-d0cca9575add", "ce588e78-df3f-4489-bb72-199f8757418f"], "source_ranges": ["2026-09-30T15:49:21.108857+00:00", "2026-10-01T16:49:21.108857+00:00"], "subject_id": "09249e92-89ad-4465-a38a-0de4c8716eb9", "superseded_or_retracted_items": [], "supporting_events": ["76b2908c-3f91-42dd-b482-35848a7429ca"], "truncation_status": "NOT_TRUNCATED", "version": "kl076-mechanical-test-v1"}}, "event": "4a1c49a0-622d-4545-a52a-9eda87300f3a", "hash": "db831c3eb1b4a92c2ba10071ec67d6a8839e2deab6e25a270abe36f3c7f42616", "id": "bf1f9016-9662-5fe9-96f2-dbe58834555d", "kind": "full_output", "owner": "ResolveEvidence", "payload": {"action_parameters_hash": "8194b165ac609544d7c59fdf8b67104428844897e8172181508102e379fa6a39", "action_type": "NUTRITION", "attempt_id": "7d4ac616-74b2-48cd-82b4-401e48336db1", "captured_epoch": 1, "consistency": "CONSISTENT", "context_hash": "04b0f51399b34ac599f47083ed45cb17a2d7874acf3722a94427e4f36a9c010d", "contract": "kl079-full-actions-v1", "contradicting_events": [], "coverage": "PARTIAL", "demand_hash": "9e94b972115cc05fd18e61fd27b041d934b653042e87deed49b624e4747c1b0d", "demand_id": "c56e8ee1-8070-5706-8a17-bc52cfd3c4aa", "event_association_status": "CONFIRMED", "facts": [{"admission": "ADMITTED", "admission_hash": "dcc7ba15b9dd99b1a399d335837a5749e96a8855697b96336c103791f9bf80f6", "admission_id": "22f5a89d-a30f-435b-987d-1f364aff516e", "association": "CONFIRMED", "association_hash": "dc45a3e127cb7cff3a52754200ca68135b5b077fe80100d20cb90b8dc1269bac", "association_id": "ce588e78-df3f-4489-bb72-199f8757418f", "contradicts": false, "effective_at": "2026-10-01T14:49:21.108857+00:00", "event_id": "76b2908c-3f91-42dd-b482-35848a7429ca", "exercise": "fixture:cycle", "fact_hash": "c2991d163655eb59ff9265bdf40757364ef30ed671237bf2e420d61b5167f728", "fact_id": "4f436d86-31b1-4c33-b0d1-d0cca9575add", "lower_minutes": 10, "policy_id": "18ec6638-1911-4f9e-a067-9df2c96ed455", "replaces_slot": "prior-slot", "retracted": false, "scope": "TEST_ONLY", "semantic_class": "ACTUAL_EXECUTION", "subject_id": "09249e92-89ad-4465-a38a-0de4c8716eb9", "upper_minutes": 10, "valid_until": "2026-10-01T16:49:21.108857+00:00"}], "fitness_hash": "018fd74e65e17760a4bebe4ea74b1404e69126e388434c63556232f82b117a31", "fitness_id": "b0620f5d-66f4-5c05-ac8e-0ae5d8f94c9d", "id": "bf1f9016-9662-5fe9-96f2-dbe58834555d", "kind": "RESOLUTION", "manifest_hash": "d56caf1b72261b3c4d29870a38236b67199b7b1cc30f3d3d59d940db79cf8b7e", "manifest_id": "cbc528c3-9d54-4fff-b19f-5c916c704dea", "nutrition_hash": "d2ff6ea9a991ce5d081c0a3f110c88ee029b5295d292af303a468fe0ff03ada4", "nutrition_id": "ea064440-f34b-587f-a032-976b6ed0bed9", "policy_hash": "50b558f282e710e08158d587c303ad7af0de20047f13c4333ed783a139553b07", "policy_id": "18ec6638-1911-4f9e-a067-9df2c96ed455", "proposal_hash": "d2ff6ea9a991ce5d081c0a3f110c88ee029b5295d292af303a468fe0ff03ada4", "proposal_id": "ea064440-f34b-587f-a032-976b6ed0bed9", "query_basis_hash": "fbcfc3d8f7edf3a3fdd39782646b4f3b6e86b9418c8cccb4882b9315856d78bb", "request_id": "383797d7-9710-43cd-a90a-453199597aa0", "request_revision": 1, "resolution_expires_at": "2026-10-01T16:49:21.108857+00:00", "root_id": "ffe16935-ab30-4812-920a-3df9edf31f04", "runtime_version": "kl079-full-actions-v1", "snapshot_id": "983d5857-1343-4a92-9b82-64a068f7c58a", "source_hash": "3611cd7eca4e29904424fad581bb82a26578aee78a3a739d18f3513b1cba0075", "source_id": "e2ab61c1-f1f2-534c-96ce-c97b14629a29", "source_members": ["22f5a89d-a30f-435b-987d-1f364aff516e", "4f436d86-31b1-4c33-b0d1-d0cca9575add", "ce588e78-df3f-4489-bb72-199f8757418f"], "source_ranges": ["2026-09-30T15:49:21.108857+00:00", "2026-10-01T16:49:21.108857+00:00"], "subject_id": "09249e92-89ad-4465-a38a-0de4c8716eb9", "superseded_or_retracted_items": [], "supporting_events": ["76b2908c-3f91-42dd-b482-35848a7429ca"], "truncation_status": "NOT_TRUNCATED", "version": "kl076-mechanical-test-v1"}, "receipt": "c21b41ae-6b11-42c5-bebf-6a0c61c60058"}
FIXTURE_EVIDENCE {"current_guard_reached": false, "dimension": "source_membership", "exception": "PlanningDenied", "ingress_passed": false, "kind": "denial", "message": "missing/contradictory/incomplete/truncated/mismatched/expired resolution", "zero_effects": true}
.FIXTURE_EVIDENCE {"compose": "kineticloop-kl079-full-949bbd5-90cbd6dddc92", "database": "kineticloop_kl079_full_949bbd5_90cbd6dddc92", "elapsed": 5.509383500088006, "inventory": ["bootstrap_two_phase(selected_lifecycle)", "reset", "start", "destroy"], "kind": "cleanup", "remaining_resources": {"container": "", "network": "", "volume": ""}}
INFO  [alembic.runtime.migration] Context impl PostgresqlImpl.
INFO  [alembic.runtime.migration] Will assume transactional DDL.
INFO  [alembic.runtime.migration] Running upgrade  -> 76fd67f76bd4, frozen S01-S51 baseline
INFO  [alembic.runtime.migration] Context impl PostgresqlImpl.
INFO  [alembic.runtime.migration] Will assume transactional DDL.
INFO  [alembic.runtime.migration] Running upgrade 76fd67f76bd4 -> a3f91c7d2e10, migrated SafetyRegistry integration and role-owner hardening
INFO  [alembic.runtime.migration] Running upgrade a3f91c7d2e10 -> b6e4d8a1c927, trusted artifact registration and bounded dependency admission
INFO  [alembic.runtime.migration] Running upgrade b6e4d8a1c927 -> d4c1a9e7b203, production, test, and evaluation subject namespace isolation
INFO  [alembic.runtime.migration] Running upgrade d4c1a9e7b203 -> e8c2f1a6b904, Materialize frozen S27 active partition uniqueness (legacy PENDING = ADMITTED).
NAMESPACE_PU DatabaseNamespace(project_name='kineticloop-kl079-full-949bbd5-90cbd6dddc92', database_name='kineticloop_kl079_full_949bbd5_90cbd6dddc92') negative_controls=foreign_root,sha,digest,label,ambient,nested_cleanup nested_inventory ['bootstrap_two_phase(selected_lifecycle)', 'destroy']
FIXTURE_EVIDENCE {"bootstrap_elapsed": 3.3431009168270975, "compose": "kineticloop-kl079-full-949bbd5-90cbd6dddc92", "database": "kineticloop_kl079_full_949bbd5_90cbd6dddc92", "kind": "namespace", "migration": "e8c2f1a6b904", "nested_routes": ["bootstrap_two_phase(selected_lifecycle)", "reset", "start", "compose/_run", "validate_current_database_before_every_source/owner/reset", "finally_destroy"], "resolved_root": "/Users/davetian/.codex/worktrees/685e/KineticLoop", "tested_commit": "949bbd530061ecb3644998719fe998f86cad999e"}
FIXTURE_EVIDENCE {"hash": "47141293664d61f6dffde2ef2550b381be3062798b82a38a2f890be50e3c8f8a", "id": "52b7a01d-6f29-4fd2-b63b-e0474b5715f2", "immutable_dependencies": ["1fcca80c-e247-4036-8c5b-8e99b06874aa", "e6d339d2-54eb-402a-a4ca-a04848897f1d"], "kind": "runtime_registration", "owner": "SafetyRegistry.RegisterArtifact", "version": "kl079-full-actions-v1"}
FIXTURE_EVIDENCE {"epoch": 1, "factset": "dfd03cf1-c6d3-55ca-a3a5-325a726c13b6", "kind": "upstream", "membership_digest": "baa2133bb3713ac23ea6f305478f616c3e7b25ab6f2e1f2ae50edf61aba2b4d9", "projection": {"dependency_ids": ["26704bce-fa3f-58c8-b752-0f348502fb03", "2d108d62-6b26-50a3-8db2-79638d2206d0", "71e5042b-2d1b-5b87-9223-a39f5235f71c", "79741bf5-8fb6-5622-9756-72e2ad850e30", "9ce0dc06-f702-57c4-b583-ea0f7b3cb4ce", "d9eb892f-9301-5926-ba55-9681712dbefb"], "executable": false, "input_basis_hash": "5a0bba9d9d09ca7deaed1d94e117c73218e48bc3fcb4dbe876a6a07765f8b17f", "projection_id": "64aa368b-57a8-57c4-8ce8-49ed7e17303c", "revision": 1}, "publication": {"event_id": "112ff56e-d513-4b54-9de0-65ce6da9cb26", "executable": false, "generation": 1, "manifest_id": "32446027-d391-478f-a2ce-ec10a737806d", "receipt_id": "b49ac18c-9cb2-4b03-866c-58ece3edadf6", "replayed": false}, "ready": {"artifact_dependency_closure_hash": "7ce67debbeb9a2abd95ec67de3da9efb22dc59ca746427999d97ff415544b330", "build_id": "9b1529bf-3154-54c0-9122-d6227e19296f", "dependency_basis_hash": "16ce425429a37576702400bcec7993648c9ab1f6726e983d6fd5e3ff2b654375", "executable": false, "manifest_hash": "220c7b96ce85d6f7db1ad81690516464df974e36e53fa8ebc9d8771709a3c26a", "status": "READY"}, "subject": "31385466-aebb-4ca1-a660-16b014ee564a"}
FIXTURE_EVIDENCE {"accepted_at": "2026-10-01 15:49:26.624317+00:00", "columns": {"action_parameters_hash": "f863709ebb1218374d5c57e23c2de587f9f616ac436ec20eb3d2f983ed1bb000", "action_type": "TRAINING", "content_hash": "21c1fc853b4a3b5367c394bc735ffd52dadbc884876be2aeee9a955d762012d7", "content_schema_version": 1, "effective_at": null, "hash_scheme_version": 1, "id": "fe1608b2-fbd8-5a90-8c59-f2c8752f4fbd", "known_at": null, "query_basis_hash": "61c01263753a07a9058be45bda22285f4633b28b3f8ee40835ec554b067acf65", "recorded_at": "2026-10-01T15:49:26.620209+00:00", "ref_s05_id": "5dea2135-69f0-4152-82cb-b00da8b63504", "ref_s09_id": null, "ref_s12_id": null, "ref_s14_id": null, "ref_s24_id": "32446027-d391-478f-a2ce-ec10a737806d", "resolution_expires_at": "2026-10-01T16:49:26.225962+00:00", "resolver_version": "kl079-full-actions-v1", "revision": 1, "status": null, "subject_id": "31385466-aebb-4ca1-a660-16b014ee564a", "typed_payload": {"action_parameters_hash": "f863709ebb1218374d5c57e23c2de587f9f616ac436ec20eb3d2f983ed1bb000", "action_type": "TRAINING", "attempt_id": "8ff12863-29af-4cf4-978f-04fe9436b4ef", "captured_epoch": 1, "consistency": "CONFLICTED", "context_hash": "4a5a3a6b8a27760489fc412ccf01a2f9a9efdee6cd7499c90f5dd9daca6ac9d8", "contract": "kl079-full-actions-v1", "contradicting_events": ["1d9fe55b-3d53-4811-bf86-3360650395fd"], "coverage": "COMPLETE_FOR_POLICY", "demand_hash": "81ecb6de692b5aea6ec336cdf4c5637eeaf5f662e8245010c8a8ecc1d329efdc", "demand_id": "503457a7-d1c4-51ab-8c24-74c9a3c2266c", "event_association_status": "CONFIRMED", "facts": [{"admission": "ADMITTED", "admission_hash": "53c666627d82fcd223f5e08e5400a4ffb348a2ee7dd048dd63c8fc241f6ef03d", "admission_id": "ad8defc6-df85-4bf0-a384-fff48dc75860", "association": "CONFIRMED", "association_hash": "d5066be08ac78eb52e7b25f00e7c69b7db8a853900e9d95a434b584d1067ad3d", "association_id": "9de68613-2ce7-4711-a21b-9989c39ecedc", "contradicts": true, "effective_at": "2026-10-01T14:49:26.225962+00:00", "event_id": "1d9fe55b-3d53-4811-bf86-3360650395fd", "exercise": "fixture:cycle", "fact_hash": "03d302294fb4aaf686021c69cfce91bdc9e5f0963b1fccd2fd8861967584a459", "fact_id": "4df38096-8801-42aa-bd08-d334ebee61f3", "lower_minutes": 10, "policy_id": "5dea2135-69f0-4152-82cb-b00da8b63504", "replaces_slot": "prior-slot", "retracted": false, "scope": "TEST_ONLY", "semantic_class": "ACTUAL_EXECUTION", "subject_id": "31385466-aebb-4ca1-a660-16b014ee564a", "upper_minutes": 10, "valid_until": "2026-10-01T16:49:26.225962+00:00"}], "fitness_hash": "b494e2b2a65d2019c004af1228928226d11e5e8ecfc1947052856034ca930e38", "fitness_id": "b8b8ba4d-4a93-5b08-84e3-308eda13f282", "id": "fe1608b2-fbd8-5a90-8c59-f2c8752f4fbd", "kind": "RESOLUTION", "manifest_hash": "220c7b96ce85d6f7db1ad81690516464df974e36e53fa8ebc9d8771709a3c26a", "manifest_id": "32446027-d391-478f-a2ce-ec10a737806d", "nutrition_hash": "ae5ac3f49f265c4548c8a3171a118b26c428d2e0a3eb9dc8e0990477af6eee11", "nutrition_id": "7a0efa7d-1624-54e9-82b1-1bc4b9212429", "policy_hash": "c2212b3b5292b5e88cf27e3615c129fca0c3e2dfad7cebd296443e3d1323d07c", "policy_id": "5dea2135-69f0-4152-82cb-b00da8b63504", "proposal_hash": "b494e2b2a65d2019c004af1228928226d11e5e8ecfc1947052856034ca930e38", "proposal_id": "b8b8ba4d-4a93-5b08-84e3-308eda13f282", "query_basis_hash": "61c01263753a07a9058be45bda22285f4633b28b3f8ee40835ec554b067acf65", "request_id": "d8e8aed8-a383-44b0-aebe-c13655a18939", "request_revision": 1, "resolution_expires_at": "2026-10-01T16:49:26.225962+00:00", "root_id": "21b391e9-7208-4622-b2e8-8de0291cfc1a", "runtime_version": "kl079-full-actions-v1", "snapshot_id": "58e02a60-bcf9-4ec5-a757-31707c9c7caf", "source_hash": "e9bdf5a3a9ee5daecb5e9ddc2a720cd06b4487e32bcac6ddc0e28ac10f18baad", "source_id": "dfd03cf1-c6d3-55ca-a3a5-325a726c13b6", "source_members": ["4df38096-8801-42aa-bd08-d334ebee61f3", "9de68613-2ce7-4711-a21b-9989c39ecedc", "ad8defc6-df85-4bf0-a384-fff48dc75860"], "source_ranges": ["2026-09-30T15:49:26.225962+00:00", "2026-10-01T16:49:26.225962+00:00"], "subject_id": "31385466-aebb-4ca1-a660-16b014ee564a", "superseded_or_retracted_items": [], "supporting_events": [], "truncation_status": "NOT_TRUNCATED", "version": "kl076-mechanical-test-v1"}}, "event": "d143e2f0-5069-48d3-906c-28a906722593", "hash": "21c1fc853b4a3b5367c394bc735ffd52dadbc884876be2aeee9a955d762012d7", "id": "fe1608b2-fbd8-5a90-8c59-f2c8752f4fbd", "kind": "full_output", "owner": "ResolveEvidence", "payload": {"action_parameters_hash": "f863709ebb1218374d5c57e23c2de587f9f616ac436ec20eb3d2f983ed1bb000", "action_type": "TRAINING", "attempt_id": "8ff12863-29af-4cf4-978f-04fe9436b4ef", "captured_epoch": 1, "consistency": "CONFLICTED", "context_hash": "4a5a3a6b8a27760489fc412ccf01a2f9a9efdee6cd7499c90f5dd9daca6ac9d8", "contract": "kl079-full-actions-v1", "contradicting_events": ["1d9fe55b-3d53-4811-bf86-3360650395fd"], "coverage": "COMPLETE_FOR_POLICY", "demand_hash": "81ecb6de692b5aea6ec336cdf4c5637eeaf5f662e8245010c8a8ecc1d329efdc", "demand_id": "503457a7-d1c4-51ab-8c24-74c9a3c2266c", "event_association_status": "CONFIRMED", "facts": [{"admission": "ADMITTED", "admission_hash": "53c666627d82fcd223f5e08e5400a4ffb348a2ee7dd048dd63c8fc241f6ef03d", "admission_id": "ad8defc6-df85-4bf0-a384-fff48dc75860", "association": "CONFIRMED", "association_hash": "d5066be08ac78eb52e7b25f00e7c69b7db8a853900e9d95a434b584d1067ad3d", "association_id": "9de68613-2ce7-4711-a21b-9989c39ecedc", "contradicts": true, "effective_at": "2026-10-01T14:49:26.225962+00:00", "event_id": "1d9fe55b-3d53-4811-bf86-3360650395fd", "exercise": "fixture:cycle", "fact_hash": "03d302294fb4aaf686021c69cfce91bdc9e5f0963b1fccd2fd8861967584a459", "fact_id": "4df38096-8801-42aa-bd08-d334ebee61f3", "lower_minutes": 10, "policy_id": "5dea2135-69f0-4152-82cb-b00da8b63504", "replaces_slot": "prior-slot", "retracted": false, "scope": "TEST_ONLY", "semantic_class": "ACTUAL_EXECUTION", "subject_id": "31385466-aebb-4ca1-a660-16b014ee564a", "upper_minutes": 10, "valid_until": "2026-10-01T16:49:26.225962+00:00"}], "fitness_hash": "b494e2b2a65d2019c004af1228928226d11e5e8ecfc1947052856034ca930e38", "fitness_id": "b8b8ba4d-4a93-5b08-84e3-308eda13f282", "id": "fe1608b2-fbd8-5a90-8c59-f2c8752f4fbd", "kind": "RESOLUTION", "manifest_hash": "220c7b96ce85d6f7db1ad81690516464df974e36e53fa8ebc9d8771709a3c26a", "manifest_id": "32446027-d391-478f-a2ce-ec10a737806d", "nutrition_hash": "ae5ac3f49f265c4548c8a3171a118b26c428d2e0a3eb9dc8e0990477af6eee11", "nutrition_id": "7a0efa7d-1624-54e9-82b1-1bc4b9212429", "policy_hash": "c2212b3b5292b5e88cf27e3615c129fca0c3e2dfad7cebd296443e3d1323d07c", "policy_id": "5dea2135-69f0-4152-82cb-b00da8b63504", "proposal_hash": "b494e2b2a65d2019c004af1228928226d11e5e8ecfc1947052856034ca930e38", "proposal_id": "b8b8ba4d-4a93-5b08-84e3-308eda13f282", "query_basis_hash": "61c01263753a07a9058be45bda22285f4633b28b3f8ee40835ec554b067acf65", "request_id": "d8e8aed8-a383-44b0-aebe-c13655a18939", "request_revision": 1, "resolution_expires_at": "2026-10-01T16:49:26.225962+00:00", "root_id": "21b391e9-7208-4622-b2e8-8de0291cfc1a", "runtime_version": "kl079-full-actions-v1", "snapshot_id": "58e02a60-bcf9-4ec5-a757-31707c9c7caf", "source_hash": "e9bdf5a3a9ee5daecb5e9ddc2a720cd06b4487e32bcac6ddc0e28ac10f18baad", "source_id": "dfd03cf1-c6d3-55ca-a3a5-325a726c13b6", "source_members": ["4df38096-8801-42aa-bd08-d334ebee61f3", "9de68613-2ce7-4711-a21b-9989c39ecedc", "ad8defc6-df85-4bf0-a384-fff48dc75860"], "source_ranges": ["2026-09-30T15:49:26.225962+00:00", "2026-10-01T16:49:26.225962+00:00"], "subject_id": "31385466-aebb-4ca1-a660-16b014ee564a", "superseded_or_retracted_items": [], "supporting_events": [], "truncation_status": "NOT_TRUNCATED", "version": "kl076-mechanical-test-v1"}, "receipt": "8ec04c00-c3aa-454e-9d9a-c9b0e4b2020a"}
FIXTURE_EVIDENCE {"accepted_at": "2026-10-01 15:49:26.652230+00:00", "columns": {"action_parameters_hash": "8194b165ac609544d7c59fdf8b67104428844897e8172181508102e379fa6a39", "action_type": "NUTRITION", "content_hash": "827e942c1ccf58f7ca1aaeedefe8f42270a1fba9ca70f68effcbb0b5246127c7", "content_schema_version": 1, "effective_at": null, "hash_scheme_version": 1, "id": "fd34e3c8-5fff-55fe-8d10-79e77ea6a686", "known_at": null, "query_basis_hash": "05edeef53603112c418545ba05eea45ced700a6d293cd776211c98216122192f", "recorded_at": "2026-10-01T15:49:26.649078+00:00", "ref_s05_id": "5dea2135-69f0-4152-82cb-b00da8b63504", "ref_s09_id": null, "ref_s12_id": null, "ref_s14_id": null, "ref_s24_id": "32446027-d391-478f-a2ce-ec10a737806d", "resolution_expires_at": "2026-10-01T16:49:26.225962+00:00", "resolver_version": "kl079-full-actions-v1", "revision": 1, "status": null, "subject_id": "31385466-aebb-4ca1-a660-16b014ee564a", "typed_payload": {"action_parameters_hash": "8194b165ac609544d7c59fdf8b67104428844897e8172181508102e379fa6a39", "action_type": "NUTRITION", "attempt_id": "8ff12863-29af-4cf4-978f-04fe9436b4ef", "captured_epoch": 1, "consistency": "CONFLICTED", "context_hash": "4a5a3a6b8a27760489fc412ccf01a2f9a9efdee6cd7499c90f5dd9daca6ac9d8", "contract": "kl079-full-actions-v1", "contradicting_events": ["1d9fe55b-3d53-4811-bf86-3360650395fd"], "coverage": "COMPLETE_FOR_POLICY", "demand_hash": "81ecb6de692b5aea6ec336cdf4c5637eeaf5f662e8245010c8a8ecc1d329efdc", "demand_id": "503457a7-d1c4-51ab-8c24-74c9a3c2266c", "event_association_status": "CONFIRMED", "facts": [{"admission": "ADMITTED", "admission_hash": "53c666627d82fcd223f5e08e5400a4ffb348a2ee7dd048dd63c8fc241f6ef03d", "admission_id": "ad8defc6-df85-4bf0-a384-fff48dc75860", "association": "CONFIRMED", "association_hash": "d5066be08ac78eb52e7b25f00e7c69b7db8a853900e9d95a434b584d1067ad3d", "association_id": "9de68613-2ce7-4711-a21b-9989c39ecedc", "contradicts": true, "effective_at": "2026-10-01T14:49:26.225962+00:00", "event_id": "1d9fe55b-3d53-4811-bf86-3360650395fd", "exercise": "fixture:cycle", "fact_hash": "03d302294fb4aaf686021c69cfce91bdc9e5f0963b1fccd2fd8861967584a459", "fact_id": "4df38096-8801-42aa-bd08-d334ebee61f3", "lower_minutes": 10, "policy_id": "5dea2135-69f0-4152-82cb-b00da8b63504", "replaces_slot": "prior-slot", "retracted": false, "scope": "TEST_ONLY", "semantic_class": "ACTUAL_EXECUTION", "subject_id": "31385466-aebb-4ca1-a660-16b014ee564a", "upper_minutes": 10, "valid_until": "2026-10-01T16:49:26.225962+00:00"}], "fitness_hash": "b494e2b2a65d2019c004af1228928226d11e5e8ecfc1947052856034ca930e38", "fitness_id": "b8b8ba4d-4a93-5b08-84e3-308eda13f282", "id": "fd34e3c8-5fff-55fe-8d10-79e77ea6a686", "kind": "RESOLUTION", "manifest_hash": "220c7b96ce85d6f7db1ad81690516464df974e36e53fa8ebc9d8771709a3c26a", "manifest_id": "32446027-d391-478f-a2ce-ec10a737806d", "nutrition_hash": "ae5ac3f49f265c4548c8a3171a118b26c428d2e0a3eb9dc8e0990477af6eee11", "nutrition_id": "7a0efa7d-1624-54e9-82b1-1bc4b9212429", "policy_hash": "c2212b3b5292b5e88cf27e3615c129fca0c3e2dfad7cebd296443e3d1323d07c", "policy_id": "5dea2135-69f0-4152-82cb-b00da8b63504", "proposal_hash": "ae5ac3f49f265c4548c8a3171a118b26c428d2e0a3eb9dc8e0990477af6eee11", "proposal_id": "7a0efa7d-1624-54e9-82b1-1bc4b9212429", "query_basis_hash": "05edeef53603112c418545ba05eea45ced700a6d293cd776211c98216122192f", "request_id": "d8e8aed8-a383-44b0-aebe-c13655a18939", "request_revision": 1, "resolution_expires_at": "2026-10-01T16:49:26.225962+00:00", "root_id": "21b391e9-7208-4622-b2e8-8de0291cfc1a", "runtime_version": "kl079-full-actions-v1", "snapshot_id": "58e02a60-bcf9-4ec5-a757-31707c9c7caf", "source_hash": "e9bdf5a3a9ee5daecb5e9ddc2a720cd06b4487e32bcac6ddc0e28ac10f18baad", "source_id": "dfd03cf1-c6d3-55ca-a3a5-325a726c13b6", "source_members": ["4df38096-8801-42aa-bd08-d334ebee61f3", "9de68613-2ce7-4711-a21b-9989c39ecedc", "ad8defc6-df85-4bf0-a384-fff48dc75860"], "source_ranges": ["2026-09-30T15:49:26.225962+00:00", "2026-10-01T16:49:26.225962+00:00"], "subject_id": "31385466-aebb-4ca1-a660-16b014ee564a", "superseded_or_retracted_items": [], "supporting_events": [], "truncation_status": "NOT_TRUNCATED", "version": "kl076-mechanical-test-v1"}}, "event": "2deacba5-3541-491f-91de-ff2b78ff5229", "hash": "827e942c1ccf58f7ca1aaeedefe8f42270a1fba9ca70f68effcbb0b5246127c7", "id": "fd34e3c8-5fff-55fe-8d10-79e77ea6a686", "kind": "full_output", "owner": "ResolveEvidence", "payload": {"action_parameters_hash": "8194b165ac609544d7c59fdf8b67104428844897e8172181508102e379fa6a39", "action_type": "NUTRITION", "attempt_id": "8ff12863-29af-4cf4-978f-04fe9436b4ef", "captured_epoch": 1, "consistency": "CONFLICTED", "context_hash": "4a5a3a6b8a27760489fc412ccf01a2f9a9efdee6cd7499c90f5dd9daca6ac9d8", "contract": "kl079-full-actions-v1", "contradicting_events": ["1d9fe55b-3d53-4811-bf86-3360650395fd"], "coverage": "COMPLETE_FOR_POLICY", "demand_hash": "81ecb6de692b5aea6ec336cdf4c5637eeaf5f662e8245010c8a8ecc1d329efdc", "demand_id": "503457a7-d1c4-51ab-8c24-74c9a3c2266c", "event_association_status": "CONFIRMED", "facts": [{"admission": "ADMITTED", "admission_hash": "53c666627d82fcd223f5e08e5400a4ffb348a2ee7dd048dd63c8fc241f6ef03d", "admission_id": "ad8defc6-df85-4bf0-a384-fff48dc75860", "association": "CONFIRMED", "association_hash": "d5066be08ac78eb52e7b25f00e7c69b7db8a853900e9d95a434b584d1067ad3d", "association_id": "9de68613-2ce7-4711-a21b-9989c39ecedc", "contradicts": true, "effective_at": "2026-10-01T14:49:26.225962+00:00", "event_id": "1d9fe55b-3d53-4811-bf86-3360650395fd", "exercise": "fixture:cycle", "fact_hash": "03d302294fb4aaf686021c69cfce91bdc9e5f0963b1fccd2fd8861967584a459", "fact_id": "4df38096-8801-42aa-bd08-d334ebee61f3", "lower_minutes": 10, "policy_id": "5dea2135-69f0-4152-82cb-b00da8b63504", "replaces_slot": "prior-slot", "retracted": false, "scope": "TEST_ONLY", "semantic_class": "ACTUAL_EXECUTION", "subject_id": "31385466-aebb-4ca1-a660-16b014ee564a", "upper_minutes": 10, "valid_until": "2026-10-01T16:49:26.225962+00:00"}], "fitness_hash": "b494e2b2a65d2019c004af1228928226d11e5e8ecfc1947052856034ca930e38", "fitness_id": "b8b8ba4d-4a93-5b08-84e3-308eda13f282", "id": "fd34e3c8-5fff-55fe-8d10-79e77ea6a686", "kind": "RESOLUTION", "manifest_hash": "220c7b96ce85d6f7db1ad81690516464df974e36e53fa8ebc9d8771709a3c26a", "manifest_id": "32446027-d391-478f-a2ce-ec10a737806d", "nutrition_hash": "ae5ac3f49f265c4548c8a3171a118b26c428d2e0a3eb9dc8e0990477af6eee11", "nutrition_id": "7a0efa7d-1624-54e9-82b1-1bc4b9212429", "policy_hash": "c2212b3b5292b5e88cf27e3615c129fca0c3e2dfad7cebd296443e3d1323d07c", "policy_id": "5dea2135-69f0-4152-82cb-b00da8b63504", "proposal_hash": "ae5ac3f49f265c4548c8a3171a118b26c428d2e0a3eb9dc8e0990477af6eee11", "proposal_id": "7a0efa7d-1624-54e9-82b1-1bc4b9212429", "query_basis_hash": "05edeef53603112c418545ba05eea45ced700a6d293cd776211c98216122192f", "request_id": "d8e8aed8-a383-44b0-aebe-c13655a18939", "request_revision": 1, "resolution_expires_at": "2026-10-01T16:49:26.225962+00:00", "root_id": "21b391e9-7208-4622-b2e8-8de0291cfc1a", "runtime_version": "kl079-full-actions-v1", "snapshot_id": "58e02a60-bcf9-4ec5-a757-31707c9c7caf", "source_hash": "e9bdf5a3a9ee5daecb5e9ddc2a720cd06b4487e32bcac6ddc0e28ac10f18baad", "source_id": "dfd03cf1-c6d3-55ca-a3a5-325a726c13b6", "source_members": ["4df38096-8801-42aa-bd08-d334ebee61f3", "9de68613-2ce7-4711-a21b-9989c39ecedc", "ad8defc6-df85-4bf0-a384-fff48dc75860"], "source_ranges": ["2026-09-30T15:49:26.225962+00:00", "2026-10-01T16:49:26.225962+00:00"], "subject_id": "31385466-aebb-4ca1-a660-16b014ee564a", "superseded_or_retracted_items": [], "supporting_events": [], "truncation_status": "NOT_TRUNCATED", "version": "kl076-mechanical-test-v1"}, "receipt": "4b0f5394-1d34-4a93-98d9-16c695f0c8c0"}
FIXTURE_EVIDENCE {"current_guard_reached": false, "dimension": "contradiction", "exception": "PlanningDenied", "ingress_passed": false, "kind": "denial", "message": "missing/contradictory/incomplete/truncated/mismatched/expired resolution", "zero_effects": true}
.FIXTURE_EVIDENCE {"compose": "kineticloop-kl079-full-949bbd5-90cbd6dddc92", "database": "kineticloop_kl079_full_949bbd5_90cbd6dddc92", "elapsed": 4.373672042042017, "inventory": ["bootstrap_two_phase(selected_lifecycle)", "reset", "start", "destroy"], "kind": "cleanup", "remaining_resources": {"container": "", "network": "", "volume": ""}}
INFO  [alembic.runtime.migration] Context impl PostgresqlImpl.
INFO  [alembic.runtime.migration] Will assume transactional DDL.
INFO  [alembic.runtime.migration] Running upgrade  -> 76fd67f76bd4, frozen S01-S51 baseline
INFO  [alembic.runtime.migration] Context impl PostgresqlImpl.
INFO  [alembic.runtime.migration] Will assume transactional DDL.
INFO  [alembic.runtime.migration] Running upgrade 76fd67f76bd4 -> a3f91c7d2e10, migrated SafetyRegistry integration and role-owner hardening
INFO  [alembic.runtime.migration] Running upgrade a3f91c7d2e10 -> b6e4d8a1c927, trusted artifact registration and bounded dependency admission
INFO  [alembic.runtime.migration] Running upgrade b6e4d8a1c927 -> d4c1a9e7b203, production, test, and evaluation subject namespace isolation
INFO  [alembic.runtime.migration] Running upgrade d4c1a9e7b203 -> e8c2f1a6b904, Materialize frozen S27 active partition uniqueness (legacy PENDING = ADMITTED).
NAMESPACE_PU DatabaseNamespace(project_name='kineticloop-kl079-full-949bbd5-90cbd6dddc92', database_name='kineticloop_kl079_full_949bbd5_90cbd6dddc92') negative_controls=foreign_root,sha,digest,label,ambient,nested_cleanup nested_inventory ['bootstrap_two_phase(selected_lifecycle)', 'destroy']
FIXTURE_EVIDENCE {"bootstrap_elapsed": 3.896192166954279, "compose": "kineticloop-kl079-full-949bbd5-90cbd6dddc92", "database": "kineticloop_kl079_full_949bbd5_90cbd6dddc92", "kind": "namespace", "migration": "e8c2f1a6b904", "nested_routes": ["bootstrap_two_phase(selected_lifecycle)", "reset", "start", "compose/_run", "validate_current_database_before_every_source/owner/reset", "finally_destroy"], "resolved_root": "/Users/davetian/.codex/worktrees/685e/KineticLoop", "tested_commit": "949bbd530061ecb3644998719fe998f86cad999e"}
FIXTURE_EVIDENCE {"hash": "47141293664d61f6dffde2ef2550b381be3062798b82a38a2f890be50e3c8f8a", "id": "a983863c-46d4-43bf-ad65-ef8576aa53ee", "immutable_dependencies": ["82af9bf3-07c8-4eed-89de-e042bb42e5a0", "7d271d21-4a5a-4ebc-a512-b49754be952b"], "kind": "runtime_registration", "owner": "SafetyRegistry.RegisterArtifact", "version": "kl079-full-actions-v1"}
FIXTURE_EVIDENCE {"epoch": 1, "factset": "1ccef05f-8c60-5e0f-922b-4478c96430f9", "kind": "upstream", "membership_digest": "5d4c33188868ab87ee6c5aaa8f2d86d82d3eb5ece940657b18da47202bdba7f9", "projection": {"dependency_ids": ["3c124de1-732d-58b2-8e5e-a6bcad8e7829", "4d273eca-122f-57d6-915e-2dcc71b1f017", "51faf84a-b49e-59d1-ac1a-b595aea8d47c", "b2c232c3-512d-56d5-a603-735e0f1f9cb6", "d7f22e34-5ffd-5cd0-8a6c-6cf4a6566b77", "e589125e-47a6-50ee-9d01-0cc0a2eabca3"], "executable": false, "input_basis_hash": "252f209c15166bf093388789cf10bd06579a534c51ff207b38de9a08c15f8ff8", "projection_id": "011e38bf-5d47-5bd7-a977-f55cd22f0577", "revision": 1}, "publication": {"event_id": "81f15465-3b63-4663-a998-e3459711367c", "executable": false, "generation": 1, "manifest_id": "f621a304-7ffb-436d-8f3d-c5f715484b9e", "receipt_id": "0d5fa37e-3013-4ca0-b733-de3b6962c80e", "replayed": false}, "ready": {"artifact_dependency_closure_hash": "f291d7a5a11d8cf292d1f394e3c2a38380ea9cf9def8d642db487aa73b51b1ec", "build_id": "1f68a299-cf5d-5d84-b5ae-651ce3d1c636", "dependency_basis_hash": "b6234458bacb0f7b6434f75311d760007c2a1edac11580897014a1d2ccffb8cd", "executable": false, "manifest_hash": "18f5e18071173d1bcee3aeb0c9ffb728d7b1cb0b741781dc9ea27d6cc2f5a88d", "status": "READY"}, "subject": "642b0bef-d21e-45c2-95e6-0177057cefed"}
FIXTURE_EVIDENCE {"accepted_at": "2026-10-01 15:49:32.127990+00:00", "columns": {"action_parameters_hash": "f863709ebb1218374d5c57e23c2de587f9f616ac436ec20eb3d2f983ed1bb000", "action_type": "TRAINING", "content_hash": "f6d337b4983bde6961edd7f05a46a713e01d4c3584d85048b8469f8256e2f63e", "content_schema_version": 1, "effective_at": null, "hash_scheme_version": 1, "id": "63b21e6a-1be4-5f20-a8aa-d3a5ec7cc5ea", "known_at": null, "query_basis_hash": "058ce33618238115588559337f3062f1402d80efef25fdbd6b72cd672c30d278", "recorded_at": "2026-10-01T15:49:32.123829+00:00", "ref_s05_id": "c709e32b-94d5-4291-a8c4-857d79780439", "ref_s09_id": null, "ref_s12_id": null, "ref_s14_id": null, "ref_s24_id": "f621a304-7ffb-436d-8f3d-c5f715484b9e", "resolution_expires_at": "2026-10-01T16:49:31.690199+00:00", "resolver_version": "kl079-full-actions-v1", "revision": 1, "status": null, "subject_id": "642b0bef-d21e-45c2-95e6-0177057cefed", "typed_payload": {"action_parameters_hash": "f863709ebb1218374d5c57e23c2de587f9f616ac436ec20eb3d2f983ed1bb000", "action_type": "TRAINING", "attempt_id": "e69ea7b9-e290-40aa-aa5f-09fcdff4e908", "captured_epoch": 1, "consistency": "CONSISTENT", "context_hash": "263be3e0d0f14841e5103dbb738e7a32255aabc540d06c52f861fa205aeccc0e", "contract": "kl079-full-actions-v1", "contradicting_events": [], "coverage": "COMPLETE_FOR_POLICY", "demand_hash": "62d4de9bbac4f941dbfad13e59782a7b47b9f4f070081610871e0dfac8ab6217", "demand_id": "7620c5e2-3de5-5737-85b7-825e36711a25", "event_association_status": "CONFIRMED", "facts": [{"admission": "ADMITTED", "admission_hash": "3f8b4c6ae83a953e039962089536b0c09a123479ffa0475c711eac8f7a9ea41a", "admission_id": "b6e102d9-dee7-401d-8d7f-9980f30c7490", "association": "CONFIRMED", "association_hash": "2e3993919c669818f5c599aebc195c097108424d56a853eda69dbd961f55ea13", "association_id": "721df272-fa42-4352-ad08-69760de91d7f", "contradicts": false, "effective_at": "2026-10-01T14:49:31.690199+00:00", "event_id": "ab7ca2e2-e160-4b95-9e0a-f7d840d535ff", "exercise": "fixture:cycle", "fact_hash": "8f32bd1052cd3f530b1e2365099379b100f60cbdbfd722875e5c83446cebe89a", "fact_id": "b8b28618-b5e8-4f02-815d-b83f1500ec8e", "lower_minutes": 10, "policy_id": "c709e32b-94d5-4291-a8c4-857d79780439", "replaces_slot": "prior-slot", "retracted": true, "scope": "TEST_ONLY", "semantic_class": "ACTUAL_EXECUTION", "subject_id": "642b0bef-d21e-45c2-95e6-0177057cefed", "upper_minutes": 10, "valid_until": "2026-10-01T16:49:31.690199+00:00"}], "fitness_hash": "049bce4abe1453ebcf967ac4663cf5805ece3fb13b4187dcb819526f2030f994", "fitness_id": "10117f8f-2d25-582e-a574-02ce75f97044", "id": "63b21e6a-1be4-5f20-a8aa-d3a5ec7cc5ea", "kind": "RESOLUTION", "manifest_hash": "18f5e18071173d1bcee3aeb0c9ffb728d7b1cb0b741781dc9ea27d6cc2f5a88d", "manifest_id": "f621a304-7ffb-436d-8f3d-c5f715484b9e", "nutrition_hash": "eac66841cd87956b562010f37fa9c3a6d823da9e14dad8afc755258590ceb55f", "nutrition_id": "e314208f-7fe2-55d8-a22d-38fb146279d2", "policy_hash": "39b6eee92b24b031ec80cdb73f94a656dd43e753efd3fea01fe9b3bb026c13d1", "policy_id": "c709e32b-94d5-4291-a8c4-857d79780439", "proposal_hash": "049bce4abe1453ebcf967ac4663cf5805ece3fb13b4187dcb819526f2030f994", "proposal_id": "10117f8f-2d25-582e-a574-02ce75f97044", "query_basis_hash": "058ce33618238115588559337f3062f1402d80efef25fdbd6b72cd672c30d278", "request_id": "8fb0ee80-6909-479c-8350-ff394980b230", "request_revision": 1, "resolution_expires_at": "2026-10-01T16:49:31.690199+00:00", "root_id": "f7b817e0-749e-448e-90ac-2e1b25b66bd4", "runtime_version": "kl079-full-actions-v1", "snapshot_id": "c4c22f3c-ef33-41f2-a19f-67f238a6a353", "source_hash": "2c20f620fe908ab8b3b1ce54ef7453e028925da37a33a50ea88a5620fe739184", "source_id": "1ccef05f-8c60-5e0f-922b-4478c96430f9", "source_members": ["721df272-fa42-4352-ad08-69760de91d7f", "b6e102d9-dee7-401d-8d7f-9980f30c7490", "b8b28618-b5e8-4f02-815d-b83f1500ec8e"], "source_ranges": ["2026-09-30T15:49:31.690199+00:00", "2026-10-01T16:49:31.690199+00:00"], "subject_id": "642b0bef-d21e-45c2-95e6-0177057cefed", "superseded_or_retracted_items": ["b8b28618-b5e8-4f02-815d-b83f1500ec8e"], "supporting_events": [], "truncation_status": "NOT_TRUNCATED", "version": "kl076-mechanical-test-v1"}}, "event": "22d7f439-5ef9-483f-b073-a78021ab5613", "hash": "f6d337b4983bde6961edd7f05a46a713e01d4c3584d85048b8469f8256e2f63e", "id": "63b21e6a-1be4-5f20-a8aa-d3a5ec7cc5ea", "kind": "full_output", "owner": "ResolveEvidence", "payload": {"action_parameters_hash": "f863709ebb1218374d5c57e23c2de587f9f616ac436ec20eb3d2f983ed1bb000", "action_type": "TRAINING", "attempt_id": "e69ea7b9-e290-40aa-aa5f-09fcdff4e908", "captured_epoch": 1, "consistency": "CONSISTENT", "context_hash": "263be3e0d0f14841e5103dbb738e7a32255aabc540d06c52f861fa205aeccc0e", "contract": "kl079-full-actions-v1", "contradicting_events": [], "coverage": "COMPLETE_FOR_POLICY", "demand_hash": "62d4de9bbac4f941dbfad13e59782a7b47b9f4f070081610871e0dfac8ab6217", "demand_id": "7620c5e2-3de5-5737-85b7-825e36711a25", "event_association_status": "CONFIRMED", "facts": [{"admission": "ADMITTED", "admission_hash": "3f8b4c6ae83a953e039962089536b0c09a123479ffa0475c711eac8f7a9ea41a", "admission_id": "b6e102d9-dee7-401d-8d7f-9980f30c7490", "association": "CONFIRMED", "association_hash": "2e3993919c669818f5c599aebc195c097108424d56a853eda69dbd961f55ea13", "association_id": "721df272-fa42-4352-ad08-69760de91d7f", "contradicts": false, "effective_at": "2026-10-01T14:49:31.690199+00:00", "event_id": "ab7ca2e2-e160-4b95-9e0a-f7d840d535ff", "exercise": "fixture:cycle", "fact_hash": "8f32bd1052cd3f530b1e2365099379b100f60cbdbfd722875e5c83446cebe89a", "fact_id": "b8b28618-b5e8-4f02-815d-b83f1500ec8e", "lower_minutes": 10, "policy_id": "c709e32b-94d5-4291-a8c4-857d79780439", "replaces_slot": "prior-slot", "retracted": true, "scope": "TEST_ONLY", "semantic_class": "ACTUAL_EXECUTION", "subject_id": "642b0bef-d21e-45c2-95e6-0177057cefed", "upper_minutes": 10, "valid_until": "2026-10-01T16:49:31.690199+00:00"}], "fitness_hash": "049bce4abe1453ebcf967ac4663cf5805ece3fb13b4187dcb819526f2030f994", "fitness_id": "10117f8f-2d25-582e-a574-02ce75f97044", "id": "63b21e6a-1be4-5f20-a8aa-d3a5ec7cc5ea", "kind": "RESOLUTION", "manifest_hash": "18f5e18071173d1bcee3aeb0c9ffb728d7b1cb0b741781dc9ea27d6cc2f5a88d", "manifest_id": "f621a304-7ffb-436d-8f3d-c5f715484b9e", "nutrition_hash": "eac66841cd87956b562010f37fa9c3a6d823da9e14dad8afc755258590ceb55f", "nutrition_id": "e314208f-7fe2-55d8-a22d-38fb146279d2", "policy_hash": "39b6eee92b24b031ec80cdb73f94a656dd43e753efd3fea01fe9b3bb026c13d1", "policy_id": "c709e32b-94d5-4291-a8c4-857d79780439", "proposal_hash": "049bce4abe1453ebcf967ac4663cf5805ece3fb13b4187dcb819526f2030f994", "proposal_id": "10117f8f-2d25-582e-a574-02ce75f97044", "query_basis_hash": "058ce33618238115588559337f3062f1402d80efef25fdbd6b72cd672c30d278", "request_id": "8fb0ee80-6909-479c-8350-ff394980b230", "request_revision": 1, "resolution_expires_at": "2026-10-01T16:49:31.690199+00:00", "root_id": "f7b817e0-749e-448e-90ac-2e1b25b66bd4", "runtime_version": "kl079-full-actions-v1", "snapshot_id": "c4c22f3c-ef33-41f2-a19f-67f238a6a353", "source_hash": "2c20f620fe908ab8b3b1ce54ef7453e028925da37a33a50ea88a5620fe739184", "source_id": "1ccef05f-8c60-5e0f-922b-4478c96430f9", "source_members": ["721df272-fa42-4352-ad08-69760de91d7f", "b6e102d9-dee7-401d-8d7f-9980f30c7490", "b8b28618-b5e8-4f02-815d-b83f1500ec8e"], "source_ranges": ["2026-09-30T15:49:31.690199+00:00", "2026-10-01T16:49:31.690199+00:00"], "subject_id": "642b0bef-d21e-45c2-95e6-0177057cefed", "superseded_or_retracted_items": ["b8b28618-b5e8-4f02-815d-b83f1500ec8e"], "supporting_events": [], "truncation_status": "NOT_TRUNCATED", "version": "kl076-mechanical-test-v1"}, "receipt": "0ea18e61-b648-47ff-a70d-2596893fa9a2"}
FIXTURE_EVIDENCE {"accepted_at": "2026-10-01 15:49:32.156768+00:00", "columns": {"action_parameters_hash": "8194b165ac609544d7c59fdf8b67104428844897e8172181508102e379fa6a39", "action_type": "NUTRITION", "content_hash": "24bbde0c4db259563a051b23e7e5c02f353dd8df50a9d967e4970491d81cc3e7", "content_schema_version": 1, "effective_at": null, "hash_scheme_version": 1, "id": "368433c1-0e1f-5b9c-ba1d-c8a26372c74e", "known_at": null, "query_basis_hash": "f75e494e2d597a39eeb2da41655223401fc4e84b2d58f038b8ab07c45f055765", "recorded_at": "2026-10-01T15:49:32.153431+00:00", "ref_s05_id": "c709e32b-94d5-4291-a8c4-857d79780439", "ref_s09_id": null, "ref_s12_id": null, "ref_s14_id": null, "ref_s24_id": "f621a304-7ffb-436d-8f3d-c5f715484b9e", "resolution_expires_at": "2026-10-01T16:49:31.690199+00:00", "resolver_version": "kl079-full-actions-v1", "revision": 1, "status": null, "subject_id": "642b0bef-d21e-45c2-95e6-0177057cefed", "typed_payload": {"action_parameters_hash": "8194b165ac609544d7c59fdf8b67104428844897e8172181508102e379fa6a39", "action_type": "NUTRITION", "attempt_id": "e69ea7b9-e290-40aa-aa5f-09fcdff4e908", "captured_epoch": 1, "consistency": "CONSISTENT", "context_hash": "263be3e0d0f14841e5103dbb738e7a32255aabc540d06c52f861fa205aeccc0e", "contract": "kl079-full-actions-v1", "contradicting_events": [], "coverage": "COMPLETE_FOR_POLICY", "demand_hash": "62d4de9bbac4f941dbfad13e59782a7b47b9f4f070081610871e0dfac8ab6217", "demand_id": "7620c5e2-3de5-5737-85b7-825e36711a25", "event_association_status": "CONFIRMED", "facts": [{"admission": "ADMITTED", "admission_hash": "3f8b4c6ae83a953e039962089536b0c09a123479ffa0475c711eac8f7a9ea41a", "admission_id": "b6e102d9-dee7-401d-8d7f-9980f30c7490", "association": "CONFIRMED", "association_hash": "2e3993919c669818f5c599aebc195c097108424d56a853eda69dbd961f55ea13", "association_id": "721df272-fa42-4352-ad08-69760de91d7f", "contradicts": false, "effective_at": "2026-10-01T14:49:31.690199+00:00", "event_id": "ab7ca2e2-e160-4b95-9e0a-f7d840d535ff", "exercise": "fixture:cycle", "fact_hash": "8f32bd1052cd3f530b1e2365099379b100f60cbdbfd722875e5c83446cebe89a", "fact_id": "b8b28618-b5e8-4f02-815d-b83f1500ec8e", "lower_minutes": 10, "policy_id": "c709e32b-94d5-4291-a8c4-857d79780439", "replaces_slot": "prior-slot", "retracted": true, "scope": "TEST_ONLY", "semantic_class": "ACTUAL_EXECUTION", "subject_id": "642b0bef-d21e-45c2-95e6-0177057cefed", "upper_minutes": 10, "valid_until": "2026-10-01T16:49:31.690199+00:00"}], "fitness_hash": "049bce4abe1453ebcf967ac4663cf5805ece3fb13b4187dcb819526f2030f994", "fitness_id": "10117f8f-2d25-582e-a574-02ce75f97044", "id": "368433c1-0e1f-5b9c-ba1d-c8a26372c74e", "kind": "RESOLUTION", "manifest_hash": "18f5e18071173d1bcee3aeb0c9ffb728d7b1cb0b741781dc9ea27d6cc2f5a88d", "manifest_id": "f621a304-7ffb-436d-8f3d-c5f715484b9e", "nutrition_hash": "eac66841cd87956b562010f37fa9c3a6d823da9e14dad8afc755258590ceb55f", "nutrition_id": "e314208f-7fe2-55d8-a22d-38fb146279d2", "policy_hash": "39b6eee92b24b031ec80cdb73f94a656dd43e753efd3fea01fe9b3bb026c13d1", "policy_id": "c709e32b-94d5-4291-a8c4-857d79780439", "proposal_hash": "eac66841cd87956b562010f37fa9c3a6d823da9e14dad8afc755258590ceb55f", "proposal_id": "e314208f-7fe2-55d8-a22d-38fb146279d2", "query_basis_hash": "f75e494e2d597a39eeb2da41655223401fc4e84b2d58f038b8ab07c45f055765", "request_id": "8fb0ee80-6909-479c-8350-ff394980b230", "request_revision": 1, "resolution_expires_at": "2026-10-01T16:49:31.690199+00:00", "root_id": "f7b817e0-749e-448e-90ac-2e1b25b66bd4", "runtime_version": "kl079-full-actions-v1", "snapshot_id": "c4c22f3c-ef33-41f2-a19f-67f238a6a353", "source_hash": "2c20f620fe908ab8b3b1ce54ef7453e028925da37a33a50ea88a5620fe739184", "source_id": "1ccef05f-8c60-5e0f-922b-4478c96430f9", "source_members": ["721df272-fa42-4352-ad08-69760de91d7f", "b6e102d9-dee7-401d-8d7f-9980f30c7490", "b8b28618-b5e8-4f02-815d-b83f1500ec8e"], "source_ranges": ["2026-09-30T15:49:31.690199+00:00", "2026-10-01T16:49:31.690199+00:00"], "subject_id": "642b0bef-d21e-45c2-95e6-0177057cefed", "superseded_or_retracted_items": ["b8b28618-b5e8-4f02-815d-b83f1500ec8e"], "supporting_events": [], "truncation_status": "NOT_TRUNCATED", "version": "kl076-mechanical-test-v1"}}, "event": "910f0880-105a-4332-86c1-3c770eb68d45", "hash": "24bbde0c4db259563a051b23e7e5c02f353dd8df50a9d967e4970491d81cc3e7", "id": "368433c1-0e1f-5b9c-ba1d-c8a26372c74e", "kind": "full_output", "owner": "ResolveEvidence", "payload": {"action_parameters_hash": "8194b165ac609544d7c59fdf8b67104428844897e8172181508102e379fa6a39", "action_type": "NUTRITION", "attempt_id": "e69ea7b9-e290-40aa-aa5f-09fcdff4e908", "captured_epoch": 1, "consistency": "CONSISTENT", "context_hash": "263be3e0d0f14841e5103dbb738e7a32255aabc540d06c52f861fa205aeccc0e", "contract": "kl079-full-actions-v1", "contradicting_events": [], "coverage": "COMPLETE_FOR_POLICY", "demand_hash": "62d4de9bbac4f941dbfad13e59782a7b47b9f4f070081610871e0dfac8ab6217", "demand_id": "7620c5e2-3de5-5737-85b7-825e36711a25", "event_association_status": "CONFIRMED", "facts": [{"admission": "ADMITTED", "admission_hash": "3f8b4c6ae83a953e039962089536b0c09a123479ffa0475c711eac8f7a9ea41a", "admission_id": "b6e102d9-dee7-401d-8d7f-9980f30c7490", "association": "CONFIRMED", "association_hash": "2e3993919c669818f5c599aebc195c097108424d56a853eda69dbd961f55ea13", "association_id": "721df272-fa42-4352-ad08-69760de91d7f", "contradicts": false, "effective_at": "2026-10-01T14:49:31.690199+00:00", "event_id": "ab7ca2e2-e160-4b95-9e0a-f7d840d535ff", "exercise": "fixture:cycle", "fact_hash": "8f32bd1052cd3f530b1e2365099379b100f60cbdbfd722875e5c83446cebe89a", "fact_id": "b8b28618-b5e8-4f02-815d-b83f1500ec8e", "lower_minutes": 10, "policy_id": "c709e32b-94d5-4291-a8c4-857d79780439", "replaces_slot": "prior-slot", "retracted": true, "scope": "TEST_ONLY", "semantic_class": "ACTUAL_EXECUTION", "subject_id": "642b0bef-d21e-45c2-95e6-0177057cefed", "upper_minutes": 10, "valid_until": "2026-10-01T16:49:31.690199+00:00"}], "fitness_hash": "049bce4abe1453ebcf967ac4663cf5805ece3fb13b4187dcb819526f2030f994", "fitness_id": "10117f8f-2d25-582e-a574-02ce75f97044", "id": "368433c1-0e1f-5b9c-ba1d-c8a26372c74e", "kind": "RESOLUTION", "manifest_hash": "18f5e18071173d1bcee3aeb0c9ffb728d7b1cb0b741781dc9ea27d6cc2f5a88d", "manifest_id": "f621a304-7ffb-436d-8f3d-c5f715484b9e", "nutrition_hash": "eac66841cd87956b562010f37fa9c3a6d823da9e14dad8afc755258590ceb55f", "nutrition_id": "e314208f-7fe2-55d8-a22d-38fb146279d2", "policy_hash": "39b6eee92b24b031ec80cdb73f94a656dd43e753efd3fea01fe9b3bb026c13d1", "policy_id": "c709e32b-94d5-4291-a8c4-857d79780439", "proposal_hash": "eac66841cd87956b562010f37fa9c3a6d823da9e14dad8afc755258590ceb55f", "proposal_id": "e314208f-7fe2-55d8-a22d-38fb146279d2", "query_basis_hash": "f75e494e2d597a39eeb2da41655223401fc4e84b2d58f038b8ab07c45f055765", "request_id": "8fb0ee80-6909-479c-8350-ff394980b230", "request_revision": 1, "resolution_expires_at": "2026-10-01T16:49:31.690199+00:00", "root_id": "f7b817e0-749e-448e-90ac-2e1b25b66bd4", "runtime_version": "kl079-full-actions-v1", "snapshot_id": "c4c22f3c-ef33-41f2-a19f-67f238a6a353", "source_hash": "2c20f620fe908ab8b3b1ce54ef7453e028925da37a33a50ea88a5620fe739184", "source_id": "1ccef05f-8c60-5e0f-922b-4478c96430f9", "source_members": ["721df272-fa42-4352-ad08-69760de91d7f", "b6e102d9-dee7-401d-8d7f-9980f30c7490", "b8b28618-b5e8-4f02-815d-b83f1500ec8e"], "source_ranges": ["2026-09-30T15:49:31.690199+00:00", "2026-10-01T16:49:31.690199+00:00"], "subject_id": "642b0bef-d21e-45c2-95e6-0177057cefed", "superseded_or_retracted_items": ["b8b28618-b5e8-4f02-815d-b83f1500ec8e"], "supporting_events": [], "truncation_status": "NOT_TRUNCATED", "version": "kl076-mechanical-test-v1"}, "receipt": "3bdc6a09-cfa8-435a-949a-e1e9e0e72dd8"}
FIXTURE_EVIDENCE {"current_guard_reached": false, "dimension": "retraction", "exception": "PlanningDenied", "ingress_passed": false, "kind": "denial", "message": "missing/contradictory/incomplete/truncated/mismatched/expired resolution", "zero_effects": true}
.FIXTURE_EVIDENCE {"compose": "kineticloop-kl079-full-949bbd5-90cbd6dddc92", "database": "kineticloop_kl079_full_949bbd5_90cbd6dddc92", "elapsed": 4.987021957989782, "inventory": ["bootstrap_two_phase(selected_lifecycle)", "reset", "start", "destroy"], "kind": "cleanup", "remaining_resources": {"container": "", "network": "", "volume": ""}}
INFO  [alembic.runtime.migration] Context impl PostgresqlImpl.
INFO  [alembic.runtime.migration] Will assume transactional DDL.
INFO  [alembic.runtime.migration] Running upgrade  -> 76fd67f76bd4, frozen S01-S51 baseline
INFO  [alembic.runtime.migration] Context impl PostgresqlImpl.
INFO  [alembic.runtime.migration] Will assume transactional DDL.
INFO  [alembic.runtime.migration] Running upgrade 76fd67f76bd4 -> a3f91c7d2e10, migrated SafetyRegistry integration and role-owner hardening
INFO  [alembic.runtime.migration] Running upgrade a3f91c7d2e10 -> b6e4d8a1c927, trusted artifact registration and bounded dependency admission
INFO  [alembic.runtime.migration] Running upgrade b6e4d8a1c927 -> d4c1a9e7b203, production, test, and evaluation subject namespace isolation
INFO  [alembic.runtime.migration] Running upgrade d4c1a9e7b203 -> e8c2f1a6b904, Materialize frozen S27 active partition uniqueness (legacy PENDING = ADMITTED).
NAMESPACE_PU DatabaseNamespace(project_name='kineticloop-kl079-full-949bbd5-90cbd6dddc92', database_name='kineticloop_kl079_full_949bbd5_90cbd6dddc92') negative_controls=foreign_root,sha,digest,label,ambient,nested_cleanup nested_inventory ['bootstrap_two_phase(selected_lifecycle)', 'destroy']
FIXTURE_EVIDENCE {"bootstrap_elapsed": 3.916644792072475, "compose": "kineticloop-kl079-full-949bbd5-90cbd6dddc92", "database": "kineticloop_kl079_full_949bbd5_90cbd6dddc92", "kind": "namespace", "migration": "e8c2f1a6b904", "nested_routes": ["bootstrap_two_phase(selected_lifecycle)", "reset", "start", "compose/_run", "validate_current_database_before_every_source/owner/reset", "finally_destroy"], "resolved_root": "/Users/davetian/.codex/worktrees/685e/KineticLoop", "tested_commit": "949bbd530061ecb3644998719fe998f86cad999e"}
FIXTURE_EVIDENCE {"hash": "47141293664d61f6dffde2ef2550b381be3062798b82a38a2f890be50e3c8f8a", "id": "33e5d603-0288-4250-83d4-7d7132b89156", "immutable_dependencies": ["1fb64a2a-76db-4a72-a515-7143e3829e79", "d2f91a37-f1a8-4539-8f8e-63bb0c81fd18"], "kind": "runtime_registration", "owner": "SafetyRegistry.RegisterArtifact", "version": "kl079-full-actions-v1"}
FIXTURE_EVIDENCE {"epoch": 1, "factset": "e79171b2-2e17-53bc-8cea-03765ae11e86", "kind": "upstream", "membership_digest": "0a1936d8a2d3e5a0e1edffb2b4c645b92cc0cdb1ab3dd173c7e8d406ae7c7e07", "projection": {"dependency_ids": ["132c206c-7dc6-54d9-8b93-14e15a11018a", "1380d1a3-3068-587e-946b-0db76f253f3a", "24222979-30e1-5b5b-bea4-d9a56de1568b", "74121694-b515-5129-ad5e-7bdbccd424f6", "89893fe5-c4f9-50f6-980f-107e8713fd72", "cdbb234d-6f8d-50f6-a32a-eaedc4cd3bb0"], "executable": false, "input_basis_hash": "af06bd044c382d0220a29fc89d6faa3be743a6bc947cc0acfc12ed9c9a1b86f4", "projection_id": "5fc0d4aa-b804-5f51-ab3f-7b8437cc776e", "revision": 1}, "publication": {"event_id": "4831c709-9f4f-4f6b-a63d-6fe0c3660b9c", "executable": false, "generation": 1, "manifest_id": "203ed908-857c-4d69-b1b0-8e390f9db4f7", "receipt_id": "cc683c4f-c8e6-49eb-8a14-27373fa32f34", "replayed": false}, "ready": {"artifact_dependency_closure_hash": "9e2d18c01b4d42aa028d72e8b474f273ca9c2abbd7b5e7d24e6837d0e877bcdd", "build_id": "87dca7c2-c0b3-5264-bb21-120d8b919779", "dependency_basis_hash": "7781632fb20304623bc6874dd1e04ee93626aff80f53180704fb798e2f6dab65", "executable": false, "manifest_hash": "494503a663cff1779e7fc8a9a64bde2c59cc047fe2967b4b77231868c0732eb4", "status": "READY"}, "subject": "3c0d637a-29c9-4e20-90b3-f9551eaae7cc"}
FIXTURE_EVIDENCE {"current_guard_reached": false, "dimension": "unknown_exposure", "exception": "PlanningDenied", "ingress_passed": false, "kind": "denial", "message": "wrong subject/basis, unknown exposure or planned/actual substitution", "zero_effects": true}
.FIXTURE_EVIDENCE {"compose": "kineticloop-kl079-full-949bbd5-90cbd6dddc92", "database": "kineticloop_kl079_full_949bbd5_90cbd6dddc92", "elapsed": 4.8748907500412315, "inventory": ["bootstrap_two_phase(selected_lifecycle)", "reset", "start", "destroy"], "kind": "cleanup", "remaining_resources": {"container": "", "network": "", "volume": ""}}
INFO  [alembic.runtime.migration] Context impl PostgresqlImpl.
INFO  [alembic.runtime.migration] Will assume transactional DDL.
INFO  [alembic.runtime.migration] Running upgrade  -> 76fd67f76bd4, frozen S01-S51 baseline
INFO  [alembic.runtime.migration] Context impl PostgresqlImpl.
INFO  [alembic.runtime.migration] Will assume transactional DDL.
INFO  [alembic.runtime.migration] Running upgrade 76fd67f76bd4 -> a3f91c7d2e10, migrated SafetyRegistry integration and role-owner hardening
INFO  [alembic.runtime.migration] Running upgrade a3f91c7d2e10 -> b6e4d8a1c927, trusted artifact registration and bounded dependency admission
INFO  [alembic.runtime.migration] Running upgrade b6e4d8a1c927 -> d4c1a9e7b203, production, test, and evaluation subject namespace isolation
INFO  [alembic.runtime.migration] Running upgrade d4c1a9e7b203 -> e8c2f1a6b904, Materialize frozen S27 active partition uniqueness (legacy PENDING = ADMITTED).
NAMESPACE_PU DatabaseNamespace(project_name='kineticloop-kl079-full-949bbd5-90cbd6dddc92', database_name='kineticloop_kl079_full_949bbd5_90cbd6dddc92') negative_controls=foreign_root,sha,digest,label,ambient,nested_cleanup nested_inventory ['bootstrap_two_phase(selected_lifecycle)', 'destroy']
FIXTURE_EVIDENCE {"bootstrap_elapsed": 3.5403688750229776, "compose": "kineticloop-kl079-full-949bbd5-90cbd6dddc92", "database": "kineticloop_kl079_full_949bbd5_90cbd6dddc92", "kind": "namespace", "migration": "e8c2f1a6b904", "nested_routes": ["bootstrap_two_phase(selected_lifecycle)", "reset", "start", "compose/_run", "validate_current_database_before_every_source/owner/reset", "finally_destroy"], "resolved_root": "/Users/davetian/.codex/worktrees/685e/KineticLoop", "tested_commit": "949bbd530061ecb3644998719fe998f86cad999e"}
FIXTURE_EVIDENCE {"hash": "47141293664d61f6dffde2ef2550b381be3062798b82a38a2f890be50e3c8f8a", "id": "a8d292a3-24ee-40a0-8cf3-0de007610f57", "immutable_dependencies": ["f44e6ac3-5a16-4352-af21-1f343267c309", "d866a4d8-470d-4270-bf4d-d3e63479a4e2"], "kind": "runtime_registration", "owner": "SafetyRegistry.RegisterArtifact", "version": "kl079-full-actions-v1"}
FIXTURE_EVIDENCE {"epoch": 1, "factset": "a38b595d-6a10-5876-946d-fbc8af40e83d", "kind": "upstream", "membership_digest": "bc4560eac5145b2bdf2a122d30d29099564bdfc80a229da3825941cbfaabb97d", "projection": {"dependency_ids": ["24fd6bfe-4802-54c2-9890-84e37c1e5be4", "496db0be-cab5-5adf-b6c8-5fbc3231d8da", "99feb59c-a4dc-53db-a997-95688ed99e7c", "ccb04a7c-685a-572a-9ca3-29370b06815f", "cff7f438-ad34-53fc-bc24-623761774d8c", "dd4d70de-010c-5ee2-9407-c023b34b1cc1"], "executable": false, "input_basis_hash": "f1d86a8cbac359bc27f106c6c8bfce74190b91a7782e1008e8b03013eaa6598b", "projection_id": "c403fec6-efe8-5625-96ec-f28d3ba3cf04", "revision": 1}, "publication": {"event_id": "2d2565de-1f9c-41e2-bdd2-ea7b889625ff", "executable": false, "generation": 1, "manifest_id": "c3b5a7ea-acf7-4cc1-a34c-8090706c501c", "receipt_id": "dc182eb8-8b74-412e-95a3-bdf0a46b8df0", "replayed": false}, "ready": {"artifact_dependency_closure_hash": "cf75391aa50eeccebc88bea8cfcee8daf5bd4f3d5d71f9c3a55544a3fa37cca2", "build_id": "b34b1e37-4f90-5468-bc1f-ec1c6d08cef8", "dependency_basis_hash": "34e059822fc7fcac132b70e9281ab377cdbe02fe695e2187950ebec50b0b9b42", "executable": false, "manifest_hash": "a6840e45e956665e8117eb3db313222dd0440af90e70b69ecfd941b0a11e638b", "status": "READY"}, "subject": "f5aa3a65-1080-455f-aad7-573ab3cd7d7e"}
FIXTURE_EVIDENCE {"accepted_at": "2026-10-01 15:49:42.735992+00:00", "columns": {"action_parameters_hash": "f863709ebb1218374d5c57e23c2de587f9f616ac436ec20eb3d2f983ed1bb000", "action_type": "TRAINING", "content_hash": "39dce4b53a66f8eab508862208c82e37c49c4ebce273d426da049bdb3e4c096a", "content_schema_version": 1, "effective_at": null, "hash_scheme_version": 1, "id": "58fde733-e7c5-583f-8307-0c0136ad609c", "known_at": null, "query_basis_hash": "0828ae8dcb4a25d36e3d14cac53d6b041d0c36ab567fe2037876cb1bf645e897", "recorded_at": "2026-10-01T15:49:42.73175+00:00", "ref_s05_id": "862d4fcb-3d47-4407-87a7-700bc7b38971", "ref_s09_id": null, "ref_s12_id": null, "ref_s14_id": null, "ref_s24_id": "c3b5a7ea-acf7-4cc1-a34c-8090706c501c", "resolution_expires_at": "2026-10-01T16:49:42.322442+00:00", "resolver_version": "kl079-full-actions-v1", "revision": 1, "status": null, "subject_id": "f5aa3a65-1080-455f-aad7-573ab3cd7d7e", "typed_payload": {"action_parameters_hash": "f863709ebb1218374d5c57e23c2de587f9f616ac436ec20eb3d2f983ed1bb000", "action_type": "TRAINING", "attempt_id": "dea81e06-075c-417c-9307-ddcd628fd905", "captured_epoch": 1, "consistency": "CONSISTENT", "context_hash": "0db58f61825963b53b5c50f9c2e239218a2187cfe9113a51d2fddeca7b69a88d", "contract": "kl079-full-actions-v1", "contradicting_events": [], "coverage": "COMPLETE_FOR_POLICY", "demand_hash": "30ef05a955cb12d8f69b4a925c81f64e787bc8f158dd596d72f90b356f11a2cc", "demand_id": "31e948e0-6074-5856-b71b-cc0d0e1c77ed", "event_association_status": "CONFIRMED", "facts": [{"admission": "ADMITTED", "admission_hash": "39f14f6a600c3263728f6efd9160a4de38ed47fd95af44dde5678136d7e53164", "admission_id": "bbba84b6-3b55-4bb9-835a-758d2e138754", "association": "CONFIRMED", "association_hash": "32d7ea4e8207ab22c472d290b3c1748d88414ebe792aa7700b35fc33fb48da6a", "association_id": "a673c07c-f6e1-4dda-80de-61ad69c8b201", "contradicts": false, "effective_at": "2026-10-01T15:50:42.322442+00:00", "event_id": "76cf60ef-4618-4165-b9ef-d16f38964175", "exercise": "fixture:cycle", "fact_hash": "e3e3a17a643a824cf546ce7f64f2d1c5ad4018159a29e5da6440a1f01f122109", "fact_id": "542b896a-f52f-4e8c-9991-96da8c9da635", "lower_minutes": 10, "policy_id": "862d4fcb-3d47-4407-87a7-700bc7b38971", "replaces_slot": "prior-slot", "retracted": false, "scope": "TEST_ONLY", "semantic_class": "ACTUAL_EXECUTION", "subject_id": "f5aa3a65-1080-455f-aad7-573ab3cd7d7e", "upper_minutes": 10, "valid_until": "2026-10-01T16:49:42.322442+00:00"}], "fitness_hash": "97957defa8f0536f48cb963e0baa5ad41b5398cd58f0f6050a7178d47b86d6fd", "fitness_id": "9ec8ca5b-8869-56d0-82e5-0270a22bd13d", "id": "58fde733-e7c5-583f-8307-0c0136ad609c", "kind": "RESOLUTION", "manifest_hash": "a6840e45e956665e8117eb3db313222dd0440af90e70b69ecfd941b0a11e638b", "manifest_id": "c3b5a7ea-acf7-4cc1-a34c-8090706c501c", "nutrition_hash": "b69451f62aa14576defcb3fbbf6fa996547d203c7dcc8b94d889db585fda05c7", "nutrition_id": "a868f10d-90fb-522d-8001-cc5a7c8005bc", "policy_hash": "aaf434fee1189c829ca2a05e08ae689d29c988132dd5dbad8a0bdc1aacaa3d5e", "policy_id": "862d4fcb-3d47-4407-87a7-700bc7b38971", "proposal_hash": "97957defa8f0536f48cb963e0baa5ad41b5398cd58f0f6050a7178d47b86d6fd", "proposal_id": "9ec8ca5b-8869-56d0-82e5-0270a22bd13d", "query_basis_hash": "0828ae8dcb4a25d36e3d14cac53d6b041d0c36ab567fe2037876cb1bf645e897", "request_id": "b31f0613-85f1-45bb-a848-f1c83fcaa22e", "request_revision": 1, "resolution_expires_at": "2026-10-01T16:49:42.322442+00:00", "root_id": "ddbab064-c733-48e5-9bed-33a00ccb3e1c", "runtime_version": "kl079-full-actions-v1", "snapshot_id": "bd934e1d-7f3e-40ca-ad60-b2f16680f076", "source_hash": "e439d789ae65387bd4287e91b40a188ae4490f8887a22f3eb77cb1a2f813d295", "source_id": "a38b595d-6a10-5876-946d-fbc8af40e83d", "source_members": ["542b896a-f52f-4e8c-9991-96da8c9da635", "a673c07c-f6e1-4dda-80de-61ad69c8b201", "bbba84b6-3b55-4bb9-835a-758d2e138754"], "source_ranges": ["2026-09-30T15:49:42.322442+00:00", "2026-10-01T16:49:42.322442+00:00"], "subject_id": "f5aa3a65-1080-455f-aad7-573ab3cd7d7e", "superseded_or_retracted_items": [], "supporting_events": ["76cf60ef-4618-4165-b9ef-d16f38964175"], "truncation_status": "NOT_TRUNCATED", "version": "kl076-mechanical-test-v1"}}, "event": "ef2db8d8-20cd-42ab-9695-dcb6c9f65e3f", "hash": "39dce4b53a66f8eab508862208c82e37c49c4ebce273d426da049bdb3e4c096a", "id": "58fde733-e7c5-583f-8307-0c0136ad609c", "kind": "full_output", "owner": "ResolveEvidence", "payload": {"action_parameters_hash": "f863709ebb1218374d5c57e23c2de587f9f616ac436ec20eb3d2f983ed1bb000", "action_type": "TRAINING", "attempt_id": "dea81e06-075c-417c-9307-ddcd628fd905", "captured_epoch": 1, "consistency": "CONSISTENT", "context_hash": "0db58f61825963b53b5c50f9c2e239218a2187cfe9113a51d2fddeca7b69a88d", "contract": "kl079-full-actions-v1", "contradicting_events": [], "coverage": "COMPLETE_FOR_POLICY", "demand_hash": "30ef05a955cb12d8f69b4a925c81f64e787bc8f158dd596d72f90b356f11a2cc", "demand_id": "31e948e0-6074-5856-b71b-cc0d0e1c77ed", "event_association_status": "CONFIRMED", "facts": [{"admission": "ADMITTED", "admission_hash": "39f14f6a600c3263728f6efd9160a4de38ed47fd95af44dde5678136d7e53164", "admission_id": "bbba84b6-3b55-4bb9-835a-758d2e138754", "association": "CONFIRMED", "association_hash": "32d7ea4e8207ab22c472d290b3c1748d88414ebe792aa7700b35fc33fb48da6a", "association_id": "a673c07c-f6e1-4dda-80de-61ad69c8b201", "contradicts": false, "effective_at": "2026-10-01T15:50:42.322442+00:00", "event_id": "76cf60ef-4618-4165-b9ef-d16f38964175", "exercise": "fixture:cycle", "fact_hash": "e3e3a17a643a824cf546ce7f64f2d1c5ad4018159a29e5da6440a1f01f122109", "fact_id": "542b896a-f52f-4e8c-9991-96da8c9da635", "lower_minutes": 10, "policy_id": "862d4fcb-3d47-4407-87a7-700bc7b38971", "replaces_slot": "prior-slot", "retracted": false, "scope": "TEST_ONLY", "semantic_class": "ACTUAL_EXECUTION", "subject_id": "f5aa3a65-1080-455f-aad7-573ab3cd7d7e", "upper_minutes": 10, "valid_until": "2026-10-01T16:49:42.322442+00:00"}], "fitness_hash": "97957defa8f0536f48cb963e0baa5ad41b5398cd58f0f6050a7178d47b86d6fd", "fitness_id": "9ec8ca5b-8869-56d0-82e5-0270a22bd13d", "id": "58fde733-e7c5-583f-8307-0c0136ad609c", "kind": "RESOLUTION", "manifest_hash": "a6840e45e956665e8117eb3db313222dd0440af90e70b69ecfd941b0a11e638b", "manifest_id": "c3b5a7ea-acf7-4cc1-a34c-8090706c501c", "nutrition_hash": "b69451f62aa14576defcb3fbbf6fa996547d203c7dcc8b94d889db585fda05c7", "nutrition_id": "a868f10d-90fb-522d-8001-cc5a7c8005bc", "policy_hash": "aaf434fee1189c829ca2a05e08ae689d29c988132dd5dbad8a0bdc1aacaa3d5e", "policy_id": "862d4fcb-3d47-4407-87a7-700bc7b38971", "proposal_hash": "97957defa8f0536f48cb963e0baa5ad41b5398cd58f0f6050a7178d47b86d6fd", "proposal_id": "9ec8ca5b-8869-56d0-82e5-0270a22bd13d", "query_basis_hash": "0828ae8dcb4a25d36e3d14cac53d6b041d0c36ab567fe2037876cb1bf645e897", "request_id": "b31f0613-85f1-45bb-a848-f1c83fcaa22e", "request_revision": 1, "resolution_expires_at": "2026-10-01T16:49:42.322442+00:00", "root_id": "ddbab064-c733-48e5-9bed-33a00ccb3e1c", "runtime_version": "kl079-full-actions-v1", "snapshot_id": "bd934e1d-7f3e-40ca-ad60-b2f16680f076", "source_hash": "e439d789ae65387bd4287e91b40a188ae4490f8887a22f3eb77cb1a2f813d295", "source_id": "a38b595d-6a10-5876-946d-fbc8af40e83d", "source_members": ["542b896a-f52f-4e8c-9991-96da8c9da635", "a673c07c-f6e1-4dda-80de-61ad69c8b201", "bbba84b6-3b55-4bb9-835a-758d2e138754"], "source_ranges": ["2026-09-30T15:49:42.322442+00:00", "2026-10-01T16:49:42.322442+00:00"], "subject_id": "f5aa3a65-1080-455f-aad7-573ab3cd7d7e", "superseded_or_retracted_items": [], "supporting_events": ["76cf60ef-4618-4165-b9ef-d16f38964175"], "truncation_status": "NOT_TRUNCATED", "version": "kl076-mechanical-test-v1"}, "receipt": "6f1c75b6-2a19-4b34-b16d-0d1ea36726f2"}
FIXTURE_EVIDENCE {"accepted_at": "2026-10-01 15:49:42.764684+00:00", "columns": {"action_parameters_hash": "8194b165ac609544d7c59fdf8b67104428844897e8172181508102e379fa6a39", "action_type": "NUTRITION", "content_hash": "db139227b05d5e5fd7bd4552778f56904d65eb2ac01f537f6ae6411a97a59684", "content_schema_version": 1, "effective_at": null, "hash_scheme_version": 1, "id": "2e52e500-fce4-5e04-92cd-2906fdea27b9", "known_at": null, "query_basis_hash": "34a041ee6f6428c119c2188a1885e9b0904d65ceb989ec5888056cb2c5018f6c", "recorded_at": "2026-10-01T15:49:42.761525+00:00", "ref_s05_id": "862d4fcb-3d47-4407-87a7-700bc7b38971", "ref_s09_id": null, "ref_s12_id": null, "ref_s14_id": null, "ref_s24_id": "c3b5a7ea-acf7-4cc1-a34c-8090706c501c", "resolution_expires_at": "2026-10-01T16:49:42.322442+00:00", "resolver_version": "kl079-full-actions-v1", "revision": 1, "status": null, "subject_id": "f5aa3a65-1080-455f-aad7-573ab3cd7d7e", "typed_payload": {"action_parameters_hash": "8194b165ac609544d7c59fdf8b67104428844897e8172181508102e379fa6a39", "action_type": "NUTRITION", "attempt_id": "dea81e06-075c-417c-9307-ddcd628fd905", "captured_epoch": 1, "consistency": "CONSISTENT", "context_hash": "0db58f61825963b53b5c50f9c2e239218a2187cfe9113a51d2fddeca7b69a88d", "contract": "kl079-full-actions-v1", "contradicting_events": [], "coverage": "COMPLETE_FOR_POLICY", "demand_hash": "30ef05a955cb12d8f69b4a925c81f64e787bc8f158dd596d72f90b356f11a2cc", "demand_id": "31e948e0-6074-5856-b71b-cc0d0e1c77ed", "event_association_status": "CONFIRMED", "facts": [{"admission": "ADMITTED", "admission_hash": "39f14f6a600c3263728f6efd9160a4de38ed47fd95af44dde5678136d7e53164", "admission_id": "bbba84b6-3b55-4bb9-835a-758d2e138754", "association": "CONFIRMED", "association_hash": "32d7ea4e8207ab22c472d290b3c1748d88414ebe792aa7700b35fc33fb48da6a", "association_id": "a673c07c-f6e1-4dda-80de-61ad69c8b201", "contradicts": false, "effective_at": "2026-10-01T15:50:42.322442+00:00", "event_id": "76cf60ef-4618-4165-b9ef-d16f38964175", "exercise": "fixture:cycle", "fact_hash": "e3e3a17a643a824cf546ce7f64f2d1c5ad4018159a29e5da6440a1f01f122109", "fact_id": "542b896a-f52f-4e8c-9991-96da8c9da635", "lower_minutes": 10, "policy_id": "862d4fcb-3d47-4407-87a7-700bc7b38971", "replaces_slot": "prior-slot", "retracted": false, "scope": "TEST_ONLY", "semantic_class": "ACTUAL_EXECUTION", "subject_id": "f5aa3a65-1080-455f-aad7-573ab3cd7d7e", "upper_minutes": 10, "valid_until": "2026-10-01T16:49:42.322442+00:00"}], "fitness_hash": "97957defa8f0536f48cb963e0baa5ad41b5398cd58f0f6050a7178d47b86d6fd", "fitness_id": "9ec8ca5b-8869-56d0-82e5-0270a22bd13d", "id": "2e52e500-fce4-5e04-92cd-2906fdea27b9", "kind": "RESOLUTION", "manifest_hash": "a6840e45e956665e8117eb3db313222dd0440af90e70b69ecfd941b0a11e638b", "manifest_id": "c3b5a7ea-acf7-4cc1-a34c-8090706c501c", "nutrition_hash": "b69451f62aa14576defcb3fbbf6fa996547d203c7dcc8b94d889db585fda05c7", "nutrition_id": "a868f10d-90fb-522d-8001-cc5a7c8005bc", "policy_hash": "aaf434fee1189c829ca2a05e08ae689d29c988132dd5dbad8a0bdc1aacaa3d5e", "policy_id": "862d4fcb-3d47-4407-87a7-700bc7b38971", "proposal_hash": "b69451f62aa14576defcb3fbbf6fa996547d203c7dcc8b94d889db585fda05c7", "proposal_id": "a868f10d-90fb-522d-8001-cc5a7c8005bc", "query_basis_hash": "34a041ee6f6428c119c2188a1885e9b0904d65ceb989ec5888056cb2c5018f6c", "request_id": "b31f0613-85f1-45bb-a848-f1c83fcaa22e", "request_revision": 1, "resolution_expires_at": "2026-10-01T16:49:42.322442+00:00", "root_id": "ddbab064-c733-48e5-9bed-33a00ccb3e1c", "runtime_version": "kl079-full-actions-v1", "snapshot_id": "bd934e1d-7f3e-40ca-ad60-b2f16680f076", "source_hash": "e439d789ae65387bd4287e91b40a188ae4490f8887a22f3eb77cb1a2f813d295", "source_id": "a38b595d-6a10-5876-946d-fbc8af40e83d", "source_members": ["542b896a-f52f-4e8c-9991-96da8c9da635", "a673c07c-f6e1-4dda-80de-61ad69c8b201", "bbba84b6-3b55-4bb9-835a-758d2e138754"], "source_ranges": ["2026-09-30T15:49:42.322442+00:00", "2026-10-01T16:49:42.322442+00:00"], "subject_id": "f5aa3a65-1080-455f-aad7-573ab3cd7d7e", "superseded_or_retracted_items": [], "supporting_events": ["76cf60ef-4618-4165-b9ef-d16f38964175"], "truncation_status": "NOT_TRUNCATED", "version": "kl076-mechanical-test-v1"}}, "event": "55f7b83c-0719-467c-9209-defe319ddb47", "hash": "db139227b05d5e5fd7bd4552778f56904d65eb2ac01f537f6ae6411a97a59684", "id": "2e52e500-fce4-5e04-92cd-2906fdea27b9", "kind": "full_output", "owner": "ResolveEvidence", "payload": {"action_parameters_hash": "8194b165ac609544d7c59fdf8b67104428844897e8172181508102e379fa6a39", "action_type": "NUTRITION", "attempt_id": "dea81e06-075c-417c-9307-ddcd628fd905", "captured_epoch": 1, "consistency": "CONSISTENT", "context_hash": "0db58f61825963b53b5c50f9c2e239218a2187cfe9113a51d2fddeca7b69a88d", "contract": "kl079-full-actions-v1", "contradicting_events": [], "coverage": "COMPLETE_FOR_POLICY", "demand_hash": "30ef05a955cb12d8f69b4a925c81f64e787bc8f158dd596d72f90b356f11a2cc", "demand_id": "31e948e0-6074-5856-b71b-cc0d0e1c77ed", "event_association_status": "CONFIRMED", "facts": [{"admission": "ADMITTED", "admission_hash": "39f14f6a600c3263728f6efd9160a4de38ed47fd95af44dde5678136d7e53164", "admission_id": "bbba84b6-3b55-4bb9-835a-758d2e138754", "association": "CONFIRMED", "association_hash": "32d7ea4e8207ab22c472d290b3c1748d88414ebe792aa7700b35fc33fb48da6a", "association_id": "a673c07c-f6e1-4dda-80de-61ad69c8b201", "contradicts": false, "effective_at": "2026-10-01T15:50:42.322442+00:00", "event_id": "76cf60ef-4618-4165-b9ef-d16f38964175", "exercise": "fixture:cycle", "fact_hash": "e3e3a17a643a824cf546ce7f64f2d1c5ad4018159a29e5da6440a1f01f122109", "fact_id": "542b896a-f52f-4e8c-9991-96da8c9da635", "lower_minutes": 10, "policy_id": "862d4fcb-3d47-4407-87a7-700bc7b38971", "replaces_slot": "prior-slot", "retracted": false, "scope": "TEST_ONLY", "semantic_class": "ACTUAL_EXECUTION", "subject_id": "f5aa3a65-1080-455f-aad7-573ab3cd7d7e", "upper_minutes": 10, "valid_until": "2026-10-01T16:49:42.322442+00:00"}], "fitness_hash": "97957defa8f0536f48cb963e0baa5ad41b5398cd58f0f6050a7178d47b86d6fd", "fitness_id": "9ec8ca5b-8869-56d0-82e5-0270a22bd13d", "id": "2e52e500-fce4-5e04-92cd-2906fdea27b9", "kind": "RESOLUTION", "manifest_hash": "a6840e45e956665e8117eb3db313222dd0440af90e70b69ecfd941b0a11e638b", "manifest_id": "c3b5a7ea-acf7-4cc1-a34c-8090706c501c", "nutrition_hash": "b69451f62aa14576defcb3fbbf6fa996547d203c7dcc8b94d889db585fda05c7", "nutrition_id": "a868f10d-90fb-522d-8001-cc5a7c8005bc", "policy_hash": "aaf434fee1189c829ca2a05e08ae689d29c988132dd5dbad8a0bdc1aacaa3d5e", "policy_id": "862d4fcb-3d47-4407-87a7-700bc7b38971", "proposal_hash": "b69451f62aa14576defcb3fbbf6fa996547d203c7dcc8b94d889db585fda05c7", "proposal_id": "a868f10d-90fb-522d-8001-cc5a7c8005bc", "query_basis_hash": "34a041ee6f6428c119c2188a1885e9b0904d65ceb989ec5888056cb2c5018f6c", "request_id": "b31f0613-85f1-45bb-a848-f1c83fcaa22e", "request_revision": 1, "resolution_expires_at": "2026-10-01T16:49:42.322442+00:00", "root_id": "ddbab064-c733-48e5-9bed-33a00ccb3e1c", "runtime_version": "kl079-full-actions-v1", "snapshot_id": "bd934e1d-7f3e-40ca-ad60-b2f16680f076", "source_hash": "e439d789ae65387bd4287e91b40a188ae4490f8887a22f3eb77cb1a2f813d295", "source_id": "a38b595d-6a10-5876-946d-fbc8af40e83d", "source_members": ["542b896a-f52f-4e8c-9991-96da8c9da635", "a673c07c-f6e1-4dda-80de-61ad69c8b201", "bbba84b6-3b55-4bb9-835a-758d2e138754"], "source_ranges": ["2026-09-30T15:49:42.322442+00:00", "2026-10-01T16:49:42.322442+00:00"], "subject_id": "f5aa3a65-1080-455f-aad7-573ab3cd7d7e", "superseded_or_retracted_items": [], "supporting_events": ["76cf60ef-4618-4165-b9ef-d16f38964175"], "truncation_status": "NOT_TRUNCATED", "version": "kl076-mechanical-test-v1"}, "receipt": "647c473e-4aa7-416d-90d1-10fa8a48c8fe"}
FIXTURE_EVIDENCE {"current_guard_reached": false, "dimension": "future_evidence", "exception": "PlanningDenied", "ingress_passed": false, "kind": "denial", "message": "future effective source cannot declare actual exposure", "zero_effects": true}
.FIXTURE_EVIDENCE {"compose": "kineticloop-kl079-full-949bbd5-90cbd6dddc92", "database": "kineticloop_kl079_full_949bbd5_90cbd6dddc92", "elapsed": 4.556074250023812, "inventory": ["bootstrap_two_phase(selected_lifecycle)", "reset", "start", "destroy"], "kind": "cleanup", "remaining_resources": {"container": "", "network": "", "volume": ""}}
INFO  [alembic.runtime.migration] Context impl PostgresqlImpl.
INFO  [alembic.runtime.migration] Will assume transactional DDL.
INFO  [alembic.runtime.migration] Running upgrade  -> 76fd67f76bd4, frozen S01-S51 baseline
INFO  [alembic.runtime.migration] Context impl PostgresqlImpl.
INFO  [alembic.runtime.migration] Will assume transactional DDL.
INFO  [alembic.runtime.migration] Running upgrade 76fd67f76bd4 -> a3f91c7d2e10, migrated SafetyRegistry integration and role-owner hardening
INFO  [alembic.runtime.migration] Running upgrade a3f91c7d2e10 -> b6e4d8a1c927, trusted artifact registration and bounded dependency admission
INFO  [alembic.runtime.migration] Running upgrade b6e4d8a1c927 -> d4c1a9e7b203, production, test, and evaluation subject namespace isolation
INFO  [alembic.runtime.migration] Running upgrade d4c1a9e7b203 -> e8c2f1a6b904, Materialize frozen S27 active partition uniqueness (legacy PENDING = ADMITTED).
NAMESPACE_PU DatabaseNamespace(project_name='kineticloop-kl079-full-949bbd5-90cbd6dddc92', database_name='kineticloop_kl079_full_949bbd5_90cbd6dddc92') negative_controls=foreign_root,sha,digest,label,ambient,nested_cleanup nested_inventory ['bootstrap_two_phase(selected_lifecycle)', 'destroy']
FIXTURE_EVIDENCE {"bootstrap_elapsed": 3.522197750164196, "compose": "kineticloop-kl079-full-949bbd5-90cbd6dddc92", "database": "kineticloop_kl079_full_949bbd5_90cbd6dddc92", "kind": "namespace", "migration": "e8c2f1a6b904", "nested_routes": ["bootstrap_two_phase(selected_lifecycle)", "reset", "start", "compose/_run", "validate_current_database_before_every_source/owner/reset", "finally_destroy"], "resolved_root": "/Users/davetian/.codex/worktrees/685e/KineticLoop", "tested_commit": "949bbd530061ecb3644998719fe998f86cad999e"}
FIXTURE_EVIDENCE {"hash": "47141293664d61f6dffde2ef2550b381be3062798b82a38a2f890be50e3c8f8a", "id": "e74d40fe-b014-41ef-a2fb-ced4546440bd", "immutable_dependencies": ["fb923b1c-ad52-41a9-8962-8eeb81ab9670", "c9ed0886-3a06-4083-b8b9-ef7299e0a4ac"], "kind": "runtime_registration", "owner": "SafetyRegistry.RegisterArtifact", "version": "kl079-full-actions-v1"}
FIXTURE_EVIDENCE {"epoch": 1, "factset": "8f65bfec-af21-54b6-be0d-f9a7e84909c4", "kind": "upstream", "membership_digest": "a0ebc167ca24e31b3304e45d3b9853679517378dd5a3ebb3efe07ae2d267b482", "projection": {"dependency_ids": ["02295da4-3afc-5cad-afb6-e93f246c5f75", "14e93c16-d0cc-592d-96d1-28de4f9d3c65", "4dded45c-fdb5-5cd8-89e6-1fcd90d49e45", "5b09108f-7d4c-5b90-9eb0-96e5aaa75b88", "77f8f65d-9e41-59e5-ae21-ce94bf955cdb", "92750d7f-4712-5454-8c04-51a27262c7ae"], "executable": false, "input_basis_hash": "58e906828e88d649c2113b48914d79b244b8ac8c87b8ef651e176439eaeb79fc", "projection_id": "31318623-fb9c-5879-bc49-2fcec56b74c4", "revision": 1}, "publication": {"event_id": "63244c4c-5017-4a9d-8763-777bcb82d205", "executable": false, "generation": 1, "manifest_id": "5af83360-860c-492c-ae28-6176c7a79ff8", "receipt_id": "741f8ba2-e930-46dc-bd2a-736ec865f273", "replayed": false}, "ready": {"artifact_dependency_closure_hash": "6f1668263e459b06d4b46024440642ebc7c01f5ec0bc62fe745adbc63b0e8bfc", "build_id": "bbe3918b-f54e-536b-87e9-15492f89a06e", "dependency_basis_hash": "932159764f6c5fb9d4ed872a92794fce15b0161e5e3257d8d243196acf7871fa", "executable": false, "manifest_hash": "01427485ac6f32af8772c9e027ef810ea6b19d133d3b7d854c68d2d0bbed9136", "status": "READY"}, "subject": "22d017ba-71b9-430f-97dd-d1f568963cbc"}
FIXTURE_EVIDENCE {"actual_sealed_members": 67, "dimension": "truncation", "kind": "denial", "stage": "FULL_SOURCE_CAPTURE_RECORD_PROPOSAL", "zero_effects": true}
.FIXTURE_EVIDENCE {"compose": "kineticloop-kl079-full-949bbd5-90cbd6dddc92", "database": "kineticloop_kl079_full_949bbd5_90cbd6dddc92", "elapsed": 4.815623208181933, "inventory": ["bootstrap_two_phase(selected_lifecycle)", "reset", "start", "destroy"], "kind": "cleanup", "remaining_resources": {"container": "", "network": "", "volume": ""}}
INFO  [alembic.runtime.migration] Context impl PostgresqlImpl.
INFO  [alembic.runtime.migration] Will assume transactional DDL.
INFO  [alembic.runtime.migration] Running upgrade  -> 76fd67f76bd4, frozen S01-S51 baseline
INFO  [alembic.runtime.migration] Context impl PostgresqlImpl.
INFO  [alembic.runtime.migration] Will assume transactional DDL.
INFO  [alembic.runtime.migration] Running upgrade 76fd67f76bd4 -> a3f91c7d2e10, migrated SafetyRegistry integration and role-owner hardening
INFO  [alembic.runtime.migration] Running upgrade a3f91c7d2e10 -> b6e4d8a1c927, trusted artifact registration and bounded dependency admission
INFO  [alembic.runtime.migration] Running upgrade b6e4d8a1c927 -> d4c1a9e7b203, production, test, and evaluation subject namespace isolation
INFO  [alembic.runtime.migration] Running upgrade d4c1a9e7b203 -> e8c2f1a6b904, Materialize frozen S27 active partition uniqueness (legacy PENDING = ADMITTED).
NAMESPACE_PU DatabaseNamespace(project_name='kineticloop-kl079-full-949bbd5-90cbd6dddc92', database_name='kineticloop_kl079_full_949bbd5_90cbd6dddc92') negative_controls=foreign_root,sha,digest,label,ambient,nested_cleanup nested_inventory ['bootstrap_two_phase(selected_lifecycle)', 'destroy']
FIXTURE_EVIDENCE {"bootstrap_elapsed": 4.0573238749057055, "compose": "kineticloop-kl079-full-949bbd5-90cbd6dddc92", "database": "kineticloop_kl079_full_949bbd5_90cbd6dddc92", "kind": "namespace", "migration": "e8c2f1a6b904", "nested_routes": ["bootstrap_two_phase(selected_lifecycle)", "reset", "start", "compose/_run", "validate_current_database_before_every_source/owner/reset", "finally_destroy"], "resolved_root": "/Users/davetian/.codex/worktrees/685e/KineticLoop", "tested_commit": "949bbd530061ecb3644998719fe998f86cad999e"}
FIXTURE_EVIDENCE {"hash": "47141293664d61f6dffde2ef2550b381be3062798b82a38a2f890be50e3c8f8a", "id": "7e60bb05-ca9a-4516-bcc5-d19d72d4a073", "immutable_dependencies": ["b1fd8281-7981-4b33-9822-d3681e84e417", "55bb68dc-85f4-4228-809f-83be2b49a53f"], "kind": "runtime_registration", "owner": "SafetyRegistry.RegisterArtifact", "version": "kl079-full-actions-v1"}
FIXTURE_EVIDENCE {"epoch": 1, "factset": "0ebbeb3a-bcff-5090-a7af-1e2be02dd5e1", "kind": "upstream", "membership_digest": "d34d61e551f9b5125db4b77edec83554f0312b94406cf882d330492506507cd1", "projection": {"dependency_ids": ["2a5cb19d-022d-543a-94aa-12fe190fa5f1", "4a2104cd-5bc1-5f02-b605-53176b927045", "6ad47854-c651-51d2-88c1-d27c7f1c898e", "aa9bb8cf-7834-5647-842e-00bee9c5989a", "d1872fc7-2bfe-5a65-815f-2fc9c2f34be9", "dcfdad1f-bae5-5a00-8779-edc7d22b93aa"], "executable": false, "input_basis_hash": "e86c3358e41a17bd1927ef227c5187d9806b78fdbf9ef3e043f6f492049f41c7", "projection_id": "6eb8b530-9c53-5c82-99d1-c7b15e1f0bdf", "revision": 1}, "publication": {"event_id": "d5ecbae5-1ad6-4a68-b0ce-ef0722291d1c", "executable": false, "generation": 1, "manifest_id": "9d3fce98-b42f-4653-b254-6d9fe7d3d457", "receipt_id": "2e870840-1bd7-446e-8f15-a1fbb22e390f", "replayed": false}, "ready": {"artifact_dependency_closure_hash": "de580c4b1b06601849eade26684252beb917afbba21986424ef9250e3946f482", "build_id": "0e496bd5-f5b3-54dc-be2f-f2a220e2decd", "dependency_basis_hash": "41a1fc56e75af422f255cfb9d71bb7884871baa1bd866188421f3cab4c11c37f", "executable": false, "manifest_hash": "d32c7fd9835810ff25ea6941890cb201bc56e6df40738cfb47963a3742286006", "status": "READY"}, "subject": "fa4d40a6-cd5c-4fab-bf07-b244fe7ad1dd"}
FIXTURE_EVIDENCE {"accepted_at": "2026-10-01 15:49:53.819896+00:00", "columns": {"action_parameters_hash": "f863709ebb1218374d5c57e23c2de587f9f616ac436ec20eb3d2f983ed1bb000", "action_type": "TRAINING", "content_hash": "5755b0489b6f0c0a67caded2bf11433ef5de72f95ed8995f60a200912c12dd20", "content_schema_version": 1, "effective_at": null, "hash_scheme_version": 1, "id": "cb01dc92-3b2a-578f-9ef0-8bfcc25ea681", "known_at": null, "query_basis_hash": "37a881c9ff49fee1947bf7c6451cf37f52cefd2b6a1791fea449e7b0c027f4ed", "recorded_at": "2026-10-01T15:49:53.816026+00:00", "ref_s05_id": "d90178dd-4f6f-4589-93b6-0ea5079a167a", "ref_s09_id": null, "ref_s12_id": null, "ref_s14_id": null, "ref_s24_id": "9d3fce98-b42f-4653-b254-6d9fe7d3d457", "resolution_expires_at": "2026-10-01T16:49:53.380641+00:00", "resolver_version": "kl079-full-actions-v1", "revision": 1, "status": null, "subject_id": "fa4d40a6-cd5c-4fab-bf07-b244fe7ad1dd", "typed_payload": {"action_parameters_hash": "f863709ebb1218374d5c57e23c2de587f9f616ac436ec20eb3d2f983ed1bb000", "action_type": "TRAINING", "attempt_id": "5b2323ff-4506-4a72-aae7-a51ae9469336", "captured_epoch": 1, "consistency": "CONSISTENT", "context_hash": "174cb4404de8d1dfc1164b28ee366424225812583fbad3ca5684627b5414f74d", "contract": "kl079-full-actions-v1", "contradicting_events": [], "coverage": "COMPLETE_FOR_POLICY", "demand_hash": "dea2bc9b9d8e5506ee5da5c881f693cb9f1763bb4718dad7c538f597cbbd6e77", "demand_id": "c912a165-e1e0-5646-99fa-aac00cde9cdc", "event_association_status": "CONFIRMED", "facts": [{"admission": "ADMITTED", "admission_hash": "6fb4c5f6e44c7afda56ec855cb942ff1cd8dd4296ec63d2ca1e0045bd09f0e63", "admission_id": "6a2bd959-f1e3-4340-9603-1106fd7536ad", "association": "CONFIRMED", "association_hash": "b7de740d9b007c488edc35146f6561f78ec1278f120abffa55dfc1edcfd71db0", "association_id": "25b11396-5c4d-445f-b9c0-34c675544212", "contradicts": false, "effective_at": "2026-10-01T14:49:53.380641+00:00", "event_id": "0124ad77-787f-4a87-98a0-83a00ee0292b", "exercise": "fixture:cycle", "fact_hash": "726d9a1b5b09e8327de9a9b4634c788be3ce4f0f2b0fb3258e0dca66b92c6b4e", "fact_id": "f6a12627-9d76-4c5e-8ddc-255c11862d06", "lower_minutes": 10, "policy_id": "d90178dd-4f6f-4589-93b6-0ea5079a167a", "replaces_slot": "prior-slot", "retracted": false, "scope": "TEST_ONLY", "semantic_class": "ACTUAL_EXECUTION", "subject_id": "fa4d40a6-cd5c-4fab-bf07-b244fe7ad1dd", "upper_minutes": 10, "valid_until": "2026-10-01T16:49:53.380641+00:00"}], "fitness_hash": "52320276edd7a1300fb59682a748ab27d01a61807851e1c5dfb910034338efa8", "fitness_id": "93218a3f-6e68-5aba-b7ce-cf0c941955e2", "id": "cb01dc92-3b2a-578f-9ef0-8bfcc25ea681", "kind": "RESOLUTION", "manifest_hash": "d32c7fd9835810ff25ea6941890cb201bc56e6df40738cfb47963a3742286006", "manifest_id": "9d3fce98-b42f-4653-b254-6d9fe7d3d457", "nutrition_hash": "d50dfe91747dc6a87c7156a890f12f96cff99a951eb531ded30aab051d09e36d", "nutrition_id": "c9f566a7-1dd1-54f3-8801-f42db27cc58f", "policy_hash": "453c710a5c7b352575aaccc96ed90b96ee3665f2e38ebe4b5b37a495db62122a", "policy_id": "d90178dd-4f6f-4589-93b6-0ea5079a167a", "proposal_hash": "52320276edd7a1300fb59682a748ab27d01a61807851e1c5dfb910034338efa8", "proposal_id": "93218a3f-6e68-5aba-b7ce-cf0c941955e2", "query_basis_hash": "37a881c9ff49fee1947bf7c6451cf37f52cefd2b6a1791fea449e7b0c027f4ed", "request_id": "586b488c-ed00-4a63-91d1-68303d05e924", "request_revision": 1, "resolution_expires_at": "2026-10-01T16:49:53.380641+00:00", "root_id": "2f9aa37e-1067-4298-afe7-dbcb366c3d23", "runtime_version": "kl079-full-actions-v1", "snapshot_id": "4ceec999-c688-49e5-bd0c-ef6bed841c91", "source_hash": "b56c2b8fbebfac3692458f56f643bf87f32e308f1166fe12544d59896c683392", "source_id": "0ebbeb3a-bcff-5090-a7af-1e2be02dd5e1", "source_members": ["25b11396-5c4d-445f-b9c0-34c675544212", "6a2bd959-f1e3-4340-9603-1106fd7536ad", "f6a12627-9d76-4c5e-8ddc-255c11862d06"], "source_ranges": ["2026-09-30T15:49:53.380641+00:00", "2026-10-01T16:49:53.380641+00:00"], "subject_id": "fa4d40a6-cd5c-4fab-bf07-b244fe7ad1dd", "superseded_or_retracted_items": [], "supporting_events": ["0124ad77-787f-4a87-98a0-83a00ee0292b"], "truncation_status": "NOT_TRUNCATED", "version": "kl076-mechanical-test-v1"}}, "event": "347ec507-ad20-4451-ba6c-0ac5daa405d9", "hash": "5755b0489b6f0c0a67caded2bf11433ef5de72f95ed8995f60a200912c12dd20", "id": "cb01dc92-3b2a-578f-9ef0-8bfcc25ea681", "kind": "full_output", "owner": "ResolveEvidence", "payload": {"action_parameters_hash": "f863709ebb1218374d5c57e23c2de587f9f616ac436ec20eb3d2f983ed1bb000", "action_type": "TRAINING", "attempt_id": "5b2323ff-4506-4a72-aae7-a51ae9469336", "captured_epoch": 1, "consistency": "CONSISTENT", "context_hash": "174cb4404de8d1dfc1164b28ee366424225812583fbad3ca5684627b5414f74d", "contract": "kl079-full-actions-v1", "contradicting_events": [], "coverage": "COMPLETE_FOR_POLICY", "demand_hash": "dea2bc9b9d8e5506ee5da5c881f693cb9f1763bb4718dad7c538f597cbbd6e77", "demand_id": "c912a165-e1e0-5646-99fa-aac00cde9cdc", "event_association_status": "CONFIRMED", "facts": [{"admission": "ADMITTED", "admission_hash": "6fb4c5f6e44c7afda56ec855cb942ff1cd8dd4296ec63d2ca1e0045bd09f0e63", "admission_id": "6a2bd959-f1e3-4340-9603-1106fd7536ad", "association": "CONFIRMED", "association_hash": "b7de740d9b007c488edc35146f6561f78ec1278f120abffa55dfc1edcfd71db0", "association_id": "25b11396-5c4d-445f-b9c0-34c675544212", "contradicts": false, "effective_at": "2026-10-01T14:49:53.380641+00:00", "event_id": "0124ad77-787f-4a87-98a0-83a00ee0292b", "exercise": "fixture:cycle", "fact_hash": "726d9a1b5b09e8327de9a9b4634c788be3ce4f0f2b0fb3258e0dca66b92c6b4e", "fact_id": "f6a12627-9d76-4c5e-8ddc-255c11862d06", "lower_minutes": 10, "policy_id": "d90178dd-4f6f-4589-93b6-0ea5079a167a", "replaces_slot": "prior-slot", "retracted": false, "scope": "TEST_ONLY", "semantic_class": "ACTUAL_EXECUTION", "subject_id": "fa4d40a6-cd5c-4fab-bf07-b244fe7ad1dd", "upper_minutes": 10, "valid_until": "2026-10-01T16:49:53.380641+00:00"}], "fitness_hash": "52320276edd7a1300fb59682a748ab27d01a61807851e1c5dfb910034338efa8", "fitness_id": "93218a3f-6e68-5aba-b7ce-cf0c941955e2", "id": "cb01dc92-3b2a-578f-9ef0-8bfcc25ea681", "kind": "RESOLUTION", "manifest_hash": "d32c7fd9835810ff25ea6941890cb201bc56e6df40738cfb47963a3742286006", "manifest_id": "9d3fce98-b42f-4653-b254-6d9fe7d3d457", "nutrition_hash": "d50dfe91747dc6a87c7156a890f12f96cff99a951eb531ded30aab051d09e36d", "nutrition_id": "c9f566a7-1dd1-54f3-8801-f42db27cc58f", "policy_hash": "453c710a5c7b352575aaccc96ed90b96ee3665f2e38ebe4b5b37a495db62122a", "policy_id": "d90178dd-4f6f-4589-93b6-0ea5079a167a", "proposal_hash": "52320276edd7a1300fb59682a748ab27d01a61807851e1c5dfb910034338efa8", "proposal_id": "93218a3f-6e68-5aba-b7ce-cf0c941955e2", "query_basis_hash": "37a881c9ff49fee1947bf7c6451cf37f52cefd2b6a1791fea449e7b0c027f4ed", "request_id": "586b488c-ed00-4a63-91d1-68303d05e924", "request_revision": 1, "resolution_expires_at": "2026-10-01T16:49:53.380641+00:00", "root_id": "2f9aa37e-1067-4298-afe7-dbcb366c3d23", "runtime_version": "kl079-full-actions-v1", "snapshot_id": "4ceec999-c688-49e5-bd0c-ef6bed841c91", "source_hash": "b56c2b8fbebfac3692458f56f643bf87f32e308f1166fe12544d59896c683392", "source_id": "0ebbeb3a-bcff-5090-a7af-1e2be02dd5e1", "source_members": ["25b11396-5c4d-445f-b9c0-34c675544212", "6a2bd959-f1e3-4340-9603-1106fd7536ad", "f6a12627-9d76-4c5e-8ddc-255c11862d06"], "source_ranges": ["2026-09-30T15:49:53.380641+00:00", "2026-10-01T16:49:53.380641+00:00"], "subject_id": "fa4d40a6-cd5c-4fab-bf07-b244fe7ad1dd", "superseded_or_retracted_items": [], "supporting_events": ["0124ad77-787f-4a87-98a0-83a00ee0292b"], "truncation_status": "NOT_TRUNCATED", "version": "kl076-mechanical-test-v1"}, "receipt": "fed31b19-5e4e-4ad8-9f4b-f09ca35c9179"}
FIXTURE_EVIDENCE {"accepted_at": "2026-10-01 15:49:53.845543+00:00", "columns": {"action_parameters_hash": "8194b165ac609544d7c59fdf8b67104428844897e8172181508102e379fa6a39", "action_type": "NUTRITION", "content_hash": "c4768fa9dba4e5605afa668d02a8010e9bc41939c52dba68aea25df670079777", "content_schema_version": 1, "effective_at": null, "hash_scheme_version": 1, "id": "f3f36553-50d1-5012-8677-e192c77b116c", "known_at": null, "query_basis_hash": "b9cb2d23976e603de7628a25412d2bbbf20fbd9543585ef647b94e17c0176575", "recorded_at": "2026-10-01T15:49:53.842714+00:00", "ref_s05_id": "d90178dd-4f6f-4589-93b6-0ea5079a167a", "ref_s09_id": null, "ref_s12_id": null, "ref_s14_id": null, "ref_s24_id": "9d3fce98-b42f-4653-b254-6d9fe7d3d457", "resolution_expires_at": "2026-10-01T16:49:53.380641+00:00", "resolver_version": "kl079-full-actions-v1", "revision": 1, "status": null, "subject_id": "fa4d40a6-cd5c-4fab-bf07-b244fe7ad1dd", "typed_payload": {"action_parameters_hash": "8194b165ac609544d7c59fdf8b67104428844897e8172181508102e379fa6a39", "action_type": "NUTRITION", "attempt_id": "5b2323ff-4506-4a72-aae7-a51ae9469336", "captured_epoch": 1, "consistency": "CONSISTENT", "context_hash": "174cb4404de8d1dfc1164b28ee366424225812583fbad3ca5684627b5414f74d", "contract": "kl079-full-actions-v1", "contradicting_events": [], "coverage": "COMPLETE_FOR_POLICY", "demand_hash": "dea2bc9b9d8e5506ee5da5c881f693cb9f1763bb4718dad7c538f597cbbd6e77", "demand_id": "c912a165-e1e0-5646-99fa-aac00cde9cdc", "event_association_status": "CONFIRMED", "facts": [{"admission": "ADMITTED", "admission_hash": "6fb4c5f6e44c7afda56ec855cb942ff1cd8dd4296ec63d2ca1e0045bd09f0e63", "admission_id": "6a2bd959-f1e3-4340-9603-1106fd7536ad", "association": "CONFIRMED", "association_hash": "b7de740d9b007c488edc35146f6561f78ec1278f120abffa55dfc1edcfd71db0", "association_id": "25b11396-5c4d-445f-b9c0-34c675544212", "contradicts": false, "effective_at": "2026-10-01T14:49:53.380641+00:00", "event_id": "0124ad77-787f-4a87-98a0-83a00ee0292b", "exercise": "fixture:cycle", "fact_hash": "726d9a1b5b09e8327de9a9b4634c788be3ce4f0f2b0fb3258e0dca66b92c6b4e", "fact_id": "f6a12627-9d76-4c5e-8ddc-255c11862d06", "lower_minutes": 10, "policy_id": "d90178dd-4f6f-4589-93b6-0ea5079a167a", "replaces_slot": "prior-slot", "retracted": false, "scope": "TEST_ONLY", "semantic_class": "ACTUAL_EXECUTION", "subject_id": "fa4d40a6-cd5c-4fab-bf07-b244fe7ad1dd", "upper_minutes": 10, "valid_until": "2026-10-01T16:49:53.380641+00:00"}], "fitness_hash": "52320276edd7a1300fb59682a748ab27d01a61807851e1c5dfb910034338efa8", "fitness_id": "93218a3f-6e68-5aba-b7ce-cf0c941955e2", "id": "f3f36553-50d1-5012-8677-e192c77b116c", "kind": "RESOLUTION", "manifest_hash": "d32c7fd9835810ff25ea6941890cb201bc56e6df40738cfb47963a3742286006", "manifest_id": "9d3fce98-b42f-4653-b254-6d9fe7d3d457", "nutrition_hash": "d50dfe91747dc6a87c7156a890f12f96cff99a951eb531ded30aab051d09e36d", "nutrition_id": "c9f566a7-1dd1-54f3-8801-f42db27cc58f", "policy_hash": "453c710a5c7b352575aaccc96ed90b96ee3665f2e38ebe4b5b37a495db62122a", "policy_id": "d90178dd-4f6f-4589-93b6-0ea5079a167a", "proposal_hash": "d50dfe91747dc6a87c7156a890f12f96cff99a951eb531ded30aab051d09e36d", "proposal_id": "c9f566a7-1dd1-54f3-8801-f42db27cc58f", "query_basis_hash": "b9cb2d23976e603de7628a25412d2bbbf20fbd9543585ef647b94e17c0176575", "request_id": "586b488c-ed00-4a63-91d1-68303d05e924", "request_revision": 1, "resolution_expires_at": "2026-10-01T16:49:53.380641+00:00", "root_id": "2f9aa37e-1067-4298-afe7-dbcb366c3d23", "runtime_version": "kl079-full-actions-v1", "snapshot_id": "4ceec999-c688-49e5-bd0c-ef6bed841c91", "source_hash": "b56c2b8fbebfac3692458f56f643bf87f32e308f1166fe12544d59896c683392", "source_id": "0ebbeb3a-bcff-5090-a7af-1e2be02dd5e1", "source_members": ["25b11396-5c4d-445f-b9c0-34c675544212", "6a2bd959-f1e3-4340-9603-1106fd7536ad", "f6a12627-9d76-4c5e-8ddc-255c11862d06"], "source_ranges": ["2026-09-30T15:49:53.380641+00:00", "2026-10-01T16:49:53.380641+00:00"], "subject_id": "fa4d40a6-cd5c-4fab-bf07-b244fe7ad1dd", "superseded_or_retracted_items": [], "supporting_events": ["0124ad77-787f-4a87-98a0-83a00ee0292b"], "truncation_status": "NOT_TRUNCATED", "version": "kl076-mechanical-test-v1"}}, "event": "4de3d8b9-41f7-40a6-9fd5-efedcdbec53f", "hash": "c4768fa9dba4e5605afa668d02a8010e9bc41939c52dba68aea25df670079777", "id": "f3f36553-50d1-5012-8677-e192c77b116c", "kind": "full_output", "owner": "ResolveEvidence", "payload": {"action_parameters_hash": "8194b165ac609544d7c59fdf8b67104428844897e8172181508102e379fa6a39", "action_type": "NUTRITION", "attempt_id": "5b2323ff-4506-4a72-aae7-a51ae9469336", "captured_epoch": 1, "consistency": "CONSISTENT", "context_hash": "174cb4404de8d1dfc1164b28ee366424225812583fbad3ca5684627b5414f74d", "contract": "kl079-full-actions-v1", "contradicting_events": [], "coverage": "COMPLETE_FOR_POLICY", "demand_hash": "dea2bc9b9d8e5506ee5da5c881f693cb9f1763bb4718dad7c538f597cbbd6e77", "demand_id": "c912a165-e1e0-5646-99fa-aac00cde9cdc", "event_association_status": "CONFIRMED", "facts": [{"admission": "ADMITTED", "admission_hash": "6fb4c5f6e44c7afda56ec855cb942ff1cd8dd4296ec63d2ca1e0045bd09f0e63", "admission_id": "6a2bd959-f1e3-4340-9603-1106fd7536ad", "association": "CONFIRMED", "association_hash": "b7de740d9b007c488edc35146f6561f78ec1278f120abffa55dfc1edcfd71db0", "association_id": "25b11396-5c4d-445f-b9c0-34c675544212", "contradicts": false, "effective_at": "2026-10-01T14:49:53.380641+00:00", "event_id": "0124ad77-787f-4a87-98a0-83a00ee0292b", "exercise": "fixture:cycle", "fact_hash": "726d9a1b5b09e8327de9a9b4634c788be3ce4f0f2b0fb3258e0dca66b92c6b4e", "fact_id": "f6a12627-9d76-4c5e-8ddc-255c11862d06", "lower_minutes": 10, "policy_id": "d90178dd-4f6f-4589-93b6-0ea5079a167a", "replaces_slot": "prior-slot", "retracted": false, "scope": "TEST_ONLY", "semantic_class": "ACTUAL_EXECUTION", "subject_id": "fa4d40a6-cd5c-4fab-bf07-b244fe7ad1dd", "upper_minutes": 10, "valid_until": "2026-10-01T16:49:53.380641+00:00"}], "fitness_hash": "52320276edd7a1300fb59682a748ab27d01a61807851e1c5dfb910034338efa8", "fitness_id": "93218a3f-6e68-5aba-b7ce-cf0c941955e2", "id": "f3f36553-50d1-5012-8677-e192c77b116c", "kind": "RESOLUTION", "manifest_hash": "d32c7fd9835810ff25ea6941890cb201bc56e6df40738cfb47963a3742286006", "manifest_id": "9d3fce98-b42f-4653-b254-6d9fe7d3d457", "nutrition_hash": "d50dfe91747dc6a87c7156a890f12f96cff99a951eb531ded30aab051d09e36d", "nutrition_id": "c9f566a7-1dd1-54f3-8801-f42db27cc58f", "policy_hash": "453c710a5c7b352575aaccc96ed90b96ee3665f2e38ebe4b5b37a495db62122a", "policy_id": "d90178dd-4f6f-4589-93b6-0ea5079a167a", "proposal_hash": "d50dfe91747dc6a87c7156a890f12f96cff99a951eb531ded30aab051d09e36d", "proposal_id": "c9f566a7-1dd1-54f3-8801-f42db27cc58f", "query_basis_hash": "b9cb2d23976e603de7628a25412d2bbbf20fbd9543585ef647b94e17c0176575", "request_id": "586b488c-ed00-4a63-91d1-68303d05e924", "request_revision": 1, "resolution_expires_at": "2026-10-01T16:49:53.380641+00:00", "root_id": "2f9aa37e-1067-4298-afe7-dbcb366c3d23", "runtime_version": "kl079-full-actions-v1", "snapshot_id": "4ceec999-c688-49e5-bd0c-ef6bed841c91", "source_hash": "b56c2b8fbebfac3692458f56f643bf87f32e308f1166fe12544d59896c683392", "source_id": "0ebbeb3a-bcff-5090-a7af-1e2be02dd5e1", "source_members": ["25b11396-5c4d-445f-b9c0-34c675544212", "6a2bd959-f1e3-4340-9603-1106fd7536ad", "f6a12627-9d76-4c5e-8ddc-255c11862d06"], "source_ranges": ["2026-09-30T15:49:53.380641+00:00", "2026-10-01T16:49:53.380641+00:00"], "subject_id": "fa4d40a6-cd5c-4fab-bf07-b244fe7ad1dd", "superseded_or_retracted_items": [], "supporting_events": ["0124ad77-787f-4a87-98a0-83a00ee0292b"], "truncation_status": "NOT_TRUNCATED", "version": "kl076-mechanical-test-v1"}, "receipt": "a12d3903-d5bb-4681-bccb-d71d52db117a"}
FIXTURE_EVIDENCE {"current_guard_reached": false, "dimension": "binding_hash", "exception": "GuardRequired", "ingress_passed": false, "kind": "denial", "message": "exact ordered owner-verified action bindings required", "zero_effects": true}
.FIXTURE_EVIDENCE {"compose": "kineticloop-kl079-full-949bbd5-90cbd6dddc92", "database": "kineticloop_kl079_full_949bbd5_90cbd6dddc92", "elapsed": 5.104969082865864, "inventory": ["bootstrap_two_phase(selected_lifecycle)", "reset", "start", "destroy"], "kind": "cleanup", "remaining_resources": {"container": "", "network": "", "volume": ""}}
INFO  [alembic.runtime.migration] Context impl PostgresqlImpl.
INFO  [alembic.runtime.migration] Will assume transactional DDL.
INFO  [alembic.runtime.migration] Running upgrade  -> 76fd67f76bd4, frozen S01-S51 baseline
INFO  [alembic.runtime.migration] Context impl PostgresqlImpl.
INFO  [alembic.runtime.migration] Will assume transactional DDL.
INFO  [alembic.runtime.migration] Running upgrade 76fd67f76bd4 -> a3f91c7d2e10, migrated SafetyRegistry integration and role-owner hardening
INFO  [alembic.runtime.migration] Running upgrade a3f91c7d2e10 -> b6e4d8a1c927, trusted artifact registration and bounded dependency admission
INFO  [alembic.runtime.migration] Running upgrade b6e4d8a1c927 -> d4c1a9e7b203, production, test, and evaluation subject namespace isolation
INFO  [alembic.runtime.migration] Running upgrade d4c1a9e7b203 -> e8c2f1a6b904, Materialize frozen S27 active partition uniqueness (legacy PENDING = ADMITTED).
NAMESPACE_PU DatabaseNamespace(project_name='kineticloop-kl079-full-949bbd5-90cbd6dddc92', database_name='kineticloop_kl079_full_949bbd5_90cbd6dddc92') negative_controls=foreign_root,sha,digest,label,ambient,nested_cleanup nested_inventory ['bootstrap_two_phase(selected_lifecycle)', 'destroy']
FIXTURE_EVIDENCE {"bootstrap_elapsed": 4.059807375073433, "compose": "kineticloop-kl079-full-949bbd5-90cbd6dddc92", "database": "kineticloop_kl079_full_949bbd5_90cbd6dddc92", "kind": "namespace", "migration": "e8c2f1a6b904", "nested_routes": ["bootstrap_two_phase(selected_lifecycle)", "reset", "start", "compose/_run", "validate_current_database_before_every_source/owner/reset", "finally_destroy"], "resolved_root": "/Users/davetian/.codex/worktrees/685e/KineticLoop", "tested_commit": "949bbd530061ecb3644998719fe998f86cad999e"}
FIXTURE_EVIDENCE {"hash": "47141293664d61f6dffde2ef2550b381be3062798b82a38a2f890be50e3c8f8a", "id": "f7bef09d-5bf9-4f11-a214-5fd9886901cd", "immutable_dependencies": ["0f6014a7-c9a6-4616-be08-dba07e16f333", "debd0f8a-d486-4be3-875d-b5eadc6dafec"], "kind": "runtime_registration", "owner": "SafetyRegistry.RegisterArtifact", "version": "kl079-full-actions-v1"}
FIXTURE_EVIDENCE {"epoch": 1, "factset": "532a5704-4392-5884-be5d-6ae95beb138c", "kind": "upstream", "membership_digest": "740ce2acfa18f76a09e4cb3b5ba4a3f584949b2e1a1cde2d55c542481262589e", "projection": {"dependency_ids": ["2b55292a-f97c-5de1-b458-4189f37f20dc", "3d6895ea-4d2c-5122-95fa-e746187a3b41", "471c5a98-226e-5bed-a205-8bb9614f4a0f", "5b1534a8-bcea-51c4-b2d2-750d4c17a399", "7f42b97c-319e-58ec-9abd-23d4a8962425", "d63774fe-09be-5450-b000-e93546b6b00d"], "executable": false, "input_basis_hash": "2e28d6759172197cb9e6ddcab87d3a5d94ea44d110dfb4c9c875d32ad06bb293", "projection_id": "26840d2f-a523-532b-90d1-cbb07717c9da", "revision": 1}, "publication": {"event_id": "660fa52e-f800-452f-a655-59d08c41c724", "executable": false, "generation": 1, "manifest_id": "fdffca31-4b68-44f4-8ced-b424267eb735", "receipt_id": "fbe6e2d4-095b-435f-8d4a-b3ecac92883e", "replayed": false}, "ready": {"artifact_dependency_closure_hash": "364cd21872011ea39f02886cf55076324280604879a42e9d80bc2f6b4d2ffe3d", "build_id": "fcff093e-0193-5a8d-b65f-45ed76fb46a8", "dependency_basis_hash": "ef57cd0c71690c4876b535bf37b89b1728b6465baf0d0b72b9b7202a982c1262", "executable": false, "manifest_hash": "232e677c5f37f5a6648e416b972fd1022711c5c60200047aeb3fac50f7a9470e", "status": "READY"}, "subject": "94f4b560-2f00-4b59-8d76-c9b5ed6b0b84"}
FIXTURE_EVIDENCE {"current_guard_reached": false, "dimension": "terminal", "exception": "FenceLost", "ingress_passed": true, "kind": "denial", "message": "stale owner/fence cannot commit", "zero_effects": true}
.FIXTURE_EVIDENCE {"compose": "kineticloop-kl079-full-949bbd5-90cbd6dddc92", "database": "kineticloop_kl079_full_949bbd5_90cbd6dddc92", "elapsed": 5.082596499938518, "inventory": ["bootstrap_two_phase(selected_lifecycle)", "reset", "start", "destroy"], "kind": "cleanup", "remaining_resources": {"container": "", "network": "", "volume": ""}}
INFO  [alembic.runtime.migration] Context impl PostgresqlImpl.
INFO  [alembic.runtime.migration] Will assume transactional DDL.
INFO  [alembic.runtime.migration] Running upgrade  -> 76fd67f76bd4, frozen S01-S51 baseline
INFO  [alembic.runtime.migration] Context impl PostgresqlImpl.
INFO  [alembic.runtime.migration] Will assume transactional DDL.
INFO  [alembic.runtime.migration] Running upgrade 76fd67f76bd4 -> a3f91c7d2e10, migrated SafetyRegistry integration and role-owner hardening
INFO  [alembic.runtime.migration] Running upgrade a3f91c7d2e10 -> b6e4d8a1c927, trusted artifact registration and bounded dependency admission
INFO  [alembic.runtime.migration] Running upgrade b6e4d8a1c927 -> d4c1a9e7b203, production, test, and evaluation subject namespace isolation
INFO  [alembic.runtime.migration] Running upgrade d4c1a9e7b203 -> e8c2f1a6b904, Materialize frozen S27 active partition uniqueness (legacy PENDING = ADMITTED).
NAMESPACE_PU DatabaseNamespace(project_name='kineticloop-kl079-full-949bbd5-90cbd6dddc92', database_name='kineticloop_kl079_full_949bbd5_90cbd6dddc92') negative_controls=foreign_root,sha,digest,label,ambient,nested_cleanup nested_inventory ['bootstrap_two_phase(selected_lifecycle)', 'destroy']
FIXTURE_EVIDENCE {"bootstrap_elapsed": 3.61986624985002, "compose": "kineticloop-kl079-full-949bbd5-90cbd6dddc92", "database": "kineticloop_kl079_full_949bbd5_90cbd6dddc92", "kind": "namespace", "migration": "e8c2f1a6b904", "nested_routes": ["bootstrap_two_phase(selected_lifecycle)", "reset", "start", "compose/_run", "validate_current_database_before_every_source/owner/reset", "finally_destroy"], "resolved_root": "/Users/davetian/.codex/worktrees/685e/KineticLoop", "tested_commit": "949bbd530061ecb3644998719fe998f86cad999e"}
FIXTURE_EVIDENCE {"hash": "47141293664d61f6dffde2ef2550b381be3062798b82a38a2f890be50e3c8f8a", "id": "617f3473-e2de-4a3f-b4f8-0fe23a0d5b03", "immutable_dependencies": ["0dfd47fc-231c-43d1-ba42-ade033db24ab", "a6730b6e-986b-47e7-8556-e4550f4199d5"], "kind": "runtime_registration", "owner": "SafetyRegistry.RegisterArtifact", "version": "kl079-full-actions-v1"}
FIXTURE_EVIDENCE {"epoch": 1, "factset": "f97e2550-c871-5d06-be29-e63c6d5b3ffc", "kind": "upstream", "membership_digest": "1776cc83b6cbbee90927530848b528325e0a852c4b381a0e34a078629b1a69cd", "projection": {"dependency_ids": ["03ebb915-e1e2-565e-b7dd-72ea83887a38", "9600acb1-f524-51a3-85c6-0df85292641b", "aa947713-cb7a-5094-814a-a5172b77b7b4", "bcb8e4c6-8695-556d-a407-60cdede853c5", "e58f4ca0-d3ff-5968-a88e-df83f3ecc05a", "fcfd426b-c0ba-511c-acab-852521f4fa5d"], "executable": false, "input_basis_hash": "071118f1b388335a3999c4aa56cf2023dc70894cae5e47226218c363ccbeeb23", "projection_id": "34d273ed-86ca-5a3b-9167-5377d7b8196a", "revision": 1}, "publication": {"event_id": "d5ea62ad-ddc1-42dd-9299-15dd7eb4c5cb", "executable": false, "generation": 1, "manifest_id": "d22396eb-e4da-4c29-b749-bed5327bc9c6", "receipt_id": "53ef7fe6-6a6d-4a46-9143-e755b4641a43", "replayed": false}, "ready": {"artifact_dependency_closure_hash": "df8731047d2a6f7ed56d477e0d6c87ef2a388a44dae460312a96c4e28fbd3767", "build_id": "9b5a3569-1d2f-52a7-a6f9-db06ee0c3b18", "dependency_basis_hash": "d4822f34f4042cae60d8010c6265c117f2c24ce2edfa84cd9c0fd2e67032f96d", "executable": false, "manifest_hash": "5c59d0a42da5ad14f1449d1b1018e6a48693a222ccd966bca166877c866afe66", "status": "READY"}, "subject": "970efc82-3b01-4466-b9db-545fc6af9b0a"}
FIXTURE_EVIDENCE {"current_guard_reached": false, "dimension": "takeover", "exception": "FenceLost", "ingress_passed": true, "kind": "denial", "message": "stale owner/fence cannot commit", "zero_effects": true}
.FIXTURE_EVIDENCE {"compose": "kineticloop-kl079-full-949bbd5-90cbd6dddc92", "database": "kineticloop_kl079_full_949bbd5_90cbd6dddc92", "elapsed": 7.488510499941185, "inventory": ["bootstrap_two_phase(selected_lifecycle)", "reset", "start", "destroy"], "kind": "cleanup", "remaining_resources": {"container": "", "network": "", "volume": ""}}
INFO  [alembic.runtime.migration] Context impl PostgresqlImpl.
INFO  [alembic.runtime.migration] Will assume transactional DDL.
INFO  [alembic.runtime.migration] Running upgrade  -> 76fd67f76bd4, frozen S01-S51 baseline
INFO  [alembic.runtime.migration] Context impl PostgresqlImpl.
INFO  [alembic.runtime.migration] Will assume transactional DDL.
INFO  [alembic.runtime.migration] Running upgrade 76fd67f76bd4 -> a3f91c7d2e10, migrated SafetyRegistry integration and role-owner hardening
INFO  [alembic.runtime.migration] Running upgrade a3f91c7d2e10 -> b6e4d8a1c927, trusted artifact registration and bounded dependency admission
INFO  [alembic.runtime.migration] Running upgrade b6e4d8a1c927 -> d4c1a9e7b203, production, test, and evaluation subject namespace isolation
INFO  [alembic.runtime.migration] Running upgrade d4c1a9e7b203 -> e8c2f1a6b904, Materialize frozen S27 active partition uniqueness (legacy PENDING = ADMITTED).
NAMESPACE_PU DatabaseNamespace(project_name='kineticloop-kl079-full-949bbd5-90cbd6dddc92', database_name='kineticloop_kl079_full_949bbd5_90cbd6dddc92') negative_controls=foreign_root,sha,digest,label,ambient,nested_cleanup nested_inventory ['bootstrap_two_phase(selected_lifecycle)', 'destroy']
FIXTURE_EVIDENCE {"bootstrap_elapsed": 4.014853333123028, "compose": "kineticloop-kl079-full-949bbd5-90cbd6dddc92", "database": "kineticloop_kl079_full_949bbd5_90cbd6dddc92", "kind": "namespace", "migration": "e8c2f1a6b904", "nested_routes": ["bootstrap_two_phase(selected_lifecycle)", "reset", "start", "compose/_run", "validate_current_database_before_every_source/owner/reset", "finally_destroy"], "resolved_root": "/Users/davetian/.codex/worktrees/685e/KineticLoop", "tested_commit": "949bbd530061ecb3644998719fe998f86cad999e"}
FIXTURE_EVIDENCE {"hash": "47141293664d61f6dffde2ef2550b381be3062798b82a38a2f890be50e3c8f8a", "id": "df5b0c5e-77b7-44ab-bb35-6b5b876453a8", "immutable_dependencies": ["2013798f-e790-4bae-ae4a-44fda44d08e8", "81a792cb-45dd-4d53-903c-d22bf8bea914"], "kind": "runtime_registration", "owner": "SafetyRegistry.RegisterArtifact", "version": "kl079-full-actions-v1"}
FIXTURE_EVIDENCE {"epoch": 1, "factset": "f0ac94fa-4103-5911-bc68-92e4f39463bc", "kind": "upstream", "membership_digest": "f9a68ac88bda8937b16051bfab58c096a37b28cfbc72f18f104939123285521e", "projection": {"dependency_ids": ["3650df36-bbd2-5e65-b9e6-69b97d69dead", "5548af87-832c-5697-ad85-36fcf5aab63b", "74753025-ddac-5bfd-ac11-65e96067efb4", "b63ed71d-3ec7-5f16-bc8a-665af1c25ede", "b6d5476f-7095-5fa5-ba23-1f57e84efc09", "c8769c08-de75-5ca6-8551-eb78379bdba2"], "executable": false, "input_basis_hash": "6e020aedbe4e071f3be52ad2c77e36038905d6197df5912d13a36642a86ef45e", "projection_id": "a9136914-2c5e-5720-9445-3e17c725c5d4", "revision": 1}, "publication": {"event_id": "cfa39efb-c304-41c8-8dc3-861b8057fd83", "executable": false, "generation": 1, "manifest_id": "95d7c49f-59cf-4a3a-a56c-050396f14c1f", "receipt_id": "5661c9e4-72b3-4496-be6d-0d2770282358", "replayed": false}, "ready": {"artifact_dependency_closure_hash": "11ad71ed700fb1d625bf56bcae69247575b2c43b8236bad6b049ecfebc83a935", "build_id": "b15d3cb1-bd2b-5b2e-b1d5-3133d7a27a2e", "dependency_basis_hash": "0ead9d8ec7f43b99eedb8018ba6961a3ef886c95d5b0f5a379e4223d305e522c", "executable": false, "manifest_hash": "bdf67da06564e83110c53058eb7cff4e91554ca0c0a30a688ac1bf3a59bd8e6b", "status": "READY"}, "subject": "d90ec824-eb44-41dd-8cbb-1c4852ba4fc1"}
FIXTURE_EVIDENCE {"current_guard_reached": false, "dimension": "wrong_action", "exception": "GuardRequired", "ingress_passed": false, "kind": "denial", "message": "exact per-action proposal/parameters required", "zero_effects": true}
.FIXTURE_EVIDENCE {"compose": "kineticloop-kl079-full-949bbd5-90cbd6dddc92", "database": "kineticloop_kl079_full_949bbd5_90cbd6dddc92", "elapsed": 4.980665000155568, "inventory": ["bootstrap_two_phase(selected_lifecycle)", "reset", "start", "destroy"], "kind": "cleanup", "remaining_resources": {"container": "", "network": "", "volume": ""}}
INFO  [alembic.runtime.migration] Context impl PostgresqlImpl.
INFO  [alembic.runtime.migration] Will assume transactional DDL.
INFO  [alembic.runtime.migration] Running upgrade  -> 76fd67f76bd4, frozen S01-S51 baseline
INFO  [alembic.runtime.migration] Context impl PostgresqlImpl.
INFO  [alembic.runtime.migration] Will assume transactional DDL.
INFO  [alembic.runtime.migration] Running upgrade 76fd67f76bd4 -> a3f91c7d2e10, migrated SafetyRegistry integration and role-owner hardening
INFO  [alembic.runtime.migration] Running upgrade a3f91c7d2e10 -> b6e4d8a1c927, trusted artifact registration and bounded dependency admission
INFO  [alembic.runtime.migration] Running upgrade b6e4d8a1c927 -> d4c1a9e7b203, production, test, and evaluation subject namespace isolation
INFO  [alembic.runtime.migration] Running upgrade d4c1a9e7b203 -> e8c2f1a6b904, Materialize frozen S27 active partition uniqueness (legacy PENDING = ADMITTED).
NAMESPACE_PU DatabaseNamespace(project_name='kineticloop-kl079-full-949bbd5-90cbd6dddc92', database_name='kineticloop_kl079_full_949bbd5_90cbd6dddc92') negative_controls=foreign_root,sha,digest,label,ambient,nested_cleanup nested_inventory ['bootstrap_two_phase(selected_lifecycle)', 'destroy']
FIXTURE_EVIDENCE {"bootstrap_elapsed": 5.4114846251904964, "compose": "kineticloop-kl079-full-949bbd5-90cbd6dddc92", "database": "kineticloop_kl079_full_949bbd5_90cbd6dddc92", "kind": "namespace", "migration": "e8c2f1a6b904", "nested_routes": ["bootstrap_two_phase(selected_lifecycle)", "reset", "start", "compose/_run", "validate_current_database_before_every_source/owner/reset", "finally_destroy"], "resolved_root": "/Users/davetian/.codex/worktrees/685e/KineticLoop", "tested_commit": "949bbd530061ecb3644998719fe998f86cad999e"}
FIXTURE_EVIDENCE {"hash": "47141293664d61f6dffde2ef2550b381be3062798b82a38a2f890be50e3c8f8a", "id": "da455144-8b3b-4e27-b27e-2c2bd30b19af", "immutable_dependencies": ["5f36d45f-f485-4fce-9592-e4195dc79703", "1d5e8d2f-6c0d-4223-a1f7-22550ce373e6"], "kind": "runtime_registration", "owner": "SafetyRegistry.RegisterArtifact", "version": "kl079-full-actions-v1"}
FIXTURE_EVIDENCE {"epoch": 1, "factset": "054be333-b694-5722-bc61-a6187f8c4fb5", "kind": "upstream", "membership_digest": "99a58ad3a5193e272fc35b6b6804f7889dd33ee8225b2b46b72c460732d61a45", "projection": {"dependency_ids": ["4fcf4b83-f8c0-5158-82de-d1f909c53f85", "982f3844-39e0-5764-8cd2-e9d6db704eb9", "996477fc-f75b-5481-a37a-9840b7c4517c", "b2fd1762-d765-5370-be82-1ecaa3255e14", "db17aa8a-1c75-56c3-9008-c7aafae39b07", "fe97a0ab-3895-5851-a5ef-9657ab88f092"], "executable": false, "input_basis_hash": "f702b9e7cc508e194d102bd0fa4ca6d4f3d049967244979df062ec77a6890ff6", "projection_id": "7ecc4718-61e5-5b14-9e29-36be5650015e", "revision": 1}, "publication": {"event_id": "342ed12e-7f61-4eb5-b4b8-ff784d4b7761", "executable": false, "generation": 1, "manifest_id": "9cac7968-767f-463b-88a5-18f90d0c1d51", "receipt_id": "716454fd-adff-41a8-9b4a-96dda1f54370", "replayed": false}, "ready": {"artifact_dependency_closure_hash": "e00ecc9ce6f466f826f50a3f0fd3f4b1edba5940f77ecc74c17dbbdcf4bd4203", "build_id": "e587815c-62aa-5ce5-b491-8ce02f91a86e", "dependency_basis_hash": "7f7730d967dd5330d4632e0ff6bd92fe0a5b85032beb23c7bc55d8a2d8d9680b", "executable": false, "manifest_hash": "232195d6485528c3897736723b6100a7aa4a3e70197cd4f3fcc8b804ae95b251", "status": "READY"}, "subject": "b12b30f1-18b5-4956-b4e4-eaa497735f37"}
FIXTURE_EVIDENCE {"accepted_at": "2026-10-01 15:50:20.468511+00:00", "columns": {"action_parameters_hash": "f863709ebb1218374d5c57e23c2de587f9f616ac436ec20eb3d2f983ed1bb000", "action_type": "TRAINING", "content_hash": "59a4163660d363e06b52085d51460b91905889a3404bdb667765dcee394cfacb", "content_schema_version": 1, "effective_at": null, "hash_scheme_version": 1, "id": "bdea59e7-9194-5bc0-90e2-a40d8fb14c6d", "known_at": null, "query_basis_hash": "5d555083ff8a5bab24518575bac5806c81184685dcc3c44b5056f3cceafb7a4e", "recorded_at": "2026-10-01T15:50:20.462444+00:00", "ref_s05_id": "e8edb948-5146-4d3a-9e5b-5e432b6df8a9", "ref_s09_id": null, "ref_s12_id": null, "ref_s14_id": null, "ref_s24_id": "9cac7968-767f-463b-88a5-18f90d0c1d51", "resolution_expires_at": "2026-10-01T16:50:19.818305+00:00", "resolver_version": "kl079-full-actions-v1", "revision": 1, "status": null, "subject_id": "b12b30f1-18b5-4956-b4e4-eaa497735f37", "typed_payload": {"action_parameters_hash": "f863709ebb1218374d5c57e23c2de587f9f616ac436ec20eb3d2f983ed1bb000", "action_type": "TRAINING", "attempt_id": "f0b31290-2681-48d7-8c28-1e0d9255e98f", "captured_epoch": 1, "consistency": "CONSISTENT", "context_hash": "5ea774fb282bfe0b234cfa070f60b897b21e0e0bef6b0abf3d572790a90294f6", "contract": "kl079-full-actions-v1", "contradicting_events": [], "coverage": "COMPLETE_FOR_POLICY", "demand_hash": "02ca474b1af1efbd9b7571ab40cddcf5321a1787860eca50a3f2dfadc68dc151", "demand_id": "1b9bc241-e02f-5b5a-bb4c-dba64d609e10", "event_association_status": "CONFIRMED", "facts": [{"admission": "ADMITTED", "admission_hash": "f8d2a3f51db043a2ac145dbd1a708bbace62f09b9b147699e714fdab847801de", "admission_id": "aa5828dc-9f3a-4f2f-b3bd-626ce030e46b", "association": "CONFIRMED", "association_hash": "815468626dd6f40743319415f270253a6b46dfef37b819c0603a5ee29ba55f76", "association_id": "4c9ed953-e685-4946-8741-f11be08c4b26", "contradicts": false, "effective_at": "2026-10-01T14:50:19.818305+00:00", "event_id": "df7e4f83-10c3-4a80-87cc-db0d42a8483d", "exercise": "fixture:cycle", "fact_hash": "46515f74d215d6d2ef30abf061846e8ef3c7e0b9ca805f04ee09b6873fcc1cd6", "fact_id": "3945b26b-f4a0-4cc3-ae94-e7f9822da994", "lower_minutes": 10, "policy_id": "e8edb948-5146-4d3a-9e5b-5e432b6df8a9", "replaces_slot": "prior-slot", "retracted": false, "scope": "TEST_ONLY", "semantic_class": "ACTUAL_EXECUTION", "subject_id": "b12b30f1-18b5-4956-b4e4-eaa497735f37", "upper_minutes": 10, "valid_until": "2026-10-01T16:50:19.818305+00:00"}], "fitness_hash": "b8a1a3e0447825aaaccc98f9056514b38341844e6511e0f91414666ad52b506f", "fitness_id": "d184fcc3-f23f-5423-844a-26b443c688dd", "id": "bdea59e7-9194-5bc0-90e2-a40d8fb14c6d", "kind": "RESOLUTION", "manifest_hash": "232195d6485528c3897736723b6100a7aa4a3e70197cd4f3fcc8b804ae95b251", "manifest_id": "9cac7968-767f-463b-88a5-18f90d0c1d51", "nutrition_hash": "8b0a447b079ea7ff625054e472d62649d269d0fa8d94817566e4e3127ac7f35c", "nutrition_id": "cb9fc077-1cb2-5a7c-aa25-ee1e85c630d6", "policy_hash": "3038b5386cbada1a03d588a97d8a07fd34d03f5a73d0ed47fee1dd5f09a2ecb6", "policy_id": "e8edb948-5146-4d3a-9e5b-5e432b6df8a9", "proposal_hash": "b8a1a3e0447825aaaccc98f9056514b38341844e6511e0f91414666ad52b506f", "proposal_id": "d184fcc3-f23f-5423-844a-26b443c688dd", "query_basis_hash": "5d555083ff8a5bab24518575bac5806c81184685dcc3c44b5056f3cceafb7a4e", "request_id": "915e2f62-bc5d-4583-b919-a12e9462f272", "request_revision": 1, "resolution_expires_at": "2026-10-01T16:50:19.818305+00:00", "root_id": "a312b1c9-9a29-4948-81fa-a4b9070775e6", "runtime_version": "kl079-full-actions-v1", "snapshot_id": "82731d33-c393-4bab-b512-a438cd9448d8", "source_hash": "5d4aa53dd1c13b88be7b6907fc73a3d4fb5c4330b6666dc7354d66f820156978", "source_id": "054be333-b694-5722-bc61-a6187f8c4fb5", "source_members": ["3945b26b-f4a0-4cc3-ae94-e7f9822da994", "4c9ed953-e685-4946-8741-f11be08c4b26", "aa5828dc-9f3a-4f2f-b3bd-626ce030e46b"], "source_ranges": ["2026-09-30T15:50:19.818305+00:00", "2026-10-01T16:50:19.818305+00:00"], "subject_id": "b12b30f1-18b5-4956-b4e4-eaa497735f37", "superseded_or_retracted_items": [], "supporting_events": ["df7e4f83-10c3-4a80-87cc-db0d42a8483d"], "truncation_status": "NOT_TRUNCATED", "version": "kl076-mechanical-test-v1"}}, "event": "835d2148-bbd4-4c3a-9c78-8d53a93b50fb", "hash": "59a4163660d363e06b52085d51460b91905889a3404bdb667765dcee394cfacb", "id": "bdea59e7-9194-5bc0-90e2-a40d8fb14c6d", "kind": "full_output", "owner": "ResolveEvidence", "payload": {"action_parameters_hash": "f863709ebb1218374d5c57e23c2de587f9f616ac436ec20eb3d2f983ed1bb000", "action_type": "TRAINING", "attempt_id": "f0b31290-2681-48d7-8c28-1e0d9255e98f", "captured_epoch": 1, "consistency": "CONSISTENT", "context_hash": "5ea774fb282bfe0b234cfa070f60b897b21e0e0bef6b0abf3d572790a90294f6", "contract": "kl079-full-actions-v1", "contradicting_events": [], "coverage": "COMPLETE_FOR_POLICY", "demand_hash": "02ca474b1af1efbd9b7571ab40cddcf5321a1787860eca50a3f2dfadc68dc151", "demand_id": "1b9bc241-e02f-5b5a-bb4c-dba64d609e10", "event_association_status": "CONFIRMED", "facts": [{"admission": "ADMITTED", "admission_hash": "f8d2a3f51db043a2ac145dbd1a708bbace62f09b9b147699e714fdab847801de", "admission_id": "aa5828dc-9f3a-4f2f-b3bd-626ce030e46b", "association": "CONFIRMED", "association_hash": "815468626dd6f40743319415f270253a6b46dfef37b819c0603a5ee29ba55f76", "association_id": "4c9ed953-e685-4946-8741-f11be08c4b26", "contradicts": false, "effective_at": "2026-10-01T14:50:19.818305+00:00", "event_id": "df7e4f83-10c3-4a80-87cc-db0d42a8483d", "exercise": "fixture:cycle", "fact_hash": "46515f74d215d6d2ef30abf061846e8ef3c7e0b9ca805f04ee09b6873fcc1cd6", "fact_id": "3945b26b-f4a0-4cc3-ae94-e7f9822da994", "lower_minutes": 10, "policy_id": "e8edb948-5146-4d3a-9e5b-5e432b6df8a9", "replaces_slot": "prior-slot", "retracted": false, "scope": "TEST_ONLY", "semantic_class": "ACTUAL_EXECUTION", "subject_id": "b12b30f1-18b5-4956-b4e4-eaa497735f37", "upper_minutes": 10, "valid_until": "2026-10-01T16:50:19.818305+00:00"}], "fitness_hash": "b8a1a3e0447825aaaccc98f9056514b38341844e6511e0f91414666ad52b506f", "fitness_id": "d184fcc3-f23f-5423-844a-26b443c688dd", "id": "bdea59e7-9194-5bc0-90e2-a40d8fb14c6d", "kind": "RESOLUTION", "manifest_hash": "232195d6485528c3897736723b6100a7aa4a3e70197cd4f3fcc8b804ae95b251", "manifest_id": "9cac7968-767f-463b-88a5-18f90d0c1d51", "nutrition_hash": "8b0a447b079ea7ff625054e472d62649d269d0fa8d94817566e4e3127ac7f35c", "nutrition_id": "cb9fc077-1cb2-5a7c-aa25-ee1e85c630d6", "policy_hash": "3038b5386cbada1a03d588a97d8a07fd34d03f5a73d0ed47fee1dd5f09a2ecb6", "policy_id": "e8edb948-5146-4d3a-9e5b-5e432b6df8a9", "proposal_hash": "b8a1a3e0447825aaaccc98f9056514b38341844e6511e0f91414666ad52b506f", "proposal_id": "d184fcc3-f23f-5423-844a-26b443c688dd", "query_basis_hash": "5d555083ff8a5bab24518575bac5806c81184685dcc3c44b5056f3cceafb7a4e", "request_id": "915e2f62-bc5d-4583-b919-a12e9462f272", "request_revision": 1, "resolution_expires_at": "2026-10-01T16:50:19.818305+00:00", "root_id": "a312b1c9-9a29-4948-81fa-a4b9070775e6", "runtime_version": "kl079-full-actions-v1", "snapshot_id": "82731d33-c393-4bab-b512-a438cd9448d8", "source_hash": "5d4aa53dd1c13b88be7b6907fc73a3d4fb5c4330b6666dc7354d66f820156978", "source_id": "054be333-b694-5722-bc61-a6187f8c4fb5", "source_members": ["3945b26b-f4a0-4cc3-ae94-e7f9822da994", "4c9ed953-e685-4946-8741-f11be08c4b26", "aa5828dc-9f3a-4f2f-b3bd-626ce030e46b"], "source_ranges": ["2026-09-30T15:50:19.818305+00:00", "2026-10-01T16:50:19.818305+00:00"], "subject_id": "b12b30f1-18b5-4956-b4e4-eaa497735f37", "superseded_or_retracted_items": [], "supporting_events": ["df7e4f83-10c3-4a80-87cc-db0d42a8483d"], "truncation_status": "NOT_TRUNCATED", "version": "kl076-mechanical-test-v1"}, "receipt": "264f21e9-6bee-4cb6-8f0b-435f6c7582fc"}
FIXTURE_EVIDENCE {"accepted_at": "2026-10-01 15:50:20.510808+00:00", "columns": {"action_parameters_hash": "8194b165ac609544d7c59fdf8b67104428844897e8172181508102e379fa6a39", "action_type": "NUTRITION", "content_hash": "fb5165a7da68ffa67cc398531fbda6ec72cea80e27e37c1d5cfb09749e6c100e", "content_schema_version": 1, "effective_at": null, "hash_scheme_version": 1, "id": "dc9536b2-3897-54e1-9f98-e334fb1a82a6", "known_at": null, "query_basis_hash": "e843ffa81c2495aa413f692e9b7be39e13097f9418a7ce1825526b700aa009c6", "recorded_at": "2026-10-01T15:50:20.5062+00:00", "ref_s05_id": "e8edb948-5146-4d3a-9e5b-5e432b6df8a9", "ref_s09_id": null, "ref_s12_id": null, "ref_s14_id": null, "ref_s24_id": "9cac7968-767f-463b-88a5-18f90d0c1d51", "resolution_expires_at": "2026-10-01T16:50:19.818305+00:00", "resolver_version": "kl079-full-actions-v1", "revision": 1, "status": null, "subject_id": "b12b30f1-18b5-4956-b4e4-eaa497735f37", "typed_payload": {"action_parameters_hash": "8194b165ac609544d7c59fdf8b67104428844897e8172181508102e379fa6a39", "action_type": "NUTRITION", "attempt_id": "f0b31290-2681-48d7-8c28-1e0d9255e98f", "captured_epoch": 1, "consistency": "CONSISTENT", "context_hash": "5ea774fb282bfe0b234cfa070f60b897b21e0e0bef6b0abf3d572790a90294f6", "contract": "kl079-full-actions-v1", "contradicting_events": [], "coverage": "COMPLETE_FOR_POLICY", "demand_hash": "02ca474b1af1efbd9b7571ab40cddcf5321a1787860eca50a3f2dfadc68dc151", "demand_id": "1b9bc241-e02f-5b5a-bb4c-dba64d609e10", "event_association_status": "CONFIRMED", "facts": [{"admission": "ADMITTED", "admission_hash": "f8d2a3f51db043a2ac145dbd1a708bbace62f09b9b147699e714fdab847801de", "admission_id": "aa5828dc-9f3a-4f2f-b3bd-626ce030e46b", "association": "CONFIRMED", "association_hash": "815468626dd6f40743319415f270253a6b46dfef37b819c0603a5ee29ba55f76", "association_id": "4c9ed953-e685-4946-8741-f11be08c4b26", "contradicts": false, "effective_at": "2026-10-01T14:50:19.818305+00:00", "event_id": "df7e4f83-10c3-4a80-87cc-db0d42a8483d", "exercise": "fixture:cycle", "fact_hash": "46515f74d215d6d2ef30abf061846e8ef3c7e0b9ca805f04ee09b6873fcc1cd6", "fact_id": "3945b26b-f4a0-4cc3-ae94-e7f9822da994", "lower_minutes": 10, "policy_id": "e8edb948-5146-4d3a-9e5b-5e432b6df8a9", "replaces_slot": "prior-slot", "retracted": false, "scope": "TEST_ONLY", "semantic_class": "ACTUAL_EXECUTION", "subject_id": "b12b30f1-18b5-4956-b4e4-eaa497735f37", "upper_minutes": 10, "valid_until": "2026-10-01T16:50:19.818305+00:00"}], "fitness_hash": "b8a1a3e0447825aaaccc98f9056514b38341844e6511e0f91414666ad52b506f", "fitness_id": "d184fcc3-f23f-5423-844a-26b443c688dd", "id": "dc9536b2-3897-54e1-9f98-e334fb1a82a6", "kind": "RESOLUTION", "manifest_hash": "232195d6485528c3897736723b6100a7aa4a3e70197cd4f3fcc8b804ae95b251", "manifest_id": "9cac7968-767f-463b-88a5-18f90d0c1d51", "nutrition_hash": "8b0a447b079ea7ff625054e472d62649d269d0fa8d94817566e4e3127ac7f35c", "nutrition_id": "cb9fc077-1cb2-5a7c-aa25-ee1e85c630d6", "policy_hash": "3038b5386cbada1a03d588a97d8a07fd34d03f5a73d0ed47fee1dd5f09a2ecb6", "policy_id": "e8edb948-5146-4d3a-9e5b-5e432b6df8a9", "proposal_hash": "8b0a447b079ea7ff625054e472d62649d269d0fa8d94817566e4e3127ac7f35c", "proposal_id": "cb9fc077-1cb2-5a7c-aa25-ee1e85c630d6", "query_basis_hash": "e843ffa81c2495aa413f692e9b7be39e13097f9418a7ce1825526b700aa009c6", "request_id": "915e2f62-bc5d-4583-b919-a12e9462f272", "request_revision": 1, "resolution_expires_at": "2026-10-01T16:50:19.818305+00:00", "root_id": "a312b1c9-9a29-4948-81fa-a4b9070775e6", "runtime_version": "kl079-full-actions-v1", "snapshot_id": "82731d33-c393-4bab-b512-a438cd9448d8", "source_hash": "5d4aa53dd1c13b88be7b6907fc73a3d4fb5c4330b6666dc7354d66f820156978", "source_id": "054be333-b694-5722-bc61-a6187f8c4fb5", "source_members": ["3945b26b-f4a0-4cc3-ae94-e7f9822da994", "4c9ed953-e685-4946-8741-f11be08c4b26", "aa5828dc-9f3a-4f2f-b3bd-626ce030e46b"], "source_ranges": ["2026-09-30T15:50:19.818305+00:00", "2026-10-01T16:50:19.818305+00:00"], "subject_id": "b12b30f1-18b5-4956-b4e4-eaa497735f37", "superseded_or_retracted_items": [], "supporting_events": ["df7e4f83-10c3-4a80-87cc-db0d42a8483d"], "truncation_status": "NOT_TRUNCATED", "version": "kl076-mechanical-test-v1"}}, "event": "9781b422-1036-4d6a-800d-fc56e1b157c5", "hash": "fb5165a7da68ffa67cc398531fbda6ec72cea80e27e37c1d5cfb09749e6c100e", "id": "dc9536b2-3897-54e1-9f98-e334fb1a82a6", "kind": "full_output", "owner": "ResolveEvidence", "payload": {"action_parameters_hash": "8194b165ac609544d7c59fdf8b67104428844897e8172181508102e379fa6a39", "action_type": "NUTRITION", "attempt_id": "f0b31290-2681-48d7-8c28-1e0d9255e98f", "captured_epoch": 1, "consistency": "CONSISTENT", "context_hash": "5ea774fb282bfe0b234cfa070f60b897b21e0e0bef6b0abf3d572790a90294f6", "contract": "kl079-full-actions-v1", "contradicting_events": [], "coverage": "COMPLETE_FOR_POLICY", "demand_hash": "02ca474b1af1efbd9b7571ab40cddcf5321a1787860eca50a3f2dfadc68dc151", "demand_id": "1b9bc241-e02f-5b5a-bb4c-dba64d609e10", "event_association_status": "CONFIRMED", "facts": [{"admission": "ADMITTED", "admission_hash": "f8d2a3f51db043a2ac145dbd1a708bbace62f09b9b147699e714fdab847801de", "admission_id": "aa5828dc-9f3a-4f2f-b3bd-626ce030e46b", "association": "CONFIRMED", "association_hash": "815468626dd6f40743319415f270253a6b46dfef37b819c0603a5ee29ba55f76", "association_id": "4c9ed953-e685-4946-8741-f11be08c4b26", "contradicts": false, "effective_at": "2026-10-01T14:50:19.818305+00:00", "event_id": "df7e4f83-10c3-4a80-87cc-db0d42a8483d", "exercise": "fixture:cycle", "fact_hash": "46515f74d215d6d2ef30abf061846e8ef3c7e0b9ca805f04ee09b6873fcc1cd6", "fact_id": "3945b26b-f4a0-4cc3-ae94-e7f9822da994", "lower_minutes": 10, "policy_id": "e8edb948-5146-4d3a-9e5b-5e432b6df8a9", "replaces_slot": "prior-slot", "retracted": false, "scope": "TEST_ONLY", "semantic_class": "ACTUAL_EXECUTION", "subject_id": "b12b30f1-18b5-4956-b4e4-eaa497735f37", "upper_minutes": 10, "valid_until": "2026-10-01T16:50:19.818305+00:00"}], "fitness_hash": "b8a1a3e0447825aaaccc98f9056514b38341844e6511e0f91414666ad52b506f", "fitness_id": "d184fcc3-f23f-5423-844a-26b443c688dd", "id": "dc9536b2-3897-54e1-9f98-e334fb1a82a6", "kind": "RESOLUTION", "manifest_hash": "232195d6485528c3897736723b6100a7aa4a3e70197cd4f3fcc8b804ae95b251", "manifest_id": "9cac7968-767f-463b-88a5-18f90d0c1d51", "nutrition_hash": "8b0a447b079ea7ff625054e472d62649d269d0fa8d94817566e4e3127ac7f35c", "nutrition_id": "cb9fc077-1cb2-5a7c-aa25-ee1e85c630d6", "policy_hash": "3038b5386cbada1a03d588a97d8a07fd34d03f5a73d0ed47fee1dd5f09a2ecb6", "policy_id": "e8edb948-5146-4d3a-9e5b-5e432b6df8a9", "proposal_hash": "8b0a447b079ea7ff625054e472d62649d269d0fa8d94817566e4e3127ac7f35c", "proposal_id": "cb9fc077-1cb2-5a7c-aa25-ee1e85c630d6", "query_basis_hash": "e843ffa81c2495aa413f692e9b7be39e13097f9418a7ce1825526b700aa009c6", "request_id": "915e2f62-bc5d-4583-b919-a12e9462f272", "request_revision": 1, "resolution_expires_at": "2026-10-01T16:50:19.818305+00:00", "root_id": "a312b1c9-9a29-4948-81fa-a4b9070775e6", "runtime_version": "kl079-full-actions-v1", "snapshot_id": "82731d33-c393-4bab-b512-a438cd9448d8", "source_hash": "5d4aa53dd1c13b88be7b6907fc73a3d4fb5c4330b6666dc7354d66f820156978", "source_id": "054be333-b694-5722-bc61-a6187f8c4fb5", "source_members": ["3945b26b-f4a0-4cc3-ae94-e7f9822da994", "4c9ed953-e685-4946-8741-f11be08c4b26", "aa5828dc-9f3a-4f2f-b3bd-626ce030e46b"], "source_ranges": ["2026-09-30T15:50:19.818305+00:00", "2026-10-01T16:50:19.818305+00:00"], "subject_id": "b12b30f1-18b5-4956-b4e4-eaa497735f37", "superseded_or_retracted_items": [], "supporting_events": ["df7e4f83-10c3-4a80-87cc-db0d42a8483d"], "truncation_status": "NOT_TRUNCATED", "version": "kl076-mechanical-test-v1"}, "receipt": "deed3f81-3270-439e-a69d-5e986f6a41d1"}
FIXTURE_EVIDENCE {"accepted_at": "2026-10-01 15:50:20.557679+00:00", "columns": {"content_hash": "541841b347d867dd14cbf3e5f1e01a0ae3975913fa395eff7484eaed6e9fb688", "content_schema_version": 1, "effective_at": null, "hash_scheme_version": 1, "id": "4465cb4e-9ab2-50ce-aa32-674ba32d03e2", "known_at": null, "recorded_at": "2026-10-01T15:50:20.553024+00:00", "ref_s03_id": "90009c12-dbac-4011-a1c4-d5d519bede5e", "ref_s05_id": "e8edb948-5146-4d3a-9e5b-5e432b6df8a9", "ref_s24_id": "9cac7968-767f-463b-88a5-18f90d0c1d51", "ref_s28_id": "915e2f62-bc5d-4583-b919-a12e9462f272", "ref_s29_id": "f0b31290-2681-48d7-8c28-1e0d9255e98f", "ref_s34_id": "cb9fc077-1cb2-5a7c-aa25-ee1e85c630d6", "ref_s35_id": "1b9bc241-e02f-5b5a-bb4c-dba64d609e10", "ref_s36_id": "bdea59e7-9194-5bc0-90e2-a40d8fb14c6d", "result": "PASS", "revision": 1, "status": null, "subject_id": "b12b30f1-18b5-4956-b4e4-eaa497735f37", "typed_payload": {"action_bindings": [{"action_parameters_hash": "f863709ebb1218374d5c57e23c2de587f9f616ac436ec20eb3d2f983ed1bb000", "action_type": "TRAINING", "proposal_hash": "b8a1a3e0447825aaaccc98f9056514b38341844e6511e0f91414666ad52b506f", "proposal_id": "d184fcc3-f23f-5423-844a-26b443c688dd", "query_basis_hash": "5d555083ff8a5bab24518575bac5806c81184685dcc3c44b5056f3cceafb7a4e", "resolution_hash": "59a4163660d363e06b52085d51460b91905889a3404bdb667765dcee394cfacb", "resolution_id": "bdea59e7-9194-5bc0-90e2-a40d8fb14c6d"}, {"action_parameters_hash": "8194b165ac609544d7c59fdf8b67104428844897e8172181508102e379fa6a39", "action_type": "NUTRITION", "proposal_hash": "8b0a447b079ea7ff625054e472d62649d269d0fa8d94817566e4e3127ac7f35c", "proposal_id": "cb9fc077-1cb2-5a7c-aa25-ee1e85c630d6", "query_basis_hash": "e843ffa81c2495aa413f692e9b7be39e13097f9418a7ce1825526b700aa009c6", "resolution_hash": "fb5165a7da68ffa67cc398531fbda6ec72cea80e27e37c1d5cfb09749e6c100e", "resolution_id": "dc9536b2-3897-54e1-9f98-e334fb1a82a6"}], "attempt_id": "f0b31290-2681-48d7-8c28-1e0d9255e98f", "captured_epoch": 1, "context_hash": "5ea774fb282bfe0b234cfa070f60b897b21e0e0bef6b0abf3d572790a90294f6", "contract": "kl079-full-actions-v1", "deduplicated_events": ["df7e4f83-10c3-4a80-87cc-db0d42a8483d"], "demand_hash": "02ca474b1af1efbd9b7571ab40cddcf5321a1787860eca50a3f2dfadc68dc151", "execution_basis_event_id": "90009c12-dbac-4011-a1c4-d5d519bede5e", "fitness_hash": "b8a1a3e0447825aaaccc98f9056514b38341844e6511e0f91414666ad52b506f", "fixture_policy_version": "kl079-full-actions-v1", "id": "4465cb4e-9ab2-50ce-aa32-674ba32d03e2", "kind": "VALIDATION", "manifest_id": "9cac7968-767f-463b-88a5-18f90d0c1d51", "nutrition_hash": "8b0a447b079ea7ff625054e472d62649d269d0fa8d94817566e4e3127ac7f35c", "policy_envelope": "PASS", "policy_hash": "3038b5386cbada1a03d588a97d8a07fd34d03f5a73d0ed47fee1dd5f09a2ecb6", "policy_id": "e8edb948-5146-4d3a-9e5b-5e432b6df8a9", "replaced_slots": ["prior-slot"], "request_id": "915e2f62-bc5d-4583-b919-a12e9462f272", "request_revision": 1, "required_actions": ["TRAINING", "NUTRITION"], "resolution_hash": "59a4163660d363e06b52085d51460b91905889a3404bdb667765dcee394cfacb", "rolling_minutes": 40, "root_id": "a312b1c9-9a29-4948-81fa-a4b9070775e6", "semantic_validation": "PASS", "snapshot_id": "82731d33-c393-4bab-b512-a438cd9448d8", "source_ranges": ["2026-09-30T15:50:19.818305+00:00", "2026-10-01T16:50:19.818305+00:00"], "subject_id": "b12b30f1-18b5-4956-b4e4-eaa497735f37", "valid_until": "2026-10-01T16:50:19.818305+00:00", "version": "kl076-mechanical-test-v1"}, "valid_until": "2026-10-01T16:50:19.818305+00:00", "validator_artifact": "da455144-8b3b-4e27-b27e-2c2bd30b19af:kl079-full-actions-v1:47141293664d61f6dffde2ef2550b381be3062798b82a38a2f890be50e3c8f8a"}, "event": "35a7eab7-59a3-49fd-be6a-e5f81c589736", "hash": "541841b347d867dd14cbf3e5f1e01a0ae3975913fa395eff7484eaed6e9fb688", "id": "4465cb4e-9ab2-50ce-aa32-674ba32d03e2", "kind": "full_output", "owner": "RecordValidation", "payload": {"action_bindings": [{"action_parameters_hash": "f863709ebb1218374d5c57e23c2de587f9f616ac436ec20eb3d2f983ed1bb000", "action_type": "TRAINING", "proposal_hash": "b8a1a3e0447825aaaccc98f9056514b38341844e6511e0f91414666ad52b506f", "proposal_id": "d184fcc3-f23f-5423-844a-26b443c688dd", "query_basis_hash": "5d555083ff8a5bab24518575bac5806c81184685dcc3c44b5056f3cceafb7a4e", "resolution_hash": "59a4163660d363e06b52085d51460b91905889a3404bdb667765dcee394cfacb", "resolution_id": "bdea59e7-9194-5bc0-90e2-a40d8fb14c6d"}, {"action_parameters_hash": "8194b165ac609544d7c59fdf8b67104428844897e8172181508102e379fa6a39", "action_type": "NUTRITION", "proposal_hash": "8b0a447b079ea7ff625054e472d62649d269d0fa8d94817566e4e3127ac7f35c", "proposal_id": "cb9fc077-1cb2-5a7c-aa25-ee1e85c630d6", "query_basis_hash": "e843ffa81c2495aa413f692e9b7be39e13097f9418a7ce1825526b700aa009c6", "resolution_hash": "fb5165a7da68ffa67cc398531fbda6ec72cea80e27e37c1d5cfb09749e6c100e", "resolution_id": "dc9536b2-3897-54e1-9f98-e334fb1a82a6"}], "attempt_id": "f0b31290-2681-48d7-8c28-1e0d9255e98f", "captured_epoch": 1, "context_hash": "5ea774fb282bfe0b234cfa070f60b897b21e0e0bef6b0abf3d572790a90294f6", "contract": "kl079-full-actions-v1", "deduplicated_events": ["df7e4f83-10c3-4a80-87cc-db0d42a8483d"], "demand_hash": "02ca474b1af1efbd9b7571ab40cddcf5321a1787860eca50a3f2dfadc68dc151", "execution_basis_event_id": "90009c12-dbac-4011-a1c4-d5d519bede5e", "fitness_hash": "b8a1a3e0447825aaaccc98f9056514b38341844e6511e0f91414666ad52b506f", "fixture_policy_version": "kl079-full-actions-v1", "id": "4465cb4e-9ab2-50ce-aa32-674ba32d03e2", "kind": "VALIDATION", "manifest_id": "9cac7968-767f-463b-88a5-18f90d0c1d51", "nutrition_hash": "8b0a447b079ea7ff625054e472d62649d269d0fa8d94817566e4e3127ac7f35c", "policy_envelope": "PASS", "policy_hash": "3038b5386cbada1a03d588a97d8a07fd34d03f5a73d0ed47fee1dd5f09a2ecb6", "policy_id": "e8edb948-5146-4d3a-9e5b-5e432b6df8a9", "replaced_slots": ["prior-slot"], "request_id": "915e2f62-bc5d-4583-b919-a12e9462f272", "request_revision": 1, "required_actions": ["TRAINING", "NUTRITION"], "resolution_hash": "59a4163660d363e06b52085d51460b91905889a3404bdb667765dcee394cfacb", "rolling_minutes": 40, "root_id": "a312b1c9-9a29-4948-81fa-a4b9070775e6", "semantic_validation": "PASS", "snapshot_id": "82731d33-c393-4bab-b512-a438cd9448d8", "source_ranges": ["2026-09-30T15:50:19.818305+00:00", "2026-10-01T16:50:19.818305+00:00"], "subject_id": "b12b30f1-18b5-4956-b4e4-eaa497735f37", "valid_until": "2026-10-01T16:50:19.818305+00:00", "version": "kl076-mechanical-test-v1"}, "receipt": "ea3d73d5-e681-4503-81a3-cddf460a83ba"}
FIXTURE_EVIDENCE {"dimension": "resolution_swap", "error": "exact owner-verified full S36 columns and source reconstruction required", "kind": "consumer_denial", "stage": "ACTUAL_COMMIT_READY_OWNER", "zero_effects": true}
.FIXTURE_EVIDENCE {"compose": "kineticloop-kl079-full-949bbd5-90cbd6dddc92", "database": "kineticloop_kl079_full_949bbd5_90cbd6dddc92", "elapsed": 6.982066500000656, "inventory": ["bootstrap_two_phase(selected_lifecycle)", "reset", "start", "destroy"], "kind": "cleanup", "remaining_resources": {"container": "", "network": "", "volume": ""}}
INFO  [alembic.runtime.migration] Context impl PostgresqlImpl.
INFO  [alembic.runtime.migration] Will assume transactional DDL.
INFO  [alembic.runtime.migration] Running upgrade  -> 76fd67f76bd4, frozen S01-S51 baseline
INFO  [alembic.runtime.migration] Context impl PostgresqlImpl.
INFO  [alembic.runtime.migration] Will assume transactional DDL.
INFO  [alembic.runtime.migration] Running upgrade 76fd67f76bd4 -> a3f91c7d2e10, migrated SafetyRegistry integration and role-owner hardening
INFO  [alembic.runtime.migration] Running upgrade a3f91c7d2e10 -> b6e4d8a1c927, trusted artifact registration and bounded dependency admission
INFO  [alembic.runtime.migration] Running upgrade b6e4d8a1c927 -> d4c1a9e7b203, production, test, and evaluation subject namespace isolation
INFO  [alembic.runtime.migration] Running upgrade d4c1a9e7b203 -> e8c2f1a6b904, Materialize frozen S27 active partition uniqueness (legacy PENDING = ADMITTED).
NAMESPACE_PU DatabaseNamespace(project_name='kineticloop-kl079-full-949bbd5-90cbd6dddc92', database_name='kineticloop_kl079_full_949bbd5_90cbd6dddc92') negative_controls=foreign_root,sha,digest,label,ambient,nested_cleanup nested_inventory ['bootstrap_two_phase(selected_lifecycle)', 'destroy']
FIXTURE_EVIDENCE {"bootstrap_elapsed": 4.502763499971479, "compose": "kineticloop-kl079-full-949bbd5-90cbd6dddc92", "database": "kineticloop_kl079_full_949bbd5_90cbd6dddc92", "kind": "namespace", "migration": "e8c2f1a6b904", "nested_routes": ["bootstrap_two_phase(selected_lifecycle)", "reset", "start", "compose/_run", "validate_current_database_before_every_source/owner/reset", "finally_destroy"], "resolved_root": "/Users/davetian/.codex/worktrees/685e/KineticLoop", "tested_commit": "949bbd530061ecb3644998719fe998f86cad999e"}
FIXTURE_EVIDENCE {"hash": "47141293664d61f6dffde2ef2550b381be3062798b82a38a2f890be50e3c8f8a", "id": "da6e4fad-30a7-42f2-b982-211eb7e06548", "immutable_dependencies": ["150cdc52-98e4-40ee-bb00-d834f8904cc7", "0c1e0032-7b39-4ea7-adcf-e2299ad2c14a"], "kind": "runtime_registration", "owner": "SafetyRegistry.RegisterArtifact", "version": "kl079-full-actions-v1"}
FIXTURE_EVIDENCE {"epoch": 1, "factset": "1ec406cf-6bdb-5d52-a4bd-cd27a467fb6c", "kind": "upstream", "membership_digest": "0dbcc45f45bc406b773bd3c8412a2cd46e6f822a02606a7ff879bc898fbec5fa", "projection": {"dependency_ids": ["0bc52c85-00e5-5c9e-80c4-97ff83ec7bdc", "26d275e0-1e71-5694-b01a-c27158b8e941", "a9154bc5-34bf-529e-9841-feec81ebea85", "ae63b814-3be8-5dce-b739-bbc36cc7457b", "e5c9fef4-b0f2-504d-b5ab-19f0028dbe2b", "f0e8068e-7e83-5911-b762-8d9624712911"], "executable": false, "input_basis_hash": "fba5e50c213e848f9c0479b7f51aae141933c7458fd6953832b52be265f361ca", "projection_id": "0e9563aa-7749-5b6a-99a0-4665262eae7d", "revision": 1}, "publication": {"event_id": "d7967441-a90b-478a-895b-89f89b7ededf", "executable": false, "generation": 1, "manifest_id": "d16112a2-6439-48d8-b17d-a5d53f24009c", "receipt_id": "2bcd122d-cbf8-4f46-be71-f9999b47b703", "replayed": false}, "ready": {"artifact_dependency_closure_hash": "b21ec996b3b8c0062b42d8ab1d2005ef583b3f4c8226c05ec8ddd881009c6224", "build_id": "623c0225-d50e-5c6e-af9a-13835efb7a8d", "dependency_basis_hash": "b3976e9202fb2973673f7563889cd1ee1e8ea1633e6761e94ab91bcbb995d0fb", "executable": false, "manifest_hash": "54c23af8f35ea5b06a10f0113b93622c9015f610020dd897a81190f0850e70dc", "status": "READY"}, "subject": "66fc124e-1495-408f-b649-09f0bae4cd4a"}
FIXTURE_EVIDENCE {"accepted_at": "2026-10-01 15:50:27.101272+00:00", "columns": {"action_parameters_hash": "f863709ebb1218374d5c57e23c2de587f9f616ac436ec20eb3d2f983ed1bb000", "action_type": "TRAINING", "content_hash": "d173196adaf99fe6041f6e6a50ec8eb4d3a514f704edf245907e199b520100cb", "content_schema_version": 1, "effective_at": null, "hash_scheme_version": 1, "id": "6af39ff9-7b85-5ef9-8faf-1096dc2c7874", "known_at": null, "query_basis_hash": "25056d0f973a054dc3fa7cce0ae6400ee354c04050b0fe5fe760c886aa25f960", "recorded_at": "2026-10-01T15:50:27.096123+00:00", "ref_s05_id": "4f01750a-6790-466d-ab90-edd343620d7d", "ref_s09_id": null, "ref_s12_id": null, "ref_s14_id": null, "ref_s24_id": "d16112a2-6439-48d8-b17d-a5d53f24009c", "resolution_expires_at": "2026-10-01T16:50:26.587322+00:00", "resolver_version": "kl079-full-actions-v1", "revision": 1, "status": null, "subject_id": "66fc124e-1495-408f-b649-09f0bae4cd4a", "typed_payload": {"action_parameters_hash": "f863709ebb1218374d5c57e23c2de587f9f616ac436ec20eb3d2f983ed1bb000", "action_type": "TRAINING", "attempt_id": "1b8663a4-e9f5-48c1-afd5-5a5d8ca519dc", "captured_epoch": 1, "consistency": "CONSISTENT", "context_hash": "cbc2104aba55352f170be6bce3f8386e62c15aaa748fbe70220be6780ba5dfba", "contract": "kl079-full-actions-v1", "contradicting_events": [], "coverage": "COMPLETE_FOR_POLICY", "demand_hash": "39bb28c767194f855b77a73eff5bb3396632b092271450b3661707b505fc691a", "demand_id": "0befdfac-e381-54c2-84ac-07943d7868bd", "event_association_status": "CONFIRMED", "facts": [{"admission": "ADMITTED", "admission_hash": "079fa2ba9e1555ee8a10aab192e1cce3645bba80e129eacac01426c3a08910ff", "admission_id": "24d310c7-e2d1-437d-87c9-267d6617ab92", "association": "CONFIRMED", "association_hash": "2b9f70f44a070395444eea3de2d5f79af600b6fddd3b1e3626c961dce87dd48e", "association_id": "42b440ff-b493-4e5e-80ab-64b73055e16f", "contradicts": false, "effective_at": "2026-10-01T14:50:26.587322+00:00", "event_id": "e683ae5f-424e-4e1a-ac9b-f46da69e6245", "exercise": "fixture:cycle", "fact_hash": "41db9bc2ab5499096c9905753cfd8dfe2fb97c693650f02511c75f955042d4c9", "fact_id": "374eb248-f70e-417f-a355-1be9d5bd4737", "lower_minutes": 10, "policy_id": "4f01750a-6790-466d-ab90-edd343620d7d", "replaces_slot": "prior-slot", "retracted": false, "scope": "TEST_ONLY", "semantic_class": "ACTUAL_EXECUTION", "subject_id": "66fc124e-1495-408f-b649-09f0bae4cd4a", "upper_minutes": 10, "valid_until": "2026-10-01T16:50:26.587322+00:00"}], "fitness_hash": "2481e5172c1081d7380e8acae963f96ea6b6a516628da78c42a1caceb743444d", "fitness_id": "0747efd1-ca31-5068-aa8f-36a3fc1d4842", "id": "6af39ff9-7b85-5ef9-8faf-1096dc2c7874", "kind": "RESOLUTION", "manifest_hash": "54c23af8f35ea5b06a10f0113b93622c9015f610020dd897a81190f0850e70dc", "manifest_id": "d16112a2-6439-48d8-b17d-a5d53f24009c", "nutrition_hash": "f9efc33b0adf0f5c2fa12e4f593e6fdbf4b1a4e5164a4a666b5c4faa750f4161", "nutrition_id": "033547ca-685f-5a66-9c8c-28a4aff20d9d", "policy_hash": "22982426a090b91143ee0f968447c47ee2b48526140c7903279f22b8443402ef", "policy_id": "4f01750a-6790-466d-ab90-edd343620d7d", "proposal_hash": "2481e5172c1081d7380e8acae963f96ea6b6a516628da78c42a1caceb743444d", "proposal_id": "0747efd1-ca31-5068-aa8f-36a3fc1d4842", "query_basis_hash": "25056d0f973a054dc3fa7cce0ae6400ee354c04050b0fe5fe760c886aa25f960", "request_id": "f1a9e7de-11de-4a7b-b5f5-7e100e4db07c", "request_revision": 1, "resolution_expires_at": "2026-10-01T16:50:26.587322+00:00", "root_id": "b2bf62b8-8ca6-4614-964d-5c6962747750", "runtime_version": "kl079-full-actions-v1", "snapshot_id": "90e5bb24-d4c8-4452-88b5-a0fd3cdba41f", "source_hash": "282ddf3a9d5ab95dbdc40c145eb1687408131acfcc91a747a5005bcb1703709a", "source_id": "1ec406cf-6bdb-5d52-a4bd-cd27a467fb6c", "source_members": ["24d310c7-e2d1-437d-87c9-267d6617ab92", "374eb248-f70e-417f-a355-1be9d5bd4737", "42b440ff-b493-4e5e-80ab-64b73055e16f"], "source_ranges": ["2026-09-30T15:50:26.587322+00:00", "2026-10-01T16:50:26.587322+00:00"], "subject_id": "66fc124e-1495-408f-b649-09f0bae4cd4a", "superseded_or_retracted_items": [], "supporting_events": ["e683ae5f-424e-4e1a-ac9b-f46da69e6245"], "truncation_status": "NOT_TRUNCATED", "version": "kl076-mechanical-test-v1"}}, "event": "d0fbdd4b-3c76-4412-8c58-6a07285387fe", "hash": "d173196adaf99fe6041f6e6a50ec8eb4d3a514f704edf245907e199b520100cb", "id": "6af39ff9-7b85-5ef9-8faf-1096dc2c7874", "kind": "full_output", "owner": "ResolveEvidence", "payload": {"action_parameters_hash": "f863709ebb1218374d5c57e23c2de587f9f616ac436ec20eb3d2f983ed1bb000", "action_type": "TRAINING", "attempt_id": "1b8663a4-e9f5-48c1-afd5-5a5d8ca519dc", "captured_epoch": 1, "consistency": "CONSISTENT", "context_hash": "cbc2104aba55352f170be6bce3f8386e62c15aaa748fbe70220be6780ba5dfba", "contract": "kl079-full-actions-v1", "contradicting_events": [], "coverage": "COMPLETE_FOR_POLICY", "demand_hash": "39bb28c767194f855b77a73eff5bb3396632b092271450b3661707b505fc691a", "demand_id": "0befdfac-e381-54c2-84ac-07943d7868bd", "event_association_status": "CONFIRMED", "facts": [{"admission": "ADMITTED", "admission_hash": "079fa2ba9e1555ee8a10aab192e1cce3645bba80e129eacac01426c3a08910ff", "admission_id": "24d310c7-e2d1-437d-87c9-267d6617ab92", "association": "CONFIRMED", "association_hash": "2b9f70f44a070395444eea3de2d5f79af600b6fddd3b1e3626c961dce87dd48e", "association_id": "42b440ff-b493-4e5e-80ab-64b73055e16f", "contradicts": false, "effective_at": "2026-10-01T14:50:26.587322+00:00", "event_id": "e683ae5f-424e-4e1a-ac9b-f46da69e6245", "exercise": "fixture:cycle", "fact_hash": "41db9bc2ab5499096c9905753cfd8dfe2fb97c693650f02511c75f955042d4c9", "fact_id": "374eb248-f70e-417f-a355-1be9d5bd4737", "lower_minutes": 10, "policy_id": "4f01750a-6790-466d-ab90-edd343620d7d", "replaces_slot": "prior-slot", "retracted": false, "scope": "TEST_ONLY", "semantic_class": "ACTUAL_EXECUTION", "subject_id": "66fc124e-1495-408f-b649-09f0bae4cd4a", "upper_minutes": 10, "valid_until": "2026-10-01T16:50:26.587322+00:00"}], "fitness_hash": "2481e5172c1081d7380e8acae963f96ea6b6a516628da78c42a1caceb743444d", "fitness_id": "0747efd1-ca31-5068-aa8f-36a3fc1d4842", "id": "6af39ff9-7b85-5ef9-8faf-1096dc2c7874", "kind": "RESOLUTION", "manifest_hash": "54c23af8f35ea5b06a10f0113b93622c9015f610020dd897a81190f0850e70dc", "manifest_id": "d16112a2-6439-48d8-b17d-a5d53f24009c", "nutrition_hash": "f9efc33b0adf0f5c2fa12e4f593e6fdbf4b1a4e5164a4a666b5c4faa750f4161", "nutrition_id": "033547ca-685f-5a66-9c8c-28a4aff20d9d", "policy_hash": "22982426a090b91143ee0f968447c47ee2b48526140c7903279f22b8443402ef", "policy_id": "4f01750a-6790-466d-ab90-edd343620d7d", "proposal_hash": "2481e5172c1081d7380e8acae963f96ea6b6a516628da78c42a1caceb743444d", "proposal_id": "0747efd1-ca31-5068-aa8f-36a3fc1d4842", "query_basis_hash": "25056d0f973a054dc3fa7cce0ae6400ee354c04050b0fe5fe760c886aa25f960", "request_id": "f1a9e7de-11de-4a7b-b5f5-7e100e4db07c", "request_revision": 1, "resolution_expires_at": "2026-10-01T16:50:26.587322+00:00", "root_id": "b2bf62b8-8ca6-4614-964d-5c6962747750", "runtime_version": "kl079-full-actions-v1", "snapshot_id": "90e5bb24-d4c8-4452-88b5-a0fd3cdba41f", "source_hash": "282ddf3a9d5ab95dbdc40c145eb1687408131acfcc91a747a5005bcb1703709a", "source_id": "1ec406cf-6bdb-5d52-a4bd-cd27a467fb6c", "source_members": ["24d310c7-e2d1-437d-87c9-267d6617ab92", "374eb248-f70e-417f-a355-1be9d5bd4737", "42b440ff-b493-4e5e-80ab-64b73055e16f"], "source_ranges": ["2026-09-30T15:50:26.587322+00:00", "2026-10-01T16:50:26.587322+00:00"], "subject_id": "66fc124e-1495-408f-b649-09f0bae4cd4a", "superseded_or_retracted_items": [], "supporting_events": ["e683ae5f-424e-4e1a-ac9b-f46da69e6245"], "truncation_status": "NOT_TRUNCATED", "version": "kl076-mechanical-test-v1"}, "receipt": "19d6ac84-2c5b-46d7-b04a-6b259b635d86"}
FIXTURE_EVIDENCE {"accepted_at": "2026-10-01 15:50:27.140002+00:00", "columns": {"action_parameters_hash": "8194b165ac609544d7c59fdf8b67104428844897e8172181508102e379fa6a39", "action_type": "NUTRITION", "content_hash": "2f9bcc1fbe5894bb0e9a3e170fb88dd3fb48196b71ea6f115343475ce56a7532", "content_schema_version": 1, "effective_at": null, "hash_scheme_version": 1, "id": "7686c26c-02d1-562d-873f-87a0bff1e7f3", "known_at": null, "query_basis_hash": "8e1d9930bc1d2ec023ed98d85c67268d6485c9427f9325e01024c82d52aa7757", "recorded_at": "2026-10-01T15:50:27.135807+00:00", "ref_s05_id": "4f01750a-6790-466d-ab90-edd343620d7d", "ref_s09_id": null, "ref_s12_id": null, "ref_s14_id": null, "ref_s24_id": "d16112a2-6439-48d8-b17d-a5d53f24009c", "resolution_expires_at": "2026-10-01T16:50:26.587322+00:00", "resolver_version": "kl079-full-actions-v1", "revision": 1, "status": null, "subject_id": "66fc124e-1495-408f-b649-09f0bae4cd4a", "typed_payload": {"action_parameters_hash": "8194b165ac609544d7c59fdf8b67104428844897e8172181508102e379fa6a39", "action_type": "NUTRITION", "attempt_id": "1b8663a4-e9f5-48c1-afd5-5a5d8ca519dc", "captured_epoch": 1, "consistency": "CONSISTENT", "context_hash": "cbc2104aba55352f170be6bce3f8386e62c15aaa748fbe70220be6780ba5dfba", "contract": "kl079-full-actions-v1", "contradicting_events": [], "coverage": "COMPLETE_FOR_POLICY", "demand_hash": "39bb28c767194f855b77a73eff5bb3396632b092271450b3661707b505fc691a", "demand_id": "0befdfac-e381-54c2-84ac-07943d7868bd", "event_association_status": "CONFIRMED", "facts": [{"admission": "ADMITTED", "admission_hash": "079fa2ba9e1555ee8a10aab192e1cce3645bba80e129eacac01426c3a08910ff", "admission_id": "24d310c7-e2d1-437d-87c9-267d6617ab92", "association": "CONFIRMED", "association_hash": "2b9f70f44a070395444eea3de2d5f79af600b6fddd3b1e3626c961dce87dd48e", "association_id": "42b440ff-b493-4e5e-80ab-64b73055e16f", "contradicts": false, "effective_at": "2026-10-01T14:50:26.587322+00:00", "event_id": "e683ae5f-424e-4e1a-ac9b-f46da69e6245", "exercise": "fixture:cycle", "fact_hash": "41db9bc2ab5499096c9905753cfd8dfe2fb97c693650f02511c75f955042d4c9", "fact_id": "374eb248-f70e-417f-a355-1be9d5bd4737", "lower_minutes": 10, "policy_id": "4f01750a-6790-466d-ab90-edd343620d7d", "replaces_slot": "prior-slot", "retracted": false, "scope": "TEST_ONLY", "semantic_class": "ACTUAL_EXECUTION", "subject_id": "66fc124e-1495-408f-b649-09f0bae4cd4a", "upper_minutes": 10, "valid_until": "2026-10-01T16:50:26.587322+00:00"}], "fitness_hash": "2481e5172c1081d7380e8acae963f96ea6b6a516628da78c42a1caceb743444d", "fitness_id": "0747efd1-ca31-5068-aa8f-36a3fc1d4842", "id": "7686c26c-02d1-562d-873f-87a0bff1e7f3", "kind": "RESOLUTION", "manifest_hash": "54c23af8f35ea5b06a10f0113b93622c9015f610020dd897a81190f0850e70dc", "manifest_id": "d16112a2-6439-48d8-b17d-a5d53f24009c", "nutrition_hash": "f9efc33b0adf0f5c2fa12e4f593e6fdbf4b1a4e5164a4a666b5c4faa750f4161", "nutrition_id": "033547ca-685f-5a66-9c8c-28a4aff20d9d", "policy_hash": "22982426a090b91143ee0f968447c47ee2b48526140c7903279f22b8443402ef", "policy_id": "4f01750a-6790-466d-ab90-edd343620d7d", "proposal_hash": "f9efc33b0adf0f5c2fa12e4f593e6fdbf4b1a4e5164a4a666b5c4faa750f4161", "proposal_id": "033547ca-685f-5a66-9c8c-28a4aff20d9d", "query_basis_hash": "8e1d9930bc1d2ec023ed98d85c67268d6485c9427f9325e01024c82d52aa7757", "request_id": "f1a9e7de-11de-4a7b-b5f5-7e100e4db07c", "request_revision": 1, "resolution_expires_at": "2026-10-01T16:50:26.587322+00:00", "root_id": "b2bf62b8-8ca6-4614-964d-5c6962747750", "runtime_version": "kl079-full-actions-v1", "snapshot_id": "90e5bb24-d4c8-4452-88b5-a0fd3cdba41f", "source_hash": "282ddf3a9d5ab95dbdc40c145eb1687408131acfcc91a747a5005bcb1703709a", "source_id": "1ec406cf-6bdb-5d52-a4bd-cd27a467fb6c", "source_members": ["24d310c7-e2d1-437d-87c9-267d6617ab92", "374eb248-f70e-417f-a355-1be9d5bd4737", "42b440ff-b493-4e5e-80ab-64b73055e16f"], "source_ranges": ["2026-09-30T15:50:26.587322+00:00", "2026-10-01T16:50:26.587322+00:00"], "subject_id": "66fc124e-1495-408f-b649-09f0bae4cd4a", "superseded_or_retracted_items": [], "supporting_events": ["e683ae5f-424e-4e1a-ac9b-f46da69e6245"], "truncation_status": "NOT_TRUNCATED", "version": "kl076-mechanical-test-v1"}}, "event": "59216873-eee8-44b4-883e-68ab004f1b7b", "hash": "2f9bcc1fbe5894bb0e9a3e170fb88dd3fb48196b71ea6f115343475ce56a7532", "id": "7686c26c-02d1-562d-873f-87a0bff1e7f3", "kind": "full_output", "owner": "ResolveEvidence", "payload": {"action_parameters_hash": "8194b165ac609544d7c59fdf8b67104428844897e8172181508102e379fa6a39", "action_type": "NUTRITION", "attempt_id": "1b8663a4-e9f5-48c1-afd5-5a5d8ca519dc", "captured_epoch": 1, "consistency": "CONSISTENT", "context_hash": "cbc2104aba55352f170be6bce3f8386e62c15aaa748fbe70220be6780ba5dfba", "contract": "kl079-full-actions-v1", "contradicting_events": [], "coverage": "COMPLETE_FOR_POLICY", "demand_hash": "39bb28c767194f855b77a73eff5bb3396632b092271450b3661707b505fc691a", "demand_id": "0befdfac-e381-54c2-84ac-07943d7868bd", "event_association_status": "CONFIRMED", "facts": [{"admission": "ADMITTED", "admission_hash": "079fa2ba9e1555ee8a10aab192e1cce3645bba80e129eacac01426c3a08910ff", "admission_id": "24d310c7-e2d1-437d-87c9-267d6617ab92", "association": "CONFIRMED", "association_hash": "2b9f70f44a070395444eea3de2d5f79af600b6fddd3b1e3626c961dce87dd48e", "association_id": "42b440ff-b493-4e5e-80ab-64b73055e16f", "contradicts": false, "effective_at": "2026-10-01T14:50:26.587322+00:00", "event_id": "e683ae5f-424e-4e1a-ac9b-f46da69e6245", "exercise": "fixture:cycle", "fact_hash": "41db9bc2ab5499096c9905753cfd8dfe2fb97c693650f02511c75f955042d4c9", "fact_id": "374eb248-f70e-417f-a355-1be9d5bd4737", "lower_minutes": 10, "policy_id": "4f01750a-6790-466d-ab90-edd343620d7d", "replaces_slot": "prior-slot", "retracted": false, "scope": "TEST_ONLY", "semantic_class": "ACTUAL_EXECUTION", "subject_id": "66fc124e-1495-408f-b649-09f0bae4cd4a", "upper_minutes": 10, "valid_until": "2026-10-01T16:50:26.587322+00:00"}], "fitness_hash": "2481e5172c1081d7380e8acae963f96ea6b6a516628da78c42a1caceb743444d", "fitness_id": "0747efd1-ca31-5068-aa8f-36a3fc1d4842", "id": "7686c26c-02d1-562d-873f-87a0bff1e7f3", "kind": "RESOLUTION", "manifest_hash": "54c23af8f35ea5b06a10f0113b93622c9015f610020dd897a81190f0850e70dc", "manifest_id": "d16112a2-6439-48d8-b17d-a5d53f24009c", "nutrition_hash": "f9efc33b0adf0f5c2fa12e4f593e6fdbf4b1a4e5164a4a666b5c4faa750f4161", "nutrition_id": "033547ca-685f-5a66-9c8c-28a4aff20d9d", "policy_hash": "22982426a090b91143ee0f968447c47ee2b48526140c7903279f22b8443402ef", "policy_id": "4f01750a-6790-466d-ab90-edd343620d7d", "proposal_hash": "f9efc33b0adf0f5c2fa12e4f593e6fdbf4b1a4e5164a4a666b5c4faa750f4161", "proposal_id": "033547ca-685f-5a66-9c8c-28a4aff20d9d", "query_basis_hash": "8e1d9930bc1d2ec023ed98d85c67268d6485c9427f9325e01024c82d52aa7757", "request_id": "f1a9e7de-11de-4a7b-b5f5-7e100e4db07c", "request_revision": 1, "resolution_expires_at": "2026-10-01T16:50:26.587322+00:00", "root_id": "b2bf62b8-8ca6-4614-964d-5c6962747750", "runtime_version": "kl079-full-actions-v1", "snapshot_id": "90e5bb24-d4c8-4452-88b5-a0fd3cdba41f", "source_hash": "282ddf3a9d5ab95dbdc40c145eb1687408131acfcc91a747a5005bcb1703709a", "source_id": "1ec406cf-6bdb-5d52-a4bd-cd27a467fb6c", "source_members": ["24d310c7-e2d1-437d-87c9-267d6617ab92", "374eb248-f70e-417f-a355-1be9d5bd4737", "42b440ff-b493-4e5e-80ab-64b73055e16f"], "source_ranges": ["2026-09-30T15:50:26.587322+00:00", "2026-10-01T16:50:26.587322+00:00"], "subject_id": "66fc124e-1495-408f-b649-09f0bae4cd4a", "superseded_or_retracted_items": [], "supporting_events": ["e683ae5f-424e-4e1a-ac9b-f46da69e6245"], "truncation_status": "NOT_TRUNCATED", "version": "kl076-mechanical-test-v1"}, "receipt": "1b00bb5d-0bc9-40f9-ae1d-fcf3107debad"}
FIXTURE_EVIDENCE {"accepted_at": "2026-10-01 15:50:27.192924+00:00", "columns": {"content_hash": "423f2ba2a6a0f04784cead567453399627861d3a730410a1e4aaceb0c347bdcd", "content_schema_version": 1, "effective_at": null, "hash_scheme_version": 1, "id": "2e11a269-f6f2-5f0c-a23a-e080d99b5cbd", "known_at": null, "recorded_at": "2026-10-01T15:50:27.188701+00:00", "ref_s03_id": "ab3b3572-989d-4303-a699-6f9a7bf4c73e", "ref_s05_id": "4f01750a-6790-466d-ab90-edd343620d7d", "ref_s24_id": "d16112a2-6439-48d8-b17d-a5d53f24009c", "ref_s28_id": "f1a9e7de-11de-4a7b-b5f5-7e100e4db07c", "ref_s29_id": "1b8663a4-e9f5-48c1-afd5-5a5d8ca519dc", "ref_s34_id": "033547ca-685f-5a66-9c8c-28a4aff20d9d", "ref_s35_id": "0befdfac-e381-54c2-84ac-07943d7868bd", "ref_s36_id": "6af39ff9-7b85-5ef9-8faf-1096dc2c7874", "result": "PASS", "revision": 1, "status": null, "subject_id": "66fc124e-1495-408f-b649-09f0bae4cd4a", "typed_payload": {"action_bindings": [{"action_parameters_hash": "f863709ebb1218374d5c57e23c2de587f9f616ac436ec20eb3d2f983ed1bb000", "action_type": "TRAINING", "proposal_hash": "2481e5172c1081d7380e8acae963f96ea6b6a516628da78c42a1caceb743444d", "proposal_id": "0747efd1-ca31-5068-aa8f-36a3fc1d4842", "query_basis_hash": "25056d0f973a054dc3fa7cce0ae6400ee354c04050b0fe5fe760c886aa25f960", "resolution_hash": "d173196adaf99fe6041f6e6a50ec8eb4d3a514f704edf245907e199b520100cb", "resolution_id": "6af39ff9-7b85-5ef9-8faf-1096dc2c7874"}, {"action_parameters_hash": "8194b165ac609544d7c59fdf8b67104428844897e8172181508102e379fa6a39", "action_type": "NUTRITION", "proposal_hash": "f9efc33b0adf0f5c2fa12e4f593e6fdbf4b1a4e5164a4a666b5c4faa750f4161", "proposal_id": "033547ca-685f-5a66-9c8c-28a4aff20d9d", "query_basis_hash": "8e1d9930bc1d2ec023ed98d85c67268d6485c9427f9325e01024c82d52aa7757", "resolution_hash": "2f9bcc1fbe5894bb0e9a3e170fb88dd3fb48196b71ea6f115343475ce56a7532", "resolution_id": "7686c26c-02d1-562d-873f-87a0bff1e7f3"}], "attempt_id": "1b8663a4-e9f5-48c1-afd5-5a5d8ca519dc", "captured_epoch": 1, "context_hash": "cbc2104aba55352f170be6bce3f8386e62c15aaa748fbe70220be6780ba5dfba", "contract": "kl079-full-actions-v1", "deduplicated_events": ["e683ae5f-424e-4e1a-ac9b-f46da69e6245"], "demand_hash": "39bb28c767194f855b77a73eff5bb3396632b092271450b3661707b505fc691a", "execution_basis_event_id": "ab3b3572-989d-4303-a699-6f9a7bf4c73e", "fitness_hash": "2481e5172c1081d7380e8acae963f96ea6b6a516628da78c42a1caceb743444d", "fixture_policy_version": "kl079-full-actions-v1", "id": "2e11a269-f6f2-5f0c-a23a-e080d99b5cbd", "kind": "VALIDATION", "manifest_id": "d16112a2-6439-48d8-b17d-a5d53f24009c", "nutrition_hash": "f9efc33b0adf0f5c2fa12e4f593e6fdbf4b1a4e5164a4a666b5c4faa750f4161", "policy_envelope": "PASS", "policy_hash": "22982426a090b91143ee0f968447c47ee2b48526140c7903279f22b8443402ef", "policy_id": "4f01750a-6790-466d-ab90-edd343620d7d", "replaced_slots": ["prior-slot"], "request_id": "f1a9e7de-11de-4a7b-b5f5-7e100e4db07c", "request_revision": 1, "required_actions": ["TRAINING", "NUTRITION"], "resolution_hash": "d173196adaf99fe6041f6e6a50ec8eb4d3a514f704edf245907e199b520100cb", "rolling_minutes": 40, "root_id": "b2bf62b8-8ca6-4614-964d-5c6962747750", "semantic_validation": "PASS", "snapshot_id": "90e5bb24-d4c8-4452-88b5-a0fd3cdba41f", "source_ranges": ["2026-09-30T15:50:26.587322+00:00", "2026-10-01T16:50:26.587322+00:00"], "subject_id": "66fc124e-1495-408f-b649-09f0bae4cd4a", "valid_until": "2026-10-01T16:50:26.587322+00:00", "version": "kl076-mechanical-test-v1"}, "valid_until": "2026-10-01T16:50:26.587322+00:00", "validator_artifact": "da6e4fad-30a7-42f2-b982-211eb7e06548:kl079-full-actions-v1:47141293664d61f6dffde2ef2550b381be3062798b82a38a2f890be50e3c8f8a"}, "event": "e89946b1-f4f6-476b-be81-269daca823b5", "hash": "423f2ba2a6a0f04784cead567453399627861d3a730410a1e4aaceb0c347bdcd", "id": "2e11a269-f6f2-5f0c-a23a-e080d99b5cbd", "kind": "full_output", "owner": "RecordValidation", "payload": {"action_bindings": [{"action_parameters_hash": "f863709ebb1218374d5c57e23c2de587f9f616ac436ec20eb3d2f983ed1bb000", "action_type": "TRAINING", "proposal_hash": "2481e5172c1081d7380e8acae963f96ea6b6a516628da78c42a1caceb743444d", "proposal_id": "0747efd1-ca31-5068-aa8f-36a3fc1d4842", "query_basis_hash": "25056d0f973a054dc3fa7cce0ae6400ee354c04050b0fe5fe760c886aa25f960", "resolution_hash": "d173196adaf99fe6041f6e6a50ec8eb4d3a514f704edf245907e199b520100cb", "resolution_id": "6af39ff9-7b85-5ef9-8faf-1096dc2c7874"}, {"action_parameters_hash": "8194b165ac609544d7c59fdf8b67104428844897e8172181508102e379fa6a39", "action_type": "NUTRITION", "proposal_hash": "f9efc33b0adf0f5c2fa12e4f593e6fdbf4b1a4e5164a4a666b5c4faa750f4161", "proposal_id": "033547ca-685f-5a66-9c8c-28a4aff20d9d", "query_basis_hash": "8e1d9930bc1d2ec023ed98d85c67268d6485c9427f9325e01024c82d52aa7757", "resolution_hash": "2f9bcc1fbe5894bb0e9a3e170fb88dd3fb48196b71ea6f115343475ce56a7532", "resolution_id": "7686c26c-02d1-562d-873f-87a0bff1e7f3"}], "attempt_id": "1b8663a4-e9f5-48c1-afd5-5a5d8ca519dc", "captured_epoch": 1, "context_hash": "cbc2104aba55352f170be6bce3f8386e62c15aaa748fbe70220be6780ba5dfba", "contract": "kl079-full-actions-v1", "deduplicated_events": ["e683ae5f-424e-4e1a-ac9b-f46da69e6245"], "demand_hash": "39bb28c767194f855b77a73eff5bb3396632b092271450b3661707b505fc691a", "execution_basis_event_id": "ab3b3572-989d-4303-a699-6f9a7bf4c73e", "fitness_hash": "2481e5172c1081d7380e8acae963f96ea6b6a516628da78c42a1caceb743444d", "fixture_policy_version": "kl079-full-actions-v1", "id": "2e11a269-f6f2-5f0c-a23a-e080d99b5cbd", "kind": "VALIDATION", "manifest_id": "d16112a2-6439-48d8-b17d-a5d53f24009c", "nutrition_hash": "f9efc33b0adf0f5c2fa12e4f593e6fdbf4b1a4e5164a4a666b5c4faa750f4161", "policy_envelope": "PASS", "policy_hash": "22982426a090b91143ee0f968447c47ee2b48526140c7903279f22b8443402ef", "policy_id": "4f01750a-6790-466d-ab90-edd343620d7d", "replaced_slots": ["prior-slot"], "request_id": "f1a9e7de-11de-4a7b-b5f5-7e100e4db07c", "request_revision": 1, "required_actions": ["TRAINING", "NUTRITION"], "resolution_hash": "d173196adaf99fe6041f6e6a50ec8eb4d3a514f704edf245907e199b520100cb", "rolling_minutes": 40, "root_id": "b2bf62b8-8ca6-4614-964d-5c6962747750", "semantic_validation": "PASS", "snapshot_id": "90e5bb24-d4c8-4452-88b5-a0fd3cdba41f", "source_ranges": ["2026-09-30T15:50:26.587322+00:00", "2026-10-01T16:50:26.587322+00:00"], "subject_id": "66fc124e-1495-408f-b649-09f0bae4cd4a", "valid_until": "2026-10-01T16:50:26.587322+00:00", "version": "kl076-mechanical-test-v1"}, "receipt": "8aa976a3-c306-4fe4-9744-b4ee02bfcccf"}
FIXTURE_EVIDENCE {"dimension": "foreign_validation", "error": "immutable stage source identity/hash missing or changed", "kind": "consumer_denial", "stage": "ACTUAL_COMMIT_READY_OWNER", "zero_effects": true}
.FIXTURE_EVIDENCE {"compose": "kineticloop-kl079-full-949bbd5-90cbd6dddc92", "database": "kineticloop_kl079_full_949bbd5_90cbd6dddc92", "elapsed": 5.820563290966675, "inventory": ["bootstrap_two_phase(selected_lifecycle)", "reset", "start", "destroy"], "kind": "cleanup", "remaining_resources": {"container": "", "network": "", "volume": ""}}
INFO  [alembic.runtime.migration] Context impl PostgresqlImpl.
INFO  [alembic.runtime.migration] Will assume transactional DDL.
INFO  [alembic.runtime.migration] Running upgrade  -> 76fd67f76bd4, frozen S01-S51 baseline
INFO  [alembic.runtime.migration] Context impl PostgresqlImpl.
INFO  [alembic.runtime.migration] Will assume transactional DDL.
INFO  [alembic.runtime.migration] Running upgrade 76fd67f76bd4 -> a3f91c7d2e10, migrated SafetyRegistry integration and role-owner hardening
INFO  [alembic.runtime.migration] Running upgrade a3f91c7d2e10 -> b6e4d8a1c927, trusted artifact registration and bounded dependency admission
INFO  [alembic.runtime.migration] Running upgrade b6e4d8a1c927 -> d4c1a9e7b203, production, test, and evaluation subject namespace isolation
INFO  [alembic.runtime.migration] Running upgrade d4c1a9e7b203 -> e8c2f1a6b904, Materialize frozen S27 active partition uniqueness (legacy PENDING = ADMITTED).
NAMESPACE_PU DatabaseNamespace(project_name='kineticloop-kl079-full-949bbd5-90cbd6dddc92', database_name='kineticloop_kl079_full_949bbd5_90cbd6dddc92') negative_controls=foreign_root,sha,digest,label,ambient,nested_cleanup nested_inventory ['bootstrap_two_phase(selected_lifecycle)', 'destroy']
FIXTURE_EVIDENCE {"bootstrap_elapsed": 4.757920790929347, "compose": "kineticloop-kl079-full-949bbd5-90cbd6dddc92", "database": "kineticloop_kl079_full_949bbd5_90cbd6dddc92", "kind": "namespace", "migration": "e8c2f1a6b904", "nested_routes": ["bootstrap_two_phase(selected_lifecycle)", "reset", "start", "compose/_run", "validate_current_database_before_every_source/owner/reset", "finally_destroy"], "resolved_root": "/Users/davetian/.codex/worktrees/685e/KineticLoop", "tested_commit": "949bbd530061ecb3644998719fe998f86cad999e"}
FIXTURE_EVIDENCE {"hash": "47141293664d61f6dffde2ef2550b381be3062798b82a38a2f890be50e3c8f8a", "id": "d6135901-e1bf-4884-80fb-c1f7625cc439", "immutable_dependencies": ["bc97f6ed-f963-49da-971b-efc4408d71f9", "55ae8447-5aa0-47c7-aff8-88a780bbdc9c"], "kind": "runtime_registration", "owner": "SafetyRegistry.RegisterArtifact", "version": "kl079-full-actions-v1"}
FIXTURE_EVIDENCE {"epoch": 1, "factset": "c726f8a3-ec0c-5a06-9754-ffc7e81dbf8b", "kind": "upstream", "membership_digest": "3deaa3595d1f9f39041233b52e62b075f2c9eaa1fed31a04fce858a7d102195b", "projection": {"dependency_ids": ["0186c323-9c43-5405-936b-e855c4138d93", "1be6964c-4623-5805-9bbf-405c8e327f0c", "9002c1b6-eb35-52df-9ddc-75d17cdd205a", "9765418b-e29f-54ca-898c-2bcf90d49679", "c42f9fb6-1fa6-519d-8b82-f20b20b0bfd5", "e61bcef9-d301-5b81-a848-5dd23b8bec6c"], "executable": false, "input_basis_hash": "a1ed6fd617cd71da8b0346f57d3cf36167b8284c136b66439f6b946d86657323", "projection_id": "b0a6b15f-2690-5f67-8820-ee028c301609", "revision": 1}, "publication": {"event_id": "baf323cf-f519-4f8e-a920-6a071c38d554", "executable": false, "generation": 1, "manifest_id": "145132b0-3068-487d-aaa1-6adf9dc392d0", "receipt_id": "b65385c0-89d6-4c26-8b4b-b7e7cc98134b", "replayed": false}, "ready": {"artifact_dependency_closure_hash": "25c1d9d05d88fb7f56401d61eee457b0840459606310c36d27d7d4d0c125c15c", "build_id": "bf8f774e-f324-5593-afad-05cfec4cb079", "dependency_basis_hash": "45d5eba065054d3eb9c962b054b79dc2faef6a62c8c8a6fa4becce7ea241958f", "executable": false, "manifest_hash": "0a91872e8c235b7d2081a48370848c6e75362a1d16c623198d2a916130c0c442", "status": "READY"}, "subject": "f30e6798-96a6-4396-ad67-76a88e928a60"}
FIXTURE_EVIDENCE {"accepted_at": "2026-10-01 15:50:33.952765+00:00", "columns": {"action_parameters_hash": "f863709ebb1218374d5c57e23c2de587f9f616ac436ec20eb3d2f983ed1bb000", "action_type": "TRAINING", "content_hash": "7a61f3b79d84196656aa3032cfcb938a446fc2b8669a4feeb3315e812ba2b1ca", "content_schema_version": 1, "effective_at": null, "hash_scheme_version": 1, "id": "229851ea-5f37-5ea4-b27b-a9ef5e3cfd92", "known_at": null, "query_basis_hash": "d4bf5a7f504f8de69a18b18cc0b71ef32e31ffebbdeadbfe18fa296f452293a4", "recorded_at": "2026-10-01T15:50:33.947548+00:00", "ref_s05_id": "860b1598-1aed-457d-98ea-e9ee61bd90c5", "ref_s09_id": null, "ref_s12_id": null, "ref_s14_id": null, "ref_s24_id": "145132b0-3068-487d-aaa1-6adf9dc392d0", "resolution_expires_at": "2026-10-01T16:50:33.416145+00:00", "resolver_version": "kl079-full-actions-v1", "revision": 1, "status": null, "subject_id": "f30e6798-96a6-4396-ad67-76a88e928a60", "typed_payload": {"action_parameters_hash": "f863709ebb1218374d5c57e23c2de587f9f616ac436ec20eb3d2f983ed1bb000", "action_type": "TRAINING", "attempt_id": "6915c97a-1f20-4f33-9d6d-64c4c976b46e", "captured_epoch": 1, "consistency": "CONSISTENT", "context_hash": "6f33985e861862ba22d186cc99b0c05bba211ebfac02768f383a41f05ce677be", "contract": "kl079-full-actions-v1", "contradicting_events": [], "coverage": "COMPLETE_FOR_POLICY", "demand_hash": "3640935bbb19163b40c390d67ac13ab2b76f6e90068e6d5a8f57007296fb05a5", "demand_id": "55ba8b9c-99db-56a6-a884-374f6b649232", "event_association_status": "CONFIRMED", "facts": [{"admission": "ADMITTED", "admission_hash": "289bf67678de8dcfb04d2d68dd9f066ae969a85e17863c8ca204b52c512f33c5", "admission_id": "560f94b9-f3cd-43a3-a8fd-89a4a0eb766b", "association": "CONFIRMED", "association_hash": "dd309278b223c27f5dd72f9e684f4b37321070fff44a48973bcdf7e3b986f1ea", "association_id": "fc2d2e4c-787a-431f-8679-4b3893a0ee38", "contradicts": false, "effective_at": "2026-10-01T14:50:33.416145+00:00", "event_id": "3eee441d-1720-46e2-bdc9-930dc80e71c2", "exercise": "fixture:cycle", "fact_hash": "b954773cb426f69e75d41324e6e24275d7c39c640990dc2b7d442ef68c70a13b", "fact_id": "102a0c46-2f8f-416e-912b-67e499746890", "lower_minutes": 10, "policy_id": "860b1598-1aed-457d-98ea-e9ee61bd90c5", "replaces_slot": "prior-slot", "retracted": false, "scope": "TEST_ONLY", "semantic_class": "ACTUAL_EXECUTION", "subject_id": "f30e6798-96a6-4396-ad67-76a88e928a60", "upper_minutes": 10, "valid_until": "2026-10-01T16:50:33.416145+00:00"}], "fitness_hash": "a17df32cdbae6ee614126989661d1040e7502a5cfbb7a3c9905f06cbe6977250", "fitness_id": "3c1eb2a9-ad40-5c02-ae49-06d2a6610224", "id": "229851ea-5f37-5ea4-b27b-a9ef5e3cfd92", "kind": "RESOLUTION", "manifest_hash": "0a91872e8c235b7d2081a48370848c6e75362a1d16c623198d2a916130c0c442", "manifest_id": "145132b0-3068-487d-aaa1-6adf9dc392d0", "nutrition_hash": "345f76cd7795ba78fa94afa3ccbadbae27407f55dccc1601b26b02ae7dbe3068", "nutrition_id": "99133851-0269-5208-b3c2-95907f5600f6", "policy_hash": "e8a33aff67447fa5bf475226f97f4f3b2b290d924fe73a58f3f2d881836ace4d", "policy_id": "860b1598-1aed-457d-98ea-e9ee61bd90c5", "proposal_hash": "a17df32cdbae6ee614126989661d1040e7502a5cfbb7a3c9905f06cbe6977250", "proposal_id": "3c1eb2a9-ad40-5c02-ae49-06d2a6610224", "query_basis_hash": "d4bf5a7f504f8de69a18b18cc0b71ef32e31ffebbdeadbfe18fa296f452293a4", "request_id": "1da53743-e7a0-4c8d-bf0f-bb39f8f75d49", "request_revision": 1, "resolution_expires_at": "2026-10-01T16:50:33.416145+00:00", "root_id": "f0a47430-28a2-4905-aab3-d5ab10abee7e", "runtime_version": "kl079-full-actions-v1", "snapshot_id": "f90a1611-9d2e-4f26-b6e4-b058c8e19dc0", "source_hash": "88121c72710043bc477e5eebeb7e7cbf6106b901e5430dace15718d07462999f", "source_id": "c726f8a3-ec0c-5a06-9754-ffc7e81dbf8b", "source_members": ["102a0c46-2f8f-416e-912b-67e499746890", "560f94b9-f3cd-43a3-a8fd-89a4a0eb766b", "fc2d2e4c-787a-431f-8679-4b3893a0ee38"], "source_ranges": ["2026-09-30T15:50:33.416145+00:00", "2026-10-01T16:50:33.416145+00:00"], "subject_id": "f30e6798-96a6-4396-ad67-76a88e928a60", "superseded_or_retracted_items": [], "supporting_events": ["3eee441d-1720-46e2-bdc9-930dc80e71c2"], "truncation_status": "NOT_TRUNCATED", "version": "kl076-mechanical-test-v1"}}, "event": "89850959-4427-41bf-b9eb-60df38c63d4b", "hash": "7a61f3b79d84196656aa3032cfcb938a446fc2b8669a4feeb3315e812ba2b1ca", "id": "229851ea-5f37-5ea4-b27b-a9ef5e3cfd92", "kind": "full_output", "owner": "ResolveEvidence", "payload": {"action_parameters_hash": "f863709ebb1218374d5c57e23c2de587f9f616ac436ec20eb3d2f983ed1bb000", "action_type": "TRAINING", "attempt_id": "6915c97a-1f20-4f33-9d6d-64c4c976b46e", "captured_epoch": 1, "consistency": "CONSISTENT", "context_hash": "6f33985e861862ba22d186cc99b0c05bba211ebfac02768f383a41f05ce677be", "contract": "kl079-full-actions-v1", "contradicting_events": [], "coverage": "COMPLETE_FOR_POLICY", "demand_hash": "3640935bbb19163b40c390d67ac13ab2b76f6e90068e6d5a8f57007296fb05a5", "demand_id": "55ba8b9c-99db-56a6-a884-374f6b649232", "event_association_status": "CONFIRMED", "facts": [{"admission": "ADMITTED", "admission_hash": "289bf67678de8dcfb04d2d68dd9f066ae969a85e17863c8ca204b52c512f33c5", "admission_id": "560f94b9-f3cd-43a3-a8fd-89a4a0eb766b", "association": "CONFIRMED", "association_hash": "dd309278b223c27f5dd72f9e684f4b37321070fff44a48973bcdf7e3b986f1ea", "association_id": "fc2d2e4c-787a-431f-8679-4b3893a0ee38", "contradicts": false, "effective_at": "2026-10-01T14:50:33.416145+00:00", "event_id": "3eee441d-1720-46e2-bdc9-930dc80e71c2", "exercise": "fixture:cycle", "fact_hash": "b954773cb426f69e75d41324e6e24275d7c39c640990dc2b7d442ef68c70a13b", "fact_id": "102a0c46-2f8f-416e-912b-67e499746890", "lower_minutes": 10, "policy_id": "860b1598-1aed-457d-98ea-e9ee61bd90c5", "replaces_slot": "prior-slot", "retracted": false, "scope": "TEST_ONLY", "semantic_class": "ACTUAL_EXECUTION", "subject_id": "f30e6798-96a6-4396-ad67-76a88e928a60", "upper_minutes": 10, "valid_until": "2026-10-01T16:50:33.416145+00:00"}], "fitness_hash": "a17df32cdbae6ee614126989661d1040e7502a5cfbb7a3c9905f06cbe6977250", "fitness_id": "3c1eb2a9-ad40-5c02-ae49-06d2a6610224", "id": "229851ea-5f37-5ea4-b27b-a9ef5e3cfd92", "kind": "RESOLUTION", "manifest_hash": "0a91872e8c235b7d2081a48370848c6e75362a1d16c623198d2a916130c0c442", "manifest_id": "145132b0-3068-487d-aaa1-6adf9dc392d0", "nutrition_hash": "345f76cd7795ba78fa94afa3ccbadbae27407f55dccc1601b26b02ae7dbe3068", "nutrition_id": "99133851-0269-5208-b3c2-95907f5600f6", "policy_hash": "e8a33aff67447fa5bf475226f97f4f3b2b290d924fe73a58f3f2d881836ace4d", "policy_id": "860b1598-1aed-457d-98ea-e9ee61bd90c5", "proposal_hash": "a17df32cdbae6ee614126989661d1040e7502a5cfbb7a3c9905f06cbe6977250", "proposal_id": "3c1eb2a9-ad40-5c02-ae49-06d2a6610224", "query_basis_hash": "d4bf5a7f504f8de69a18b18cc0b71ef32e31ffebbdeadbfe18fa296f452293a4", "request_id": "1da53743-e7a0-4c8d-bf0f-bb39f8f75d49", "request_revision": 1, "resolution_expires_at": "2026-10-01T16:50:33.416145+00:00", "root_id": "f0a47430-28a2-4905-aab3-d5ab10abee7e", "runtime_version": "kl079-full-actions-v1", "snapshot_id": "f90a1611-9d2e-4f26-b6e4-b058c8e19dc0", "source_hash": "88121c72710043bc477e5eebeb7e7cbf6106b901e5430dace15718d07462999f", "source_id": "c726f8a3-ec0c-5a06-9754-ffc7e81dbf8b", "source_members": ["102a0c46-2f8f-416e-912b-67e499746890", "560f94b9-f3cd-43a3-a8fd-89a4a0eb766b", "fc2d2e4c-787a-431f-8679-4b3893a0ee38"], "source_ranges": ["2026-09-30T15:50:33.416145+00:00", "2026-10-01T16:50:33.416145+00:00"], "subject_id": "f30e6798-96a6-4396-ad67-76a88e928a60", "superseded_or_retracted_items": [], "supporting_events": ["3eee441d-1720-46e2-bdc9-930dc80e71c2"], "truncation_status": "NOT_TRUNCATED", "version": "kl076-mechanical-test-v1"}, "receipt": "7f144f7e-d67c-448a-b739-0069e6398a6d"}
FIXTURE_EVIDENCE {"accepted_at": "2026-10-01 15:50:33.986047+00:00", "columns": {"action_parameters_hash": "8194b165ac609544d7c59fdf8b67104428844897e8172181508102e379fa6a39", "action_type": "NUTRITION", "content_hash": "097e66bf8f9fd496ee6d40c8ce72c8c68e5935ab23a5cbc39a8cfaea24aa6c02", "content_schema_version": 1, "effective_at": null, "hash_scheme_version": 1, "id": "48cde000-f5b4-5968-86c3-b4010539dacf", "known_at": null, "query_basis_hash": "e8cb9fc4d9b16292f8f6ab434030d59d9ee027bbb08914ccea898bc81db6a316", "recorded_at": "2026-10-01T15:50:33.982365+00:00", "ref_s05_id": "860b1598-1aed-457d-98ea-e9ee61bd90c5", "ref_s09_id": null, "ref_s12_id": null, "ref_s14_id": null, "ref_s24_id": "145132b0-3068-487d-aaa1-6adf9dc392d0", "resolution_expires_at": "2026-10-01T16:50:33.416145+00:00", "resolver_version": "kl079-full-actions-v1", "revision": 1, "status": null, "subject_id": "f30e6798-96a6-4396-ad67-76a88e928a60", "typed_payload": {"action_parameters_hash": "8194b165ac609544d7c59fdf8b67104428844897e8172181508102e379fa6a39", "action_type": "NUTRITION", "attempt_id": "6915c97a-1f20-4f33-9d6d-64c4c976b46e", "captured_epoch": 1, "consistency": "CONSISTENT", "context_hash": "6f33985e861862ba22d186cc99b0c05bba211ebfac02768f383a41f05ce677be", "contract": "kl079-full-actions-v1", "contradicting_events": [], "coverage": "COMPLETE_FOR_POLICY", "demand_hash": "3640935bbb19163b40c390d67ac13ab2b76f6e90068e6d5a8f57007296fb05a5", "demand_id": "55ba8b9c-99db-56a6-a884-374f6b649232", "event_association_status": "CONFIRMED", "facts": [{"admission": "ADMITTED", "admission_hash": "289bf67678de8dcfb04d2d68dd9f066ae969a85e17863c8ca204b52c512f33c5", "admission_id": "560f94b9-f3cd-43a3-a8fd-89a4a0eb766b", "association": "CONFIRMED", "association_hash": "dd309278b223c27f5dd72f9e684f4b37321070fff44a48973bcdf7e3b986f1ea", "association_id": "fc2d2e4c-787a-431f-8679-4b3893a0ee38", "contradicts": false, "effective_at": "2026-10-01T14:50:33.416145+00:00", "event_id": "3eee441d-1720-46e2-bdc9-930dc80e71c2", "exercise": "fixture:cycle", "fact_hash": "b954773cb426f69e75d41324e6e24275d7c39c640990dc2b7d442ef68c70a13b", "fact_id": "102a0c46-2f8f-416e-912b-67e499746890", "lower_minutes": 10, "policy_id": "860b1598-1aed-457d-98ea-e9ee61bd90c5", "replaces_slot": "prior-slot", "retracted": false, "scope": "TEST_ONLY", "semantic_class": "ACTUAL_EXECUTION", "subject_id": "f30e6798-96a6-4396-ad67-76a88e928a60", "upper_minutes": 10, "valid_until": "2026-10-01T16:50:33.416145+00:00"}], "fitness_hash": "a17df32cdbae6ee614126989661d1040e7502a5cfbb7a3c9905f06cbe6977250", "fitness_id": "3c1eb2a9-ad40-5c02-ae49-06d2a6610224", "id": "48cde000-f5b4-5968-86c3-b4010539dacf", "kind": "RESOLUTION", "manifest_hash": "0a91872e8c235b7d2081a48370848c6e75362a1d16c623198d2a916130c0c442", "manifest_id": "145132b0-3068-487d-aaa1-6adf9dc392d0", "nutrition_hash": "345f76cd7795ba78fa94afa3ccbadbae27407f55dccc1601b26b02ae7dbe3068", "nutrition_id": "99133851-0269-5208-b3c2-95907f5600f6", "policy_hash": "e8a33aff67447fa5bf475226f97f4f3b2b290d924fe73a58f3f2d881836ace4d", "policy_id": "860b1598-1aed-457d-98ea-e9ee61bd90c5", "proposal_hash": "345f76cd7795ba78fa94afa3ccbadbae27407f55dccc1601b26b02ae7dbe3068", "proposal_id": "99133851-0269-5208-b3c2-95907f5600f6", "query_basis_hash": "e8cb9fc4d9b16292f8f6ab434030d59d9ee027bbb08914ccea898bc81db6a316", "request_id": "1da53743-e7a0-4c8d-bf0f-bb39f8f75d49", "request_revision": 1, "resolution_expires_at": "2026-10-01T16:50:33.416145+00:00", "root_id": "f0a47430-28a2-4905-aab3-d5ab10abee7e", "runtime_version": "kl079-full-actions-v1", "snapshot_id": "f90a1611-9d2e-4f26-b6e4-b058c8e19dc0", "source_hash": "88121c72710043bc477e5eebeb7e7cbf6106b901e5430dace15718d07462999f", "source_id": "c726f8a3-ec0c-5a06-9754-ffc7e81dbf8b", "source_members": ["102a0c46-2f8f-416e-912b-67e499746890", "560f94b9-f3cd-43a3-a8fd-89a4a0eb766b", "fc2d2e4c-787a-431f-8679-4b3893a0ee38"], "source_ranges": ["2026-09-30T15:50:33.416145+00:00", "2026-10-01T16:50:33.416145+00:00"], "subject_id": "f30e6798-96a6-4396-ad67-76a88e928a60", "superseded_or_retracted_items": [], "supporting_events": ["3eee441d-1720-46e2-bdc9-930dc80e71c2"], "truncation_status": "NOT_TRUNCATED", "version": "kl076-mechanical-test-v1"}}, "event": "1bcf9bfd-e4ad-4566-8174-fd0bbda0bfed", "hash": "097e66bf8f9fd496ee6d40c8ce72c8c68e5935ab23a5cbc39a8cfaea24aa6c02", "id": "48cde000-f5b4-5968-86c3-b4010539dacf", "kind": "full_output", "owner": "ResolveEvidence", "payload": {"action_parameters_hash": "8194b165ac609544d7c59fdf8b67104428844897e8172181508102e379fa6a39", "action_type": "NUTRITION", "attempt_id": "6915c97a-1f20-4f33-9d6d-64c4c976b46e", "captured_epoch": 1, "consistency": "CONSISTENT", "context_hash": "6f33985e861862ba22d186cc99b0c05bba211ebfac02768f383a41f05ce677be", "contract": "kl079-full-actions-v1", "contradicting_events": [], "coverage": "COMPLETE_FOR_POLICY", "demand_hash": "3640935bbb19163b40c390d67ac13ab2b76f6e90068e6d5a8f57007296fb05a5", "demand_id": "55ba8b9c-99db-56a6-a884-374f6b649232", "event_association_status": "CONFIRMED", "facts": [{"admission": "ADMITTED", "admission_hash": "289bf67678de8dcfb04d2d68dd9f066ae969a85e17863c8ca204b52c512f33c5", "admission_id": "560f94b9-f3cd-43a3-a8fd-89a4a0eb766b", "association": "CONFIRMED", "association_hash": "dd309278b223c27f5dd72f9e684f4b37321070fff44a48973bcdf7e3b986f1ea", "association_id": "fc2d2e4c-787a-431f-8679-4b3893a0ee38", "contradicts": false, "effective_at": "2026-10-01T14:50:33.416145+00:00", "event_id": "3eee441d-1720-46e2-bdc9-930dc80e71c2", "exercise": "fixture:cycle", "fact_hash": "b954773cb426f69e75d41324e6e24275d7c39c640990dc2b7d442ef68c70a13b", "fact_id": "102a0c46-2f8f-416e-912b-67e499746890", "lower_minutes": 10, "policy_id": "860b1598-1aed-457d-98ea-e9ee61bd90c5", "replaces_slot": "prior-slot", "retracted": false, "scope": "TEST_ONLY", "semantic_class": "ACTUAL_EXECUTION", "subject_id": "f30e6798-96a6-4396-ad67-76a88e928a60", "upper_minutes": 10, "valid_until": "2026-10-01T16:50:33.416145+00:00"}], "fitness_hash": "a17df32cdbae6ee614126989661d1040e7502a5cfbb7a3c9905f06cbe6977250", "fitness_id": "3c1eb2a9-ad40-5c02-ae49-06d2a6610224", "id": "48cde000-f5b4-5968-86c3-b4010539dacf", "kind": "RESOLUTION", "manifest_hash": "0a91872e8c235b7d2081a48370848c6e75362a1d16c623198d2a916130c0c442", "manifest_id": "145132b0-3068-487d-aaa1-6adf9dc392d0", "nutrition_hash": "345f76cd7795ba78fa94afa3ccbadbae27407f55dccc1601b26b02ae7dbe3068", "nutrition_id": "99133851-0269-5208-b3c2-95907f5600f6", "policy_hash": "e8a33aff67447fa5bf475226f97f4f3b2b290d924fe73a58f3f2d881836ace4d", "policy_id": "860b1598-1aed-457d-98ea-e9ee61bd90c5", "proposal_hash": "345f76cd7795ba78fa94afa3ccbadbae27407f55dccc1601b26b02ae7dbe3068", "proposal_id": "99133851-0269-5208-b3c2-95907f5600f6", "query_basis_hash": "e8cb9fc4d9b16292f8f6ab434030d59d9ee027bbb08914ccea898bc81db6a316", "request_id": "1da53743-e7a0-4c8d-bf0f-bb39f8f75d49", "request_revision": 1, "resolution_expires_at": "2026-10-01T16:50:33.416145+00:00", "root_id": "f0a47430-28a2-4905-aab3-d5ab10abee7e", "runtime_version": "kl079-full-actions-v1", "snapshot_id": "f90a1611-9d2e-4f26-b6e4-b058c8e19dc0", "source_hash": "88121c72710043bc477e5eebeb7e7cbf6106b901e5430dace15718d07462999f", "source_id": "c726f8a3-ec0c-5a06-9754-ffc7e81dbf8b", "source_members": ["102a0c46-2f8f-416e-912b-67e499746890", "560f94b9-f3cd-43a3-a8fd-89a4a0eb766b", "fc2d2e4c-787a-431f-8679-4b3893a0ee38"], "source_ranges": ["2026-09-30T15:50:33.416145+00:00", "2026-10-01T16:50:33.416145+00:00"], "subject_id": "f30e6798-96a6-4396-ad67-76a88e928a60", "superseded_or_retracted_items": [], "supporting_events": ["3eee441d-1720-46e2-bdc9-930dc80e71c2"], "truncation_status": "NOT_TRUNCATED", "version": "kl076-mechanical-test-v1"}, "receipt": "b34684e7-3648-43e9-a8ac-3046a1ca382e"}
FIXTURE_EVIDENCE {"accepted_at": "2026-10-01 15:50:34.031234+00:00", "columns": {"content_hash": "0bc9fbfbb5a08d4f9f6780366b4c17cbaa0b2f8d821c291946f4850337a236e6", "content_schema_version": 1, "effective_at": null, "hash_scheme_version": 1, "id": "541f5f36-0733-562d-ad4c-aa7f5e370d8f", "known_at": null, "recorded_at": "2026-10-01T15:50:34.025904+00:00", "ref_s03_id": "471cbd13-c02a-4ebc-bac5-2b94b018de6b", "ref_s05_id": "860b1598-1aed-457d-98ea-e9ee61bd90c5", "ref_s24_id": "145132b0-3068-487d-aaa1-6adf9dc392d0", "ref_s28_id": "1da53743-e7a0-4c8d-bf0f-bb39f8f75d49", "ref_s29_id": "6915c97a-1f20-4f33-9d6d-64c4c976b46e", "ref_s34_id": "99133851-0269-5208-b3c2-95907f5600f6", "ref_s35_id": "55ba8b9c-99db-56a6-a884-374f6b649232", "ref_s36_id": "229851ea-5f37-5ea4-b27b-a9ef5e3cfd92", "result": "PASS", "revision": 1, "status": null, "subject_id": "f30e6798-96a6-4396-ad67-76a88e928a60", "typed_payload": {"action_bindings": [{"action_parameters_hash": "f863709ebb1218374d5c57e23c2de587f9f616ac436ec20eb3d2f983ed1bb000", "action_type": "TRAINING", "proposal_hash": "a17df32cdbae6ee614126989661d1040e7502a5cfbb7a3c9905f06cbe6977250", "proposal_id": "3c1eb2a9-ad40-5c02-ae49-06d2a6610224", "query_basis_hash": "d4bf5a7f504f8de69a18b18cc0b71ef32e31ffebbdeadbfe18fa296f452293a4", "resolution_hash": "7a61f3b79d84196656aa3032cfcb938a446fc2b8669a4feeb3315e812ba2b1ca", "resolution_id": "229851ea-5f37-5ea4-b27b-a9ef5e3cfd92"}, {"action_parameters_hash": "8194b165ac609544d7c59fdf8b67104428844897e8172181508102e379fa6a39", "action_type": "NUTRITION", "proposal_hash": "345f76cd7795ba78fa94afa3ccbadbae27407f55dccc1601b26b02ae7dbe3068", "proposal_id": "99133851-0269-5208-b3c2-95907f5600f6", "query_basis_hash": "e8cb9fc4d9b16292f8f6ab434030d59d9ee027bbb08914ccea898bc81db6a316", "resolution_hash": "097e66bf8f9fd496ee6d40c8ce72c8c68e5935ab23a5cbc39a8cfaea24aa6c02", "resolution_id": "48cde000-f5b4-5968-86c3-b4010539dacf"}], "attempt_id": "6915c97a-1f20-4f33-9d6d-64c4c976b46e", "captured_epoch": 1, "context_hash": "6f33985e861862ba22d186cc99b0c05bba211ebfac02768f383a41f05ce677be", "contract": "kl079-full-actions-v1", "deduplicated_events": ["3eee441d-1720-46e2-bdc9-930dc80e71c2"], "demand_hash": "3640935bbb19163b40c390d67ac13ab2b76f6e90068e6d5a8f57007296fb05a5", "execution_basis_event_id": "471cbd13-c02a-4ebc-bac5-2b94b018de6b", "fitness_hash": "a17df32cdbae6ee614126989661d1040e7502a5cfbb7a3c9905f06cbe6977250", "fixture_policy_version": "kl079-full-actions-v1", "id": "541f5f36-0733-562d-ad4c-aa7f5e370d8f", "kind": "VALIDATION", "manifest_id": "145132b0-3068-487d-aaa1-6adf9dc392d0", "nutrition_hash": "345f76cd7795ba78fa94afa3ccbadbae27407f55dccc1601b26b02ae7dbe3068", "policy_envelope": "PASS", "policy_hash": "e8a33aff67447fa5bf475226f97f4f3b2b290d924fe73a58f3f2d881836ace4d", "policy_id": "860b1598-1aed-457d-98ea-e9ee61bd90c5", "replaced_slots": ["prior-slot"], "request_id": "1da53743-e7a0-4c8d-bf0f-bb39f8f75d49", "request_revision": 1, "required_actions": ["TRAINING", "NUTRITION"], "resolution_hash": "7a61f3b79d84196656aa3032cfcb938a446fc2b8669a4feeb3315e812ba2b1ca", "rolling_minutes": 40, "root_id": "f0a47430-28a2-4905-aab3-d5ab10abee7e", "semantic_validation": "PASS", "snapshot_id": "f90a1611-9d2e-4f26-b6e4-b058c8e19dc0", "source_ranges": ["2026-09-30T15:50:33.416145+00:00", "2026-10-01T16:50:33.416145+00:00"], "subject_id": "f30e6798-96a6-4396-ad67-76a88e928a60", "valid_until": "2026-10-01T16:50:33.416145+00:00", "version": "kl076-mechanical-test-v1"}, "valid_until": "2026-10-01T16:50:33.416145+00:00", "validator_artifact": "d6135901-e1bf-4884-80fb-c1f7625cc439:kl079-full-actions-v1:47141293664d61f6dffde2ef2550b381be3062798b82a38a2f890be50e3c8f8a"}, "event": "3bd7cc87-f400-426e-a01e-13a2a72b6215", "hash": "0bc9fbfbb5a08d4f9f6780366b4c17cbaa0b2f8d821c291946f4850337a236e6", "id": "541f5f36-0733-562d-ad4c-aa7f5e370d8f", "kind": "full_output", "owner": "RecordValidation", "payload": {"action_bindings": [{"action_parameters_hash": "f863709ebb1218374d5c57e23c2de587f9f616ac436ec20eb3d2f983ed1bb000", "action_type": "TRAINING", "proposal_hash": "a17df32cdbae6ee614126989661d1040e7502a5cfbb7a3c9905f06cbe6977250", "proposal_id": "3c1eb2a9-ad40-5c02-ae49-06d2a6610224", "query_basis_hash": "d4bf5a7f504f8de69a18b18cc0b71ef32e31ffebbdeadbfe18fa296f452293a4", "resolution_hash": "7a61f3b79d84196656aa3032cfcb938a446fc2b8669a4feeb3315e812ba2b1ca", "resolution_id": "229851ea-5f37-5ea4-b27b-a9ef5e3cfd92"}, {"action_parameters_hash": "8194b165ac609544d7c59fdf8b67104428844897e8172181508102e379fa6a39", "action_type": "NUTRITION", "proposal_hash": "345f76cd7795ba78fa94afa3ccbadbae27407f55dccc1601b26b02ae7dbe3068", "proposal_id": "99133851-0269-5208-b3c2-95907f5600f6", "query_basis_hash": "e8cb9fc4d9b16292f8f6ab434030d59d9ee027bbb08914ccea898bc81db6a316", "resolution_hash": "097e66bf8f9fd496ee6d40c8ce72c8c68e5935ab23a5cbc39a8cfaea24aa6c02", "resolution_id": "48cde000-f5b4-5968-86c3-b4010539dacf"}], "attempt_id": "6915c97a-1f20-4f33-9d6d-64c4c976b46e", "captured_epoch": 1, "context_hash": "6f33985e861862ba22d186cc99b0c05bba211ebfac02768f383a41f05ce677be", "contract": "kl079-full-actions-v1", "deduplicated_events": ["3eee441d-1720-46e2-bdc9-930dc80e71c2"], "demand_hash": "3640935bbb19163b40c390d67ac13ab2b76f6e90068e6d5a8f57007296fb05a5", "execution_basis_event_id": "471cbd13-c02a-4ebc-bac5-2b94b018de6b", "fitness_hash": "a17df32cdbae6ee614126989661d1040e7502a5cfbb7a3c9905f06cbe6977250", "fixture_policy_version": "kl079-full-actions-v1", "id": "541f5f36-0733-562d-ad4c-aa7f5e370d8f", "kind": "VALIDATION", "manifest_id": "145132b0-3068-487d-aaa1-6adf9dc392d0", "nutrition_hash": "345f76cd7795ba78fa94afa3ccbadbae27407f55dccc1601b26b02ae7dbe3068", "policy_envelope": "PASS", "policy_hash": "e8a33aff67447fa5bf475226f97f4f3b2b290d924fe73a58f3f2d881836ace4d", "policy_id": "860b1598-1aed-457d-98ea-e9ee61bd90c5", "replaced_slots": ["prior-slot"], "request_id": "1da53743-e7a0-4c8d-bf0f-bb39f8f75d49", "request_revision": 1, "required_actions": ["TRAINING", "NUTRITION"], "resolution_hash": "7a61f3b79d84196656aa3032cfcb938a446fc2b8669a4feeb3315e812ba2b1ca", "rolling_minutes": 40, "root_id": "f0a47430-28a2-4905-aab3-d5ab10abee7e", "semantic_validation": "PASS", "snapshot_id": "f90a1611-9d2e-4f26-b6e4-b058c8e19dc0", "source_ranges": ["2026-09-30T15:50:33.416145+00:00", "2026-10-01T16:50:33.416145+00:00"], "subject_id": "f30e6798-96a6-4396-ad67-76a88e928a60", "valid_until": "2026-10-01T16:50:33.416145+00:00", "version": "kl076-mechanical-test-v1"}, "receipt": "c2bfc12e-053c-4fb3-9263-375212f08fb7"}
FIXTURE_EVIDENCE {"dimension": "foreign_resolution", "error": "immutable stage source identity/hash missing or changed", "kind": "consumer_denial", "stage": "ACTUAL_COMMIT_READY_OWNER", "zero_effects": true}
.FIXTURE_EVIDENCE {"compose": "kineticloop-kl079-full-949bbd5-90cbd6dddc92", "database": "kineticloop_kl079_full_949bbd5_90cbd6dddc92", "elapsed": 6.060245750006288, "inventory": ["bootstrap_two_phase(selected_lifecycle)", "reset", "start", "destroy"], "kind": "cleanup", "remaining_resources": {"container": "", "network": "", "volume": ""}}
INFO  [alembic.runtime.migration] Context impl PostgresqlImpl.
INFO  [alembic.runtime.migration] Will assume transactional DDL.
INFO  [alembic.runtime.migration] Running upgrade  -> 76fd67f76bd4, frozen S01-S51 baseline
INFO  [alembic.runtime.migration] Context impl PostgresqlImpl.
INFO  [alembic.runtime.migration] Will assume transactional DDL.
INFO  [alembic.runtime.migration] Running upgrade 76fd67f76bd4 -> a3f91c7d2e10, migrated SafetyRegistry integration and role-owner hardening
INFO  [alembic.runtime.migration] Running upgrade a3f91c7d2e10 -> b6e4d8a1c927, trusted artifact registration and bounded dependency admission
INFO  [alembic.runtime.migration] Running upgrade b6e4d8a1c927 -> d4c1a9e7b203, production, test, and evaluation subject namespace isolation
INFO  [alembic.runtime.migration] Running upgrade d4c1a9e7b203 -> e8c2f1a6b904, Materialize frozen S27 active partition uniqueness (legacy PENDING = ADMITTED).
NAMESPACE_PU DatabaseNamespace(project_name='kineticloop-kl079-full-949bbd5-90cbd6dddc92', database_name='kineticloop_kl079_full_949bbd5_90cbd6dddc92') negative_controls=foreign_root,sha,digest,label,ambient,nested_cleanup nested_inventory ['bootstrap_two_phase(selected_lifecycle)', 'destroy']
FIXTURE_EVIDENCE {"bootstrap_elapsed": 4.558426083996892, "compose": "kineticloop-kl079-full-949bbd5-90cbd6dddc92", "database": "kineticloop_kl079_full_949bbd5_90cbd6dddc92", "kind": "namespace", "migration": "e8c2f1a6b904", "nested_routes": ["bootstrap_two_phase(selected_lifecycle)", "reset", "start", "compose/_run", "validate_current_database_before_every_source/owner/reset", "finally_destroy"], "resolved_root": "/Users/davetian/.codex/worktrees/685e/KineticLoop", "tested_commit": "949bbd530061ecb3644998719fe998f86cad999e"}
FIXTURE_EVIDENCE {"hash": "47141293664d61f6dffde2ef2550b381be3062798b82a38a2f890be50e3c8f8a", "id": "e6c4ec3e-0c16-4cd6-a983-1cee082a4b83", "immutable_dependencies": ["181e782e-0f31-4940-bc03-01782480f8e5", "2ee2704b-530c-4368-8de1-25db81736167"], "kind": "runtime_registration", "owner": "SafetyRegistry.RegisterArtifact", "version": "kl079-full-actions-v1"}
FIXTURE_EVIDENCE {"epoch": 1, "factset": "fa660869-bdcf-504d-af94-8fcc9db47808", "kind": "upstream", "membership_digest": "589c113ee7c1036382561be005b9f6db137dbb44db666e3503c7b6cf4815bf1b", "projection": {"dependency_ids": ["285df721-73c9-5ace-92e3-2fbb303b4124", "310674ef-74f1-5956-982b-72fbfc511cfa", "71fe23be-9612-52e2-8fc8-bfe4cfa6c4d5", "809a2314-3a0f-56aa-9718-09f4465a7317", "d6e53be9-ee72-5c07-be81-019dea9c167b", "db1cce64-0de4-5027-9bcc-38e120510586"], "executable": false, "input_basis_hash": "c6563b59c9f3406299506d4c3265dd0c00142161decff992d6714fb3a95bd8b7", "projection_id": "546a9511-3801-5108-8d2a-dfa1077e709c", "revision": 1}, "publication": {"event_id": "1ef88364-a6ff-4819-b786-d6421e221d4f", "executable": false, "generation": 1, "manifest_id": "0908cb8d-26a6-4864-b75a-5b13a8798712", "receipt_id": "080dfbc1-58ac-46b5-a662-b80b21fd9f8d", "replayed": false}, "ready": {"artifact_dependency_closure_hash": "5da0ba8b11be4dea1e9c5af64ca42924608ca03fc50fbcfe990ff8e90e9f2d35", "build_id": "af9bb2df-59d7-5f8b-ad37-5695e6bdd867", "dependency_basis_hash": "94731ae9382f61535963dba8598ecd6fd62a8a8358f1e591bf69d85b94c387cc", "executable": false, "manifest_hash": "65343b411ca20c40b51e4cb99aaec2ceba594bea033fa552883ba0deb78250a0", "status": "READY"}, "subject": "ab80d5d2-5250-46e1-8433-81b8ed6c6570"}
FIXTURE_EVIDENCE {"accepted_at": "2026-10-01 15:50:40.469011+00:00", "columns": {"action_parameters_hash": "f863709ebb1218374d5c57e23c2de587f9f616ac436ec20eb3d2f983ed1bb000", "action_type": "TRAINING", "content_hash": "340d0cbc7e35718059db45899cc211ca37f265ca82e28843beb92ca87b7e8d87", "content_schema_version": 1, "effective_at": null, "hash_scheme_version": 1, "id": "ef36098f-753b-53e1-b98d-70c584618709", "known_at": null, "query_basis_hash": "5dac700b489fbdc030ab13cbbef58fa79985287572bdbe28576d3d1d2be0a6fa", "recorded_at": "2026-10-01T15:50:40.464186+00:00", "ref_s05_id": "054b27f8-a1f8-469d-aa51-f9662ce6d268", "ref_s09_id": null, "ref_s12_id": null, "ref_s14_id": null, "ref_s24_id": "0908cb8d-26a6-4864-b75a-5b13a8798712", "resolution_expires_at": "2026-10-01T16:50:39.970634+00:00", "resolver_version": "kl079-full-actions-v1", "revision": 1, "status": null, "subject_id": "ab80d5d2-5250-46e1-8433-81b8ed6c6570", "typed_payload": {"action_parameters_hash": "f863709ebb1218374d5c57e23c2de587f9f616ac436ec20eb3d2f983ed1bb000", "action_type": "TRAINING", "attempt_id": "e9939336-1889-404e-b89d-185c00d8049d", "captured_epoch": 1, "consistency": "CONSISTENT", "context_hash": "93938ff5ae90fb7d6a7d6de7810b691c5624a89baab7e5c4505707b9839d6979", "contract": "kl079-full-actions-v1", "contradicting_events": [], "coverage": "COMPLETE_FOR_POLICY", "demand_hash": "45982279fd02adf568cc93c77be445fcb5d57f182e6355a69a272cbc62e6d540", "demand_id": "47425c62-8848-540e-b29e-1be9c101c567", "event_association_status": "CONFIRMED", "facts": [{"admission": "ADMITTED", "admission_hash": "0575d86e4487c729af0e862503ad5c7730eb595dbf8d73acb9dcd5bb343c99a0", "admission_id": "a7fe2c2f-5a90-4956-b37c-b73e34ecc919", "association": "CONFIRMED", "association_hash": "7d40323991d115613e7a78199886401e128ec7a7255361dcf79c38d9687cc9d3", "association_id": "0c06ed7d-59d0-4ef4-aa3e-3768f09d5986", "contradicts": false, "effective_at": "2026-10-01T14:50:39.970634+00:00", "event_id": "2d426e30-e4bf-4f45-ad34-24d6fef2b651", "exercise": "fixture:cycle", "fact_hash": "420cdfa5ed5b4da4af38bea86a735d8377a1a1f5feeca8c5ae1c1f54b9701d81", "fact_id": "1719fecc-c66c-4c7b-966b-c21a2c1ba1bc", "lower_minutes": 10, "policy_id": "054b27f8-a1f8-469d-aa51-f9662ce6d268", "replaces_slot": "prior-slot", "retracted": false, "scope": "TEST_ONLY", "semantic_class": "ACTUAL_EXECUTION", "subject_id": "ab80d5d2-5250-46e1-8433-81b8ed6c6570", "upper_minutes": 10, "valid_until": "2026-10-01T16:50:39.970634+00:00"}], "fitness_hash": "35f56031be8371de4d9fefd3bf1438e15e142193842f8b67cb0ebe533612650d", "fitness_id": "3d33d8bc-0d5a-50ee-b669-ee4c3d3cdcaf", "id": "ef36098f-753b-53e1-b98d-70c584618709", "kind": "RESOLUTION", "manifest_hash": "65343b411ca20c40b51e4cb99aaec2ceba594bea033fa552883ba0deb78250a0", "manifest_id": "0908cb8d-26a6-4864-b75a-5b13a8798712", "nutrition_hash": "0ce408c77a28fab4d1f21eec9e5093ed05dde2e6b23886be5bc944d626810c7b", "nutrition_id": "74a4625c-2da1-5d81-85d4-d0f45c06f5e2", "policy_hash": "9508532fa92f47115735463318f0ea5b62a71f843ff62648442ffdb0cf442278", "policy_id": "054b27f8-a1f8-469d-aa51-f9662ce6d268", "proposal_hash": "35f56031be8371de4d9fefd3bf1438e15e142193842f8b67cb0ebe533612650d", "proposal_id": "3d33d8bc-0d5a-50ee-b669-ee4c3d3cdcaf", "query_basis_hash": "5dac700b489fbdc030ab13cbbef58fa79985287572bdbe28576d3d1d2be0a6fa", "request_id": "a0a3dbef-0313-447f-9df9-ef788b0f4044", "request_revision": 1, "resolution_expires_at": "2026-10-01T16:50:39.970634+00:00", "root_id": "68519e5a-7d1a-4fa7-88c5-caf51d7f32d4", "runtime_version": "kl079-full-actions-v1", "snapshot_id": "69c29aa0-5b42-4c5f-8693-5bf5744a3ca5", "source_hash": "428acd42abfee69e23760b9d9b0b3d68bac31c342ae3703fae5bf2fc2c7324ef", "source_id": "fa660869-bdcf-504d-af94-8fcc9db47808", "source_members": ["0c06ed7d-59d0-4ef4-aa3e-3768f09d5986", "1719fecc-c66c-4c7b-966b-c21a2c1ba1bc", "a7fe2c2f-5a90-4956-b37c-b73e34ecc919"], "source_ranges": ["2026-09-30T15:50:39.970634+00:00", "2026-10-01T16:50:39.970634+00:00"], "subject_id": "ab80d5d2-5250-46e1-8433-81b8ed6c6570", "superseded_or_retracted_items": [], "supporting_events": ["2d426e30-e4bf-4f45-ad34-24d6fef2b651"], "truncation_status": "NOT_TRUNCATED", "version": "kl076-mechanical-test-v1"}}, "event": "cad82916-ff35-4786-a384-26337995d842", "hash": "340d0cbc7e35718059db45899cc211ca37f265ca82e28843beb92ca87b7e8d87", "id": "ef36098f-753b-53e1-b98d-70c584618709", "kind": "full_output", "owner": "ResolveEvidence", "payload": {"action_parameters_hash": "f863709ebb1218374d5c57e23c2de587f9f616ac436ec20eb3d2f983ed1bb000", "action_type": "TRAINING", "attempt_id": "e9939336-1889-404e-b89d-185c00d8049d", "captured_epoch": 1, "consistency": "CONSISTENT", "context_hash": "93938ff5ae90fb7d6a7d6de7810b691c5624a89baab7e5c4505707b9839d6979", "contract": "kl079-full-actions-v1", "contradicting_events": [], "coverage": "COMPLETE_FOR_POLICY", "demand_hash": "45982279fd02adf568cc93c77be445fcb5d57f182e6355a69a272cbc62e6d540", "demand_id": "47425c62-8848-540e-b29e-1be9c101c567", "event_association_status": "CONFIRMED", "facts": [{"admission": "ADMITTED", "admission_hash": "0575d86e4487c729af0e862503ad5c7730eb595dbf8d73acb9dcd5bb343c99a0", "admission_id": "a7fe2c2f-5a90-4956-b37c-b73e34ecc919", "association": "CONFIRMED", "association_hash": "7d40323991d115613e7a78199886401e128ec7a7255361dcf79c38d9687cc9d3", "association_id": "0c06ed7d-59d0-4ef4-aa3e-3768f09d5986", "contradicts": false, "effective_at": "2026-10-01T14:50:39.970634+00:00", "event_id": "2d426e30-e4bf-4f45-ad34-24d6fef2b651", "exercise": "fixture:cycle", "fact_hash": "420cdfa5ed5b4da4af38bea86a735d8377a1a1f5feeca8c5ae1c1f54b9701d81", "fact_id": "1719fecc-c66c-4c7b-966b-c21a2c1ba1bc", "lower_minutes": 10, "policy_id": "054b27f8-a1f8-469d-aa51-f9662ce6d268", "replaces_slot": "prior-slot", "retracted": false, "scope": "TEST_ONLY", "semantic_class": "ACTUAL_EXECUTION", "subject_id": "ab80d5d2-5250-46e1-8433-81b8ed6c6570", "upper_minutes": 10, "valid_until": "2026-10-01T16:50:39.970634+00:00"}], "fitness_hash": "35f56031be8371de4d9fefd3bf1438e15e142193842f8b67cb0ebe533612650d", "fitness_id": "3d33d8bc-0d5a-50ee-b669-ee4c3d3cdcaf", "id": "ef36098f-753b-53e1-b98d-70c584618709", "kind": "RESOLUTION", "manifest_hash": "65343b411ca20c40b51e4cb99aaec2ceba594bea033fa552883ba0deb78250a0", "manifest_id": "0908cb8d-26a6-4864-b75a-5b13a8798712", "nutrition_hash": "0ce408c77a28fab4d1f21eec9e5093ed05dde2e6b23886be5bc944d626810c7b", "nutrition_id": "74a4625c-2da1-5d81-85d4-d0f45c06f5e2", "policy_hash": "9508532fa92f47115735463318f0ea5b62a71f843ff62648442ffdb0cf442278", "policy_id": "054b27f8-a1f8-469d-aa51-f9662ce6d268", "proposal_hash": "35f56031be8371de4d9fefd3bf1438e15e142193842f8b67cb0ebe533612650d", "proposal_id": "3d33d8bc-0d5a-50ee-b669-ee4c3d3cdcaf", "query_basis_hash": "5dac700b489fbdc030ab13cbbef58fa79985287572bdbe28576d3d1d2be0a6fa", "request_id": "a0a3dbef-0313-447f-9df9-ef788b0f4044", "request_revision": 1, "resolution_expires_at": "2026-10-01T16:50:39.970634+00:00", "root_id": "68519e5a-7d1a-4fa7-88c5-caf51d7f32d4", "runtime_version": "kl079-full-actions-v1", "snapshot_id": "69c29aa0-5b42-4c5f-8693-5bf5744a3ca5", "source_hash": "428acd42abfee69e23760b9d9b0b3d68bac31c342ae3703fae5bf2fc2c7324ef", "source_id": "fa660869-bdcf-504d-af94-8fcc9db47808", "source_members": ["0c06ed7d-59d0-4ef4-aa3e-3768f09d5986", "1719fecc-c66c-4c7b-966b-c21a2c1ba1bc", "a7fe2c2f-5a90-4956-b37c-b73e34ecc919"], "source_ranges": ["2026-09-30T15:50:39.970634+00:00", "2026-10-01T16:50:39.970634+00:00"], "subject_id": "ab80d5d2-5250-46e1-8433-81b8ed6c6570", "superseded_or_retracted_items": [], "supporting_events": ["2d426e30-e4bf-4f45-ad34-24d6fef2b651"], "truncation_status": "NOT_TRUNCATED", "version": "kl076-mechanical-test-v1"}, "receipt": "880e8c0e-add4-47d1-b805-d19e726ed851"}
FIXTURE_EVIDENCE {"accepted_at": "2026-10-01 15:50:40.516475+00:00", "columns": {"action_parameters_hash": "8194b165ac609544d7c59fdf8b67104428844897e8172181508102e379fa6a39", "action_type": "NUTRITION", "content_hash": "bfd77db071942943f09329ba96168d9c98b84f457f50ebfbd1bfad599b74b714", "content_schema_version": 1, "effective_at": null, "hash_scheme_version": 1, "id": "b9f2e8e2-29da-5806-8248-c4b0c9c1c43a", "known_at": null, "query_basis_hash": "248c6cbc9232639ca1ded890974117ce18cae051e3fdff65a7baf4b220c71b9e", "recorded_at": "2026-10-01T15:50:40.512672+00:00", "ref_s05_id": "054b27f8-a1f8-469d-aa51-f9662ce6d268", "ref_s09_id": null, "ref_s12_id": null, "ref_s14_id": null, "ref_s24_id": "0908cb8d-26a6-4864-b75a-5b13a8798712", "resolution_expires_at": "2026-10-01T16:50:39.970634+00:00", "resolver_version": "kl079-full-actions-v1", "revision": 1, "status": null, "subject_id": "ab80d5d2-5250-46e1-8433-81b8ed6c6570", "typed_payload": {"action_parameters_hash": "8194b165ac609544d7c59fdf8b67104428844897e8172181508102e379fa6a39", "action_type": "NUTRITION", "attempt_id": "e9939336-1889-404e-b89d-185c00d8049d", "captured_epoch": 1, "consistency": "CONSISTENT", "context_hash": "93938ff5ae90fb7d6a7d6de7810b691c5624a89baab7e5c4505707b9839d6979", "contract": "kl079-full-actions-v1", "contradicting_events": [], "coverage": "COMPLETE_FOR_POLICY", "demand_hash": "45982279fd02adf568cc93c77be445fcb5d57f182e6355a69a272cbc62e6d540", "demand_id": "47425c62-8848-540e-b29e-1be9c101c567", "event_association_status": "CONFIRMED", "facts": [{"admission": "ADMITTED", "admission_hash": "0575d86e4487c729af0e862503ad5c7730eb595dbf8d73acb9dcd5bb343c99a0", "admission_id": "a7fe2c2f-5a90-4956-b37c-b73e34ecc919", "association": "CONFIRMED", "association_hash": "7d40323991d115613e7a78199886401e128ec7a7255361dcf79c38d9687cc9d3", "association_id": "0c06ed7d-59d0-4ef4-aa3e-3768f09d5986", "contradicts": false, "effective_at": "2026-10-01T14:50:39.970634+00:00", "event_id": "2d426e30-e4bf-4f45-ad34-24d6fef2b651", "exercise": "fixture:cycle", "fact_hash": "420cdfa5ed5b4da4af38bea86a735d8377a1a1f5feeca8c5ae1c1f54b9701d81", "fact_id": "1719fecc-c66c-4c7b-966b-c21a2c1ba1bc", "lower_minutes": 10, "policy_id": "054b27f8-a1f8-469d-aa51-f9662ce6d268", "replaces_slot": "prior-slot", "retracted": false, "scope": "TEST_ONLY", "semantic_class": "ACTUAL_EXECUTION", "subject_id": "ab80d5d2-5250-46e1-8433-81b8ed6c6570", "upper_minutes": 10, "valid_until": "2026-10-01T16:50:39.970634+00:00"}], "fitness_hash": "35f56031be8371de4d9fefd3bf1438e15e142193842f8b67cb0ebe533612650d", "fitness_id": "3d33d8bc-0d5a-50ee-b669-ee4c3d3cdcaf", "id": "b9f2e8e2-29da-5806-8248-c4b0c9c1c43a", "kind": "RESOLUTION", "manifest_hash": "65343b411ca20c40b51e4cb99aaec2ceba594bea033fa552883ba0deb78250a0", "manifest_id": "0908cb8d-26a6-4864-b75a-5b13a8798712", "nutrition_hash": "0ce408c77a28fab4d1f21eec9e5093ed05dde2e6b23886be5bc944d626810c7b", "nutrition_id": "74a4625c-2da1-5d81-85d4-d0f45c06f5e2", "policy_hash": "9508532fa92f47115735463318f0ea5b62a71f843ff62648442ffdb0cf442278", "policy_id": "054b27f8-a1f8-469d-aa51-f9662ce6d268", "proposal_hash": "0ce408c77a28fab4d1f21eec9e5093ed05dde2e6b23886be5bc944d626810c7b", "proposal_id": "74a4625c-2da1-5d81-85d4-d0f45c06f5e2", "query_basis_hash": "248c6cbc9232639ca1ded890974117ce18cae051e3fdff65a7baf4b220c71b9e", "request_id": "a0a3dbef-0313-447f-9df9-ef788b0f4044", "request_revision": 1, "resolution_expires_at": "2026-10-01T16:50:39.970634+00:00", "root_id": "68519e5a-7d1a-4fa7-88c5-caf51d7f32d4", "runtime_version": "kl079-full-actions-v1", "snapshot_id": "69c29aa0-5b42-4c5f-8693-5bf5744a3ca5", "source_hash": "428acd42abfee69e23760b9d9b0b3d68bac31c342ae3703fae5bf2fc2c7324ef", "source_id": "fa660869-bdcf-504d-af94-8fcc9db47808", "source_members": ["0c06ed7d-59d0-4ef4-aa3e-3768f09d5986", "1719fecc-c66c-4c7b-966b-c21a2c1ba1bc", "a7fe2c2f-5a90-4956-b37c-b73e34ecc919"], "source_ranges": ["2026-09-30T15:50:39.970634+00:00", "2026-10-01T16:50:39.970634+00:00"], "subject_id": "ab80d5d2-5250-46e1-8433-81b8ed6c6570", "superseded_or_retracted_items": [], "supporting_events": ["2d426e30-e4bf-4f45-ad34-24d6fef2b651"], "truncation_status": "NOT_TRUNCATED", "version": "kl076-mechanical-test-v1"}}, "event": "fcca7dbb-6a88-456b-9005-181455dc7569", "hash": "bfd77db071942943f09329ba96168d9c98b84f457f50ebfbd1bfad599b74b714", "id": "b9f2e8e2-29da-5806-8248-c4b0c9c1c43a", "kind": "full_output", "owner": "ResolveEvidence", "payload": {"action_parameters_hash": "8194b165ac609544d7c59fdf8b67104428844897e8172181508102e379fa6a39", "action_type": "NUTRITION", "attempt_id": "e9939336-1889-404e-b89d-185c00d8049d", "captured_epoch": 1, "consistency": "CONSISTENT", "context_hash": "93938ff5ae90fb7d6a7d6de7810b691c5624a89baab7e5c4505707b9839d6979", "contract": "kl079-full-actions-v1", "contradicting_events": [], "coverage": "COMPLETE_FOR_POLICY", "demand_hash": "45982279fd02adf568cc93c77be445fcb5d57f182e6355a69a272cbc62e6d540", "demand_id": "47425c62-8848-540e-b29e-1be9c101c567", "event_association_status": "CONFIRMED", "facts": [{"admission": "ADMITTED", "admission_hash": "0575d86e4487c729af0e862503ad5c7730eb595dbf8d73acb9dcd5bb343c99a0", "admission_id": "a7fe2c2f-5a90-4956-b37c-b73e34ecc919", "association": "CONFIRMED", "association_hash": "7d40323991d115613e7a78199886401e128ec7a7255361dcf79c38d9687cc9d3", "association_id": "0c06ed7d-59d0-4ef4-aa3e-3768f09d5986", "contradicts": false, "effective_at": "2026-10-01T14:50:39.970634+00:00", "event_id": "2d426e30-e4bf-4f45-ad34-24d6fef2b651", "exercise": "fixture:cycle", "fact_hash": "420cdfa5ed5b4da4af38bea86a735d8377a1a1f5feeca8c5ae1c1f54b9701d81", "fact_id": "1719fecc-c66c-4c7b-966b-c21a2c1ba1bc", "lower_minutes": 10, "policy_id": "054b27f8-a1f8-469d-aa51-f9662ce6d268", "replaces_slot": "prior-slot", "retracted": false, "scope": "TEST_ONLY", "semantic_class": "ACTUAL_EXECUTION", "subject_id": "ab80d5d2-5250-46e1-8433-81b8ed6c6570", "upper_minutes": 10, "valid_until": "2026-10-01T16:50:39.970634+00:00"}], "fitness_hash": "35f56031be8371de4d9fefd3bf1438e15e142193842f8b67cb0ebe533612650d", "fitness_id": "3d33d8bc-0d5a-50ee-b669-ee4c3d3cdcaf", "id": "b9f2e8e2-29da-5806-8248-c4b0c9c1c43a", "kind": "RESOLUTION", "manifest_hash": "65343b411ca20c40b51e4cb99aaec2ceba594bea033fa552883ba0deb78250a0", "manifest_id": "0908cb8d-26a6-4864-b75a-5b13a8798712", "nutrition_hash": "0ce408c77a28fab4d1f21eec9e5093ed05dde2e6b23886be5bc944d626810c7b", "nutrition_id": "74a4625c-2da1-5d81-85d4-d0f45c06f5e2", "policy_hash": "9508532fa92f47115735463318f0ea5b62a71f843ff62648442ffdb0cf442278", "policy_id": "054b27f8-a1f8-469d-aa51-f9662ce6d268", "proposal_hash": "0ce408c77a28fab4d1f21eec9e5093ed05dde2e6b23886be5bc944d626810c7b", "proposal_id": "74a4625c-2da1-5d81-85d4-d0f45c06f5e2", "query_basis_hash": "248c6cbc9232639ca1ded890974117ce18cae051e3fdff65a7baf4b220c71b9e", "request_id": "a0a3dbef-0313-447f-9df9-ef788b0f4044", "request_revision": 1, "resolution_expires_at": "2026-10-01T16:50:39.970634+00:00", "root_id": "68519e5a-7d1a-4fa7-88c5-caf51d7f32d4", "runtime_version": "kl079-full-actions-v1", "snapshot_id": "69c29aa0-5b42-4c5f-8693-5bf5744a3ca5", "source_hash": "428acd42abfee69e23760b9d9b0b3d68bac31c342ae3703fae5bf2fc2c7324ef", "source_id": "fa660869-bdcf-504d-af94-8fcc9db47808", "source_members": ["0c06ed7d-59d0-4ef4-aa3e-3768f09d5986", "1719fecc-c66c-4c7b-966b-c21a2c1ba1bc", "a7fe2c2f-5a90-4956-b37c-b73e34ecc919"], "source_ranges": ["2026-09-30T15:50:39.970634+00:00", "2026-10-01T16:50:39.970634+00:00"], "subject_id": "ab80d5d2-5250-46e1-8433-81b8ed6c6570", "superseded_or_retracted_items": [], "supporting_events": ["2d426e30-e4bf-4f45-ad34-24d6fef2b651"], "truncation_status": "NOT_TRUNCATED", "version": "kl076-mechanical-test-v1"}, "receipt": "9a0946e2-bf2f-4116-bc6c-b1d7aa6109f3"}
FIXTURE_EVIDENCE {"accepted_at": "2026-10-01 15:50:40.554213+00:00", "columns": {"content_hash": "f0dddaa4fdd4cf46625de8a50732942b5ff1d4a603b7670e6fa170c0f2108ad8", "content_schema_version": 1, "effective_at": null, "hash_scheme_version": 1, "id": "d82b619d-fd11-5f14-9c8a-f970e5cab23a", "known_at": null, "recorded_at": "2026-10-01T15:50:40.550322+00:00", "ref_s03_id": "9418e4f3-432f-41e8-a90f-623066d6cf6c", "ref_s05_id": "054b27f8-a1f8-469d-aa51-f9662ce6d268", "ref_s24_id": "0908cb8d-26a6-4864-b75a-5b13a8798712", "ref_s28_id": "a0a3dbef-0313-447f-9df9-ef788b0f4044", "ref_s29_id": "e9939336-1889-404e-b89d-185c00d8049d", "ref_s34_id": "74a4625c-2da1-5d81-85d4-d0f45c06f5e2", "ref_s35_id": "47425c62-8848-540e-b29e-1be9c101c567", "ref_s36_id": "ef36098f-753b-53e1-b98d-70c584618709", "result": "PASS", "revision": 1, "status": null, "subject_id": "ab80d5d2-5250-46e1-8433-81b8ed6c6570", "typed_payload": {"action_bindings": [{"action_parameters_hash": "f863709ebb1218374d5c57e23c2de587f9f616ac436ec20eb3d2f983ed1bb000", "action_type": "TRAINING", "proposal_hash": "35f56031be8371de4d9fefd3bf1438e15e142193842f8b67cb0ebe533612650d", "proposal_id": "3d33d8bc-0d5a-50ee-b669-ee4c3d3cdcaf", "query_basis_hash": "5dac700b489fbdc030ab13cbbef58fa79985287572bdbe28576d3d1d2be0a6fa", "resolution_hash": "340d0cbc7e35718059db45899cc211ca37f265ca82e28843beb92ca87b7e8d87", "resolution_id": "ef36098f-753b-53e1-b98d-70c584618709"}, {"action_parameters_hash": "8194b165ac609544d7c59fdf8b67104428844897e8172181508102e379fa6a39", "action_type": "NUTRITION", "proposal_hash": "0ce408c77a28fab4d1f21eec9e5093ed05dde2e6b23886be5bc944d626810c7b", "proposal_id": "74a4625c-2da1-5d81-85d4-d0f45c06f5e2", "query_basis_hash": "248c6cbc9232639ca1ded890974117ce18cae051e3fdff65a7baf4b220c71b9e", "resolution_hash": "bfd77db071942943f09329ba96168d9c98b84f457f50ebfbd1bfad599b74b714", "resolution_id": "b9f2e8e2-29da-5806-8248-c4b0c9c1c43a"}], "attempt_id": "e9939336-1889-404e-b89d-185c00d8049d", "captured_epoch": 1, "context_hash": "93938ff5ae90fb7d6a7d6de7810b691c5624a89baab7e5c4505707b9839d6979", "contract": "kl079-full-actions-v1", "deduplicated_events": ["2d426e30-e4bf-4f45-ad34-24d6fef2b651"], "demand_hash": "45982279fd02adf568cc93c77be445fcb5d57f182e6355a69a272cbc62e6d540", "execution_basis_event_id": "9418e4f3-432f-41e8-a90f-623066d6cf6c", "fitness_hash": "35f56031be8371de4d9fefd3bf1438e15e142193842f8b67cb0ebe533612650d", "fixture_policy_version": "kl079-full-actions-v1", "id": "d82b619d-fd11-5f14-9c8a-f970e5cab23a", "kind": "VALIDATION", "manifest_id": "0908cb8d-26a6-4864-b75a-5b13a8798712", "nutrition_hash": "0ce408c77a28fab4d1f21eec9e5093ed05dde2e6b23886be5bc944d626810c7b", "policy_envelope": "PASS", "policy_hash": "9508532fa92f47115735463318f0ea5b62a71f843ff62648442ffdb0cf442278", "policy_id": "054b27f8-a1f8-469d-aa51-f9662ce6d268", "replaced_slots": ["prior-slot"], "request_id": "a0a3dbef-0313-447f-9df9-ef788b0f4044", "request_revision": 1, "required_actions": ["TRAINING", "NUTRITION"], "resolution_hash": "340d0cbc7e35718059db45899cc211ca37f265ca82e28843beb92ca87b7e8d87", "rolling_minutes": 40, "root_id": "68519e5a-7d1a-4fa7-88c5-caf51d7f32d4", "semantic_validation": "PASS", "snapshot_id": "69c29aa0-5b42-4c5f-8693-5bf5744a3ca5", "source_ranges": ["2026-09-30T15:50:39.970634+00:00", "2026-10-01T16:50:39.970634+00:00"], "subject_id": "ab80d5d2-5250-46e1-8433-81b8ed6c6570", "valid_until": "2026-10-01T16:50:39.970634+00:00", "version": "kl076-mechanical-test-v1"}, "valid_until": "2026-10-01T16:50:39.970634+00:00", "validator_artifact": "e6c4ec3e-0c16-4cd6-a983-1cee082a4b83:kl079-full-actions-v1:47141293664d61f6dffde2ef2550b381be3062798b82a38a2f890be50e3c8f8a"}, "event": "81f427b9-43d8-457c-bb49-58a5e06a3075", "hash": "f0dddaa4fdd4cf46625de8a50732942b5ff1d4a603b7670e6fa170c0f2108ad8", "id": "d82b619d-fd11-5f14-9c8a-f970e5cab23a", "kind": "full_output", "owner": "RecordValidation", "payload": {"action_bindings": [{"action_parameters_hash": "f863709ebb1218374d5c57e23c2de587f9f616ac436ec20eb3d2f983ed1bb000", "action_type": "TRAINING", "proposal_hash": "35f56031be8371de4d9fefd3bf1438e15e142193842f8b67cb0ebe533612650d", "proposal_id": "3d33d8bc-0d5a-50ee-b669-ee4c3d3cdcaf", "query_basis_hash": "5dac700b489fbdc030ab13cbbef58fa79985287572bdbe28576d3d1d2be0a6fa", "resolution_hash": "340d0cbc7e35718059db45899cc211ca37f265ca82e28843beb92ca87b7e8d87", "resolution_id": "ef36098f-753b-53e1-b98d-70c584618709"}, {"action_parameters_hash": "8194b165ac609544d7c59fdf8b67104428844897e8172181508102e379fa6a39", "action_type": "NUTRITION", "proposal_hash": "0ce408c77a28fab4d1f21eec9e5093ed05dde2e6b23886be5bc944d626810c7b", "proposal_id": "74a4625c-2da1-5d81-85d4-d0f45c06f5e2", "query_basis_hash": "248c6cbc9232639ca1ded890974117ce18cae051e3fdff65a7baf4b220c71b9e", "resolution_hash": "bfd77db071942943f09329ba96168d9c98b84f457f50ebfbd1bfad599b74b714", "resolution_id": "b9f2e8e2-29da-5806-8248-c4b0c9c1c43a"}], "attempt_id": "e9939336-1889-404e-b89d-185c00d8049d", "captured_epoch": 1, "context_hash": "93938ff5ae90fb7d6a7d6de7810b691c5624a89baab7e5c4505707b9839d6979", "contract": "kl079-full-actions-v1", "deduplicated_events": ["2d426e30-e4bf-4f45-ad34-24d6fef2b651"], "demand_hash": "45982279fd02adf568cc93c77be445fcb5d57f182e6355a69a272cbc62e6d540", "execution_basis_event_id": "9418e4f3-432f-41e8-a90f-623066d6cf6c", "fitness_hash": "35f56031be8371de4d9fefd3bf1438e15e142193842f8b67cb0ebe533612650d", "fixture_policy_version": "kl079-full-actions-v1", "id": "d82b619d-fd11-5f14-9c8a-f970e5cab23a", "kind": "VALIDATION", "manifest_id": "0908cb8d-26a6-4864-b75a-5b13a8798712", "nutrition_hash": "0ce408c77a28fab4d1f21eec9e5093ed05dde2e6b23886be5bc944d626810c7b", "policy_envelope": "PASS", "policy_hash": "9508532fa92f47115735463318f0ea5b62a71f843ff62648442ffdb0cf442278", "policy_id": "054b27f8-a1f8-469d-aa51-f9662ce6d268", "replaced_slots": ["prior-slot"], "request_id": "a0a3dbef-0313-447f-9df9-ef788b0f4044", "request_revision": 1, "required_actions": ["TRAINING", "NUTRITION"], "resolution_hash": "340d0cbc7e35718059db45899cc211ca37f265ca82e28843beb92ca87b7e8d87", "rolling_minutes": 40, "root_id": "68519e5a-7d1a-4fa7-88c5-caf51d7f32d4", "semantic_validation": "PASS", "snapshot_id": "69c29aa0-5b42-4c5f-8693-5bf5744a3ca5", "source_ranges": ["2026-09-30T15:50:39.970634+00:00", "2026-10-01T16:50:39.970634+00:00"], "subject_id": "ab80d5d2-5250-46e1-8433-81b8ed6c6570", "valid_until": "2026-10-01T16:50:39.970634+00:00", "version": "kl076-mechanical-test-v1"}, "receipt": "85dbdc2b-709c-4bc9-846b-fcd6263ffa07"}
FIXTURE_EVIDENCE {"dimension": "runtime_revoked", "error": "known unrevoked bounded fixture runtime required", "kind": "consumer_denial", "stage": "ACTUAL_COMMIT_READY_OWNER", "zero_effects": true}
.FIXTURE_EVIDENCE {"compose": "kineticloop-kl079-full-949bbd5-90cbd6dddc92", "database": "kineticloop_kl079_full_949bbd5_90cbd6dddc92", "elapsed": 5.864177749957889, "inventory": ["bootstrap_two_phase(selected_lifecycle)", "reset", "start", "destroy"], "kind": "cleanup", "remaining_resources": {"container": "", "network": "", "volume": ""}}
INFO  [alembic.runtime.migration] Context impl PostgresqlImpl.
INFO  [alembic.runtime.migration] Will assume transactional DDL.
INFO  [alembic.runtime.migration] Running upgrade  -> 76fd67f76bd4, frozen S01-S51 baseline
INFO  [alembic.runtime.migration] Context impl PostgresqlImpl.
INFO  [alembic.runtime.migration] Will assume transactional DDL.
INFO  [alembic.runtime.migration] Running upgrade 76fd67f76bd4 -> a3f91c7d2e10, migrated SafetyRegistry integration and role-owner hardening
INFO  [alembic.runtime.migration] Running upgrade a3f91c7d2e10 -> b6e4d8a1c927, trusted artifact registration and bounded dependency admission
INFO  [alembic.runtime.migration] Running upgrade b6e4d8a1c927 -> d4c1a9e7b203, production, test, and evaluation subject namespace isolation
INFO  [alembic.runtime.migration] Running upgrade d4c1a9e7b203 -> e8c2f1a6b904, Materialize frozen S27 active partition uniqueness (legacy PENDING = ADMITTED).
NAMESPACE_PU DatabaseNamespace(project_name='kineticloop-kl079-full-949bbd5-90cbd6dddc92', database_name='kineticloop_kl079_full_949bbd5_90cbd6dddc92') negative_controls=foreign_root,sha,digest,label,ambient,nested_cleanup nested_inventory ['bootstrap_two_phase(selected_lifecycle)', 'destroy']
FIXTURE_EVIDENCE {"bootstrap_elapsed": 4.517105333972722, "compose": "kineticloop-kl079-full-949bbd5-90cbd6dddc92", "database": "kineticloop_kl079_full_949bbd5_90cbd6dddc92", "kind": "namespace", "migration": "e8c2f1a6b904", "nested_routes": ["bootstrap_two_phase(selected_lifecycle)", "reset", "start", "compose/_run", "validate_current_database_before_every_source/owner/reset", "finally_destroy"], "resolved_root": "/Users/davetian/.codex/worktrees/685e/KineticLoop", "tested_commit": "949bbd530061ecb3644998719fe998f86cad999e"}
FIXTURE_EVIDENCE {"hash": "47141293664d61f6dffde2ef2550b381be3062798b82a38a2f890be50e3c8f8a", "id": "2158c220-16bd-400f-9b2b-1b1fc1e4dad2", "immutable_dependencies": ["c9f82f3b-d924-4cb0-9c85-506b77d6abf9", "e964fda3-4b75-4589-b313-7ec7e95a604d"], "kind": "runtime_registration", "owner": "SafetyRegistry.RegisterArtifact", "version": "kl079-full-actions-v1"}
FIXTURE_EVIDENCE {"epoch": 1, "factset": "9db4e5ea-4c22-543f-b267-295298733b09", "kind": "upstream", "membership_digest": "eab7788603ec3c234b949864535981dd471d8e87a2e8ba15cee73ea75f28e178", "projection": {"dependency_ids": ["1c1867e2-f515-5bd2-861b-606b10a53394", "3829bf07-85c7-512e-9a11-fbe1aae3f065", "418b9edc-216a-5eb3-9ce8-8d725b2fc3bd", "475688ec-1a1f-5aef-912f-5e5cb8ff7864", "74901756-a8f8-53f6-a5f5-57f6256ebd1b", "fddbd7c4-61fe-5eb8-8df6-5dad76e41b4d"], "executable": false, "input_basis_hash": "96f097f7ee9f34782efbc53ea2d4af15284b35d2993f7ade6f523b987bea1f63", "projection_id": "75c80e10-b09b-5df2-b893-32db709509c8", "revision": 1}, "publication": {"event_id": "3438293c-ef67-4857-8c66-87891e699edd", "executable": false, "generation": 1, "manifest_id": "9ec1ea5b-c90a-439e-aaea-97a16626a839", "receipt_id": "faf4f0d1-6ad9-47df-a42a-5b0a566469fa", "replayed": false}, "ready": {"artifact_dependency_closure_hash": "56c8596f186564fa64c11c556871522c75272afd66b62571f2ab08b7ca1b7c06", "build_id": "3a4775db-cf91-5b68-81ec-e9b5470a29f0", "dependency_basis_hash": "cf96fda3336d450cffc5b2425346eab4ffa0feed742fd3c777c9b7f3d61e9d92", "executable": false, "manifest_hash": "fc300858442326def57ddb7eb4d93d8613cda025e8c12a7fd8ce9c567e05b5d9", "status": "READY"}, "subject": "009009ef-2351-42bc-948e-726ff01c5a9f"}
FIXTURE_EVIDENCE {"accepted_at": "2026-10-01 15:50:46.961263+00:00", "columns": {"action_parameters_hash": "f863709ebb1218374d5c57e23c2de587f9f616ac436ec20eb3d2f983ed1bb000", "action_type": "TRAINING", "content_hash": "453963f30a9bcadb74a46453748ea70c02341f69246263fb0fd64ab38127098e", "content_schema_version": 1, "effective_at": null, "hash_scheme_version": 1, "id": "1acba9e8-ea27-52b4-9659-1d81fe09f0e4", "known_at": null, "query_basis_hash": "d0d72dc98eb1a9c3837fd68d2de93cad96581e581fbe2eac481b5b3e65481a7e", "recorded_at": "2026-10-01T15:50:46.955233+00:00", "ref_s05_id": "3d0c77fa-482d-4327-b2a6-e83f52095d39", "ref_s09_id": null, "ref_s12_id": null, "ref_s14_id": null, "ref_s24_id": "9ec1ea5b-c90a-439e-aaea-97a16626a839", "resolution_expires_at": "2026-10-01T16:50:46.465085+00:00", "resolver_version": "kl079-full-actions-v1", "revision": 1, "status": null, "subject_id": "009009ef-2351-42bc-948e-726ff01c5a9f", "typed_payload": {"action_parameters_hash": "f863709ebb1218374d5c57e23c2de587f9f616ac436ec20eb3d2f983ed1bb000", "action_type": "TRAINING", "attempt_id": "7a859bdc-d28e-4744-9028-ed14cca7f001", "captured_epoch": 1, "consistency": "CONSISTENT", "context_hash": "9c8ef17dd3dec0359a1d8d0a82c59906ea2f202b1cf4402a2314d12b94002cad", "contract": "kl079-full-actions-v1", "contradicting_events": [], "coverage": "COMPLETE_FOR_POLICY", "demand_hash": "212011f9e77a27a9b368a5f3727e9d10331390ebca3fea65172d6624d3ae0574", "demand_id": "dae79ef7-31e2-56c6-b94b-4f8157197373", "event_association_status": "CONFIRMED", "facts": [{"admission": "ADMITTED", "admission_hash": "d6eb97489c32012c2c80257d8aecd93dd0feb04c207bdfd0b142d7aa63a40183", "admission_id": "e0708505-bd01-4f5b-b622-f547dd9aaa5f", "association": "CONFIRMED", "association_hash": "5d0d0761659cb28a5a66c8f8262a81a51c6aa6e5202fdf8c46183e733dcb8903", "association_id": "bc51f759-884f-44b5-80b4-ef0a46a1c3d0", "contradicts": false, "effective_at": "2026-10-01T14:50:46.465085+00:00", "event_id": "7ce97c71-0e25-4f5f-99f2-2aeb1d04961e", "exercise": "fixture:cycle", "fact_hash": "44804d2d0fdbea7b35cf5b3ce5fb06a00140dd0d12ac5dcb373f4df0ea7f7341", "fact_id": "fa19659b-9b59-4e64-b93d-c16e354ac83c", "lower_minutes": 10, "policy_id": "3d0c77fa-482d-4327-b2a6-e83f52095d39", "replaces_slot": "prior-slot", "retracted": false, "scope": "TEST_ONLY", "semantic_class": "ACTUAL_EXECUTION", "subject_id": "009009ef-2351-42bc-948e-726ff01c5a9f", "upper_minutes": 10, "valid_until": "2026-10-01T16:50:46.465085+00:00"}], "fitness_hash": "a40f74e4804e1ab080c2ececef39a54a0580338f83545a7977d51bc1d55a5482", "fitness_id": "78eb0cc4-fb43-5658-9c40-09c32212d60a", "id": "1acba9e8-ea27-52b4-9659-1d81fe09f0e4", "kind": "RESOLUTION", "manifest_hash": "fc300858442326def57ddb7eb4d93d8613cda025e8c12a7fd8ce9c567e05b5d9", "manifest_id": "9ec1ea5b-c90a-439e-aaea-97a16626a839", "nutrition_hash": "1f3727dec9d4ad0f67642072d7aef2d3ff804f2a15926352eb8d12d7ff618c39", "nutrition_id": "9aefabc8-7fe3-54b9-98e6-275777164dbc", "policy_hash": "670a879d37722572543e6bce909c46130d2802d3a4a5662e33a918c03666e122", "policy_id": "3d0c77fa-482d-4327-b2a6-e83f52095d39", "proposal_hash": "a40f74e4804e1ab080c2ececef39a54a0580338f83545a7977d51bc1d55a5482", "proposal_id": "78eb0cc4-fb43-5658-9c40-09c32212d60a", "query_basis_hash": "d0d72dc98eb1a9c3837fd68d2de93cad96581e581fbe2eac481b5b3e65481a7e", "request_id": "cb5f4224-158a-465c-a1ff-ec9b5dfb4b2e", "request_revision": 1, "resolution_expires_at": "2026-10-01T16:50:46.465085+00:00", "root_id": "84228a6d-adf5-473d-ab2e-59ed72714b16", "runtime_version": "kl079-full-actions-v1", "snapshot_id": "be9e5b2c-1883-4bae-b6d9-d83c1e1c0f11", "source_hash": "cb79e45785492c8d65970fed6d59dc35812f498908b2a2893a9487d37e633119", "source_id": "9db4e5ea-4c22-543f-b267-295298733b09", "source_members": ["bc51f759-884f-44b5-80b4-ef0a46a1c3d0", "e0708505-bd01-4f5b-b622-f547dd9aaa5f", "fa19659b-9b59-4e64-b93d-c16e354ac83c"], "source_ranges": ["2026-09-30T15:50:46.465085+00:00", "2026-10-01T16:50:46.465085+00:00"], "subject_id": "009009ef-2351-42bc-948e-726ff01c5a9f", "superseded_or_retracted_items": [], "supporting_events": ["7ce97c71-0e25-4f5f-99f2-2aeb1d04961e"], "truncation_status": "NOT_TRUNCATED", "version": "kl076-mechanical-test-v1"}}, "event": "79abdb72-080e-412d-94da-6f78eaf27db3", "hash": "453963f30a9bcadb74a46453748ea70c02341f69246263fb0fd64ab38127098e", "id": "1acba9e8-ea27-52b4-9659-1d81fe09f0e4", "kind": "full_output", "owner": "ResolveEvidence", "payload": {"action_parameters_hash": "f863709ebb1218374d5c57e23c2de587f9f616ac436ec20eb3d2f983ed1bb000", "action_type": "TRAINING", "attempt_id": "7a859bdc-d28e-4744-9028-ed14cca7f001", "captured_epoch": 1, "consistency": "CONSISTENT", "context_hash": "9c8ef17dd3dec0359a1d8d0a82c59906ea2f202b1cf4402a2314d12b94002cad", "contract": "kl079-full-actions-v1", "contradicting_events": [], "coverage": "COMPLETE_FOR_POLICY", "demand_hash": "212011f9e77a27a9b368a5f3727e9d10331390ebca3fea65172d6624d3ae0574", "demand_id": "dae79ef7-31e2-56c6-b94b-4f8157197373", "event_association_status": "CONFIRMED", "facts": [{"admission": "ADMITTED", "admission_hash": "d6eb97489c32012c2c80257d8aecd93dd0feb04c207bdfd0b142d7aa63a40183", "admission_id": "e0708505-bd01-4f5b-b622-f547dd9aaa5f", "association": "CONFIRMED", "association_hash": "5d0d0761659cb28a5a66c8f8262a81a51c6aa6e5202fdf8c46183e733dcb8903", "association_id": "bc51f759-884f-44b5-80b4-ef0a46a1c3d0", "contradicts": false, "effective_at": "2026-10-01T14:50:46.465085+00:00", "event_id": "7ce97c71-0e25-4f5f-99f2-2aeb1d04961e", "exercise": "fixture:cycle", "fact_hash": "44804d2d0fdbea7b35cf5b3ce5fb06a00140dd0d12ac5dcb373f4df0ea7f7341", "fact_id": "fa19659b-9b59-4e64-b93d-c16e354ac83c", "lower_minutes": 10, "policy_id": "3d0c77fa-482d-4327-b2a6-e83f52095d39", "replaces_slot": "prior-slot", "retracted": false, "scope": "TEST_ONLY", "semantic_class": "ACTUAL_EXECUTION", "subject_id": "009009ef-2351-42bc-948e-726ff01c5a9f", "upper_minutes": 10, "valid_until": "2026-10-01T16:50:46.465085+00:00"}], "fitness_hash": "a40f74e4804e1ab080c2ececef39a54a0580338f83545a7977d51bc1d55a5482", "fitness_id": "78eb0cc4-fb43-5658-9c40-09c32212d60a", "id": "1acba9e8-ea27-52b4-9659-1d81fe09f0e4", "kind": "RESOLUTION", "manifest_hash": "fc300858442326def57ddb7eb4d93d8613cda025e8c12a7fd8ce9c567e05b5d9", "manifest_id": "9ec1ea5b-c90a-439e-aaea-97a16626a839", "nutrition_hash": "1f3727dec9d4ad0f67642072d7aef2d3ff804f2a15926352eb8d12d7ff618c39", "nutrition_id": "9aefabc8-7fe3-54b9-98e6-275777164dbc", "policy_hash": "670a879d37722572543e6bce909c46130d2802d3a4a5662e33a918c03666e122", "policy_id": "3d0c77fa-482d-4327-b2a6-e83f52095d39", "proposal_hash": "a40f74e4804e1ab080c2ececef39a54a0580338f83545a7977d51bc1d55a5482", "proposal_id": "78eb0cc4-fb43-5658-9c40-09c32212d60a", "query_basis_hash": "d0d72dc98eb1a9c3837fd68d2de93cad96581e581fbe2eac481b5b3e65481a7e", "request_id": "cb5f4224-158a-465c-a1ff-ec9b5dfb4b2e", "request_revision": 1, "resolution_expires_at": "2026-10-01T16:50:46.465085+00:00", "root_id": "84228a6d-adf5-473d-ab2e-59ed72714b16", "runtime_version": "kl079-full-actions-v1", "snapshot_id": "be9e5b2c-1883-4bae-b6d9-d83c1e1c0f11", "source_hash": "cb79e45785492c8d65970fed6d59dc35812f498908b2a2893a9487d37e633119", "source_id": "9db4e5ea-4c22-543f-b267-295298733b09", "source_members": ["bc51f759-884f-44b5-80b4-ef0a46a1c3d0", "e0708505-bd01-4f5b-b622-f547dd9aaa5f", "fa19659b-9b59-4e64-b93d-c16e354ac83c"], "source_ranges": ["2026-09-30T15:50:46.465085+00:00", "2026-10-01T16:50:46.465085+00:00"], "subject_id": "009009ef-2351-42bc-948e-726ff01c5a9f", "superseded_or_retracted_items": [], "supporting_events": ["7ce97c71-0e25-4f5f-99f2-2aeb1d04961e"], "truncation_status": "NOT_TRUNCATED", "version": "kl076-mechanical-test-v1"}, "receipt": "59a60634-173b-4246-b6c3-bca2669c1997"}
FIXTURE_EVIDENCE {"accepted_at": "2026-10-01 15:50:46.993586+00:00", "columns": {"action_parameters_hash": "8194b165ac609544d7c59fdf8b67104428844897e8172181508102e379fa6a39", "action_type": "NUTRITION", "content_hash": "47bfae232b969bbe548be8ebc227b13beedcffddcead96eadd5091d490404b29", "content_schema_version": 1, "effective_at": null, "hash_scheme_version": 1, "id": "aafa99cf-525d-5d56-a77c-20f2c5bd1970", "known_at": null, "query_basis_hash": "33d6c9bf7f586bd0a68440bda42d6da0a06478169e70445dca9bb6a91e26f4df", "recorded_at": "2026-10-01T15:50:46.990022+00:00", "ref_s05_id": "3d0c77fa-482d-4327-b2a6-e83f52095d39", "ref_s09_id": null, "ref_s12_id": null, "ref_s14_id": null, "ref_s24_id": "9ec1ea5b-c90a-439e-aaea-97a16626a839", "resolution_expires_at": "2026-10-01T16:50:46.465085+00:00", "resolver_version": "kl079-full-actions-v1", "revision": 1, "status": null, "subject_id": "009009ef-2351-42bc-948e-726ff01c5a9f", "typed_payload": {"action_parameters_hash": "8194b165ac609544d7c59fdf8b67104428844897e8172181508102e379fa6a39", "action_type": "NUTRITION", "attempt_id": "7a859bdc-d28e-4744-9028-ed14cca7f001", "captured_epoch": 1, "consistency": "CONSISTENT", "context_hash": "9c8ef17dd3dec0359a1d8d0a82c59906ea2f202b1cf4402a2314d12b94002cad", "contract": "kl079-full-actions-v1", "contradicting_events": [], "coverage": "COMPLETE_FOR_POLICY", "demand_hash": "212011f9e77a27a9b368a5f3727e9d10331390ebca3fea65172d6624d3ae0574", "demand_id": "dae79ef7-31e2-56c6-b94b-4f8157197373", "event_association_status": "CONFIRMED", "facts": [{"admission": "ADMITTED", "admission_hash": "d6eb97489c32012c2c80257d8aecd93dd0feb04c207bdfd0b142d7aa63a40183", "admission_id": "e0708505-bd01-4f5b-b622-f547dd9aaa5f", "association": "CONFIRMED", "association_hash": "5d0d0761659cb28a5a66c8f8262a81a51c6aa6e5202fdf8c46183e733dcb8903", "association_id": "bc51f759-884f-44b5-80b4-ef0a46a1c3d0", "contradicts": false, "effective_at": "2026-10-01T14:50:46.465085+00:00", "event_id": "7ce97c71-0e25-4f5f-99f2-2aeb1d04961e", "exercise": "fixture:cycle", "fact_hash": "44804d2d0fdbea7b35cf5b3ce5fb06a00140dd0d12ac5dcb373f4df0ea7f7341", "fact_id": "fa19659b-9b59-4e64-b93d-c16e354ac83c", "lower_minutes": 10, "policy_id": "3d0c77fa-482d-4327-b2a6-e83f52095d39", "replaces_slot": "prior-slot", "retracted": false, "scope": "TEST_ONLY", "semantic_class": "ACTUAL_EXECUTION", "subject_id": "009009ef-2351-42bc-948e-726ff01c5a9f", "upper_minutes": 10, "valid_until": "2026-10-01T16:50:46.465085+00:00"}], "fitness_hash": "a40f74e4804e1ab080c2ececef39a54a0580338f83545a7977d51bc1d55a5482", "fitness_id": "78eb0cc4-fb43-5658-9c40-09c32212d60a", "id": "aafa99cf-525d-5d56-a77c-20f2c5bd1970", "kind": "RESOLUTION", "manifest_hash": "fc300858442326def57ddb7eb4d93d8613cda025e8c12a7fd8ce9c567e05b5d9", "manifest_id": "9ec1ea5b-c90a-439e-aaea-97a16626a839", "nutrition_hash": "1f3727dec9d4ad0f67642072d7aef2d3ff804f2a15926352eb8d12d7ff618c39", "nutrition_id": "9aefabc8-7fe3-54b9-98e6-275777164dbc", "policy_hash": "670a879d37722572543e6bce909c46130d2802d3a4a5662e33a918c03666e122", "policy_id": "3d0c77fa-482d-4327-b2a6-e83f52095d39", "proposal_hash": "1f3727dec9d4ad0f67642072d7aef2d3ff804f2a15926352eb8d12d7ff618c39", "proposal_id": "9aefabc8-7fe3-54b9-98e6-275777164dbc", "query_basis_hash": "33d6c9bf7f586bd0a68440bda42d6da0a06478169e70445dca9bb6a91e26f4df", "request_id": "cb5f4224-158a-465c-a1ff-ec9b5dfb4b2e", "request_revision": 1, "resolution_expires_at": "2026-10-01T16:50:46.465085+00:00", "root_id": "84228a6d-adf5-473d-ab2e-59ed72714b16", "runtime_version": "kl079-full-actions-v1", "snapshot_id": "be9e5b2c-1883-4bae-b6d9-d83c1e1c0f11", "source_hash": "cb79e45785492c8d65970fed6d59dc35812f498908b2a2893a9487d37e633119", "source_id": "9db4e5ea-4c22-543f-b267-295298733b09", "source_members": ["bc51f759-884f-44b5-80b4-ef0a46a1c3d0", "e0708505-bd01-4f5b-b622-f547dd9aaa5f", "fa19659b-9b59-4e64-b93d-c16e354ac83c"], "source_ranges": ["2026-09-30T15:50:46.465085+00:00", "2026-10-01T16:50:46.465085+00:00"], "subject_id": "009009ef-2351-42bc-948e-726ff01c5a9f", "superseded_or_retracted_items": [], "supporting_events": ["7ce97c71-0e25-4f5f-99f2-2aeb1d04961e"], "truncation_status": "NOT_TRUNCATED", "version": "kl076-mechanical-test-v1"}}, "event": "39d2ff3d-adf7-45b0-9622-9845202ea079", "hash": "47bfae232b969bbe548be8ebc227b13beedcffddcead96eadd5091d490404b29", "id": "aafa99cf-525d-5d56-a77c-20f2c5bd1970", "kind": "full_output", "owner": "ResolveEvidence", "payload": {"action_parameters_hash": "8194b165ac609544d7c59fdf8b67104428844897e8172181508102e379fa6a39", "action_type": "NUTRITION", "attempt_id": "7a859bdc-d28e-4744-9028-ed14cca7f001", "captured_epoch": 1, "consistency": "CONSISTENT", "context_hash": "9c8ef17dd3dec0359a1d8d0a82c59906ea2f202b1cf4402a2314d12b94002cad", "contract": "kl079-full-actions-v1", "contradicting_events": [], "coverage": "COMPLETE_FOR_POLICY", "demand_hash": "212011f9e77a27a9b368a5f3727e9d10331390ebca3fea65172d6624d3ae0574", "demand_id": "dae79ef7-31e2-56c6-b94b-4f8157197373", "event_association_status": "CONFIRMED", "facts": [{"admission": "ADMITTED", "admission_hash": "d6eb97489c32012c2c80257d8aecd93dd0feb04c207bdfd0b142d7aa63a40183", "admission_id": "e0708505-bd01-4f5b-b622-f547dd9aaa5f", "association": "CONFIRMED", "association_hash": "5d0d0761659cb28a5a66c8f8262a81a51c6aa6e5202fdf8c46183e733dcb8903", "association_id": "bc51f759-884f-44b5-80b4-ef0a46a1c3d0", "contradicts": false, "effective_at": "2026-10-01T14:50:46.465085+00:00", "event_id": "7ce97c71-0e25-4f5f-99f2-2aeb1d04961e", "exercise": "fixture:cycle", "fact_hash": "44804d2d0fdbea7b35cf5b3ce5fb06a00140dd0d12ac5dcb373f4df0ea7f7341", "fact_id": "fa19659b-9b59-4e64-b93d-c16e354ac83c", "lower_minutes": 10, "policy_id": "3d0c77fa-482d-4327-b2a6-e83f52095d39", "replaces_slot": "prior-slot", "retracted": false, "scope": "TEST_ONLY", "semantic_class": "ACTUAL_EXECUTION", "subject_id": "009009ef-2351-42bc-948e-726ff01c5a9f", "upper_minutes": 10, "valid_until": "2026-10-01T16:50:46.465085+00:00"}], "fitness_hash": "a40f74e4804e1ab080c2ececef39a54a0580338f83545a7977d51bc1d55a5482", "fitness_id": "78eb0cc4-fb43-5658-9c40-09c32212d60a", "id": "aafa99cf-525d-5d56-a77c-20f2c5bd1970", "kind": "RESOLUTION", "manifest_hash": "fc300858442326def57ddb7eb4d93d8613cda025e8c12a7fd8ce9c567e05b5d9", "manifest_id": "9ec1ea5b-c90a-439e-aaea-97a16626a839", "nutrition_hash": "1f3727dec9d4ad0f67642072d7aef2d3ff804f2a15926352eb8d12d7ff618c39", "nutrition_id": "9aefabc8-7fe3-54b9-98e6-275777164dbc", "policy_hash": "670a879d37722572543e6bce909c46130d2802d3a4a5662e33a918c03666e122", "policy_id": "3d0c77fa-482d-4327-b2a6-e83f52095d39", "proposal_hash": "1f3727dec9d4ad0f67642072d7aef2d3ff804f2a15926352eb8d12d7ff618c39", "proposal_id": "9aefabc8-7fe3-54b9-98e6-275777164dbc", "query_basis_hash": "33d6c9bf7f586bd0a68440bda42d6da0a06478169e70445dca9bb6a91e26f4df", "request_id": "cb5f4224-158a-465c-a1ff-ec9b5dfb4b2e", "request_revision": 1, "resolution_expires_at": "2026-10-01T16:50:46.465085+00:00", "root_id": "84228a6d-adf5-473d-ab2e-59ed72714b16", "runtime_version": "kl079-full-actions-v1", "snapshot_id": "be9e5b2c-1883-4bae-b6d9-d83c1e1c0f11", "source_hash": "cb79e45785492c8d65970fed6d59dc35812f498908b2a2893a9487d37e633119", "source_id": "9db4e5ea-4c22-543f-b267-295298733b09", "source_members": ["bc51f759-884f-44b5-80b4-ef0a46a1c3d0", "e0708505-bd01-4f5b-b622-f547dd9aaa5f", "fa19659b-9b59-4e64-b93d-c16e354ac83c"], "source_ranges": ["2026-09-30T15:50:46.465085+00:00", "2026-10-01T16:50:46.465085+00:00"], "subject_id": "009009ef-2351-42bc-948e-726ff01c5a9f", "superseded_or_retracted_items": [], "supporting_events": ["7ce97c71-0e25-4f5f-99f2-2aeb1d04961e"], "truncation_status": "NOT_TRUNCATED", "version": "kl076-mechanical-test-v1"}, "receipt": "944a45bc-48d2-460c-8bb7-16fdd76fd28b"}
FIXTURE_EVIDENCE {"accepted_at": "2026-10-01 15:50:47.030681+00:00", "columns": {"content_hash": "9d577e1681338b6f963e20c3cbbf893935a9d40d7322038192aae2966bc790d7", "content_schema_version": 1, "effective_at": null, "hash_scheme_version": 1, "id": "2554a9e4-555b-584c-927e-18150993baa3", "known_at": null, "recorded_at": "2026-10-01T15:50:47.02693+00:00", "ref_s03_id": "8033feb2-aec3-4d91-a90d-dbc83a4709c6", "ref_s05_id": "3d0c77fa-482d-4327-b2a6-e83f52095d39", "ref_s24_id": "9ec1ea5b-c90a-439e-aaea-97a16626a839", "ref_s28_id": "cb5f4224-158a-465c-a1ff-ec9b5dfb4b2e", "ref_s29_id": "7a859bdc-d28e-4744-9028-ed14cca7f001", "ref_s34_id": "9aefabc8-7fe3-54b9-98e6-275777164dbc", "ref_s35_id": "dae79ef7-31e2-56c6-b94b-4f8157197373", "ref_s36_id": "1acba9e8-ea27-52b4-9659-1d81fe09f0e4", "result": "PASS", "revision": 1, "status": null, "subject_id": "009009ef-2351-42bc-948e-726ff01c5a9f", "typed_payload": {"action_bindings": [{"action_parameters_hash": "f863709ebb1218374d5c57e23c2de587f9f616ac436ec20eb3d2f983ed1bb000", "action_type": "TRAINING", "proposal_hash": "a40f74e4804e1ab080c2ececef39a54a0580338f83545a7977d51bc1d55a5482", "proposal_id": "78eb0cc4-fb43-5658-9c40-09c32212d60a", "query_basis_hash": "d0d72dc98eb1a9c3837fd68d2de93cad96581e581fbe2eac481b5b3e65481a7e", "resolution_hash": "453963f30a9bcadb74a46453748ea70c02341f69246263fb0fd64ab38127098e", "resolution_id": "1acba9e8-ea27-52b4-9659-1d81fe09f0e4"}, {"action_parameters_hash": "8194b165ac609544d7c59fdf8b67104428844897e8172181508102e379fa6a39", "action_type": "NUTRITION", "proposal_hash": "1f3727dec9d4ad0f67642072d7aef2d3ff804f2a15926352eb8d12d7ff618c39", "proposal_id": "9aefabc8-7fe3-54b9-98e6-275777164dbc", "query_basis_hash": "33d6c9bf7f586bd0a68440bda42d6da0a06478169e70445dca9bb6a91e26f4df", "resolution_hash": "47bfae232b969bbe548be8ebc227b13beedcffddcead96eadd5091d490404b29", "resolution_id": "aafa99cf-525d-5d56-a77c-20f2c5bd1970"}], "attempt_id": "7a859bdc-d28e-4744-9028-ed14cca7f001", "captured_epoch": 1, "context_hash": "9c8ef17dd3dec0359a1d8d0a82c59906ea2f202b1cf4402a2314d12b94002cad", "contract": "kl079-full-actions-v1", "deduplicated_events": ["7ce97c71-0e25-4f5f-99f2-2aeb1d04961e"], "demand_hash": "212011f9e77a27a9b368a5f3727e9d10331390ebca3fea65172d6624d3ae0574", "execution_basis_event_id": "8033feb2-aec3-4d91-a90d-dbc83a4709c6", "fitness_hash": "a40f74e4804e1ab080c2ececef39a54a0580338f83545a7977d51bc1d55a5482", "fixture_policy_version": "kl079-full-actions-v1", "id": "2554a9e4-555b-584c-927e-18150993baa3", "kind": "VALIDATION", "manifest_id": "9ec1ea5b-c90a-439e-aaea-97a16626a839", "nutrition_hash": "1f3727dec9d4ad0f67642072d7aef2d3ff804f2a15926352eb8d12d7ff618c39", "policy_envelope": "PASS", "policy_hash": "670a879d37722572543e6bce909c46130d2802d3a4a5662e33a918c03666e122", "policy_id": "3d0c77fa-482d-4327-b2a6-e83f52095d39", "replaced_slots": ["prior-slot"], "request_id": "cb5f4224-158a-465c-a1ff-ec9b5dfb4b2e", "request_revision": 1, "required_actions": ["TRAINING", "NUTRITION"], "resolution_hash": "453963f30a9bcadb74a46453748ea70c02341f69246263fb0fd64ab38127098e", "rolling_minutes": 40, "root_id": "84228a6d-adf5-473d-ab2e-59ed72714b16", "semantic_validation": "PASS", "snapshot_id": "be9e5b2c-1883-4bae-b6d9-d83c1e1c0f11", "source_ranges": ["2026-09-30T15:50:46.465085+00:00", "2026-10-01T16:50:46.465085+00:00"], "subject_id": "009009ef-2351-42bc-948e-726ff01c5a9f", "valid_until": "2026-10-01T16:50:46.465085+00:00", "version": "kl076-mechanical-test-v1"}, "valid_until": "2026-10-01T16:50:46.465085+00:00", "validator_artifact": "2158c220-16bd-400f-9b2b-1b1fc1e4dad2:kl079-full-actions-v1:47141293664d61f6dffde2ef2550b381be3062798b82a38a2f890be50e3c8f8a"}, "event": "82921b6a-9e03-4962-a8ca-af0536d7f2c3", "hash": "9d577e1681338b6f963e20c3cbbf893935a9d40d7322038192aae2966bc790d7", "id": "2554a9e4-555b-584c-927e-18150993baa3", "kind": "full_output", "owner": "RecordValidation", "payload": {"action_bindings": [{"action_parameters_hash": "f863709ebb1218374d5c57e23c2de587f9f616ac436ec20eb3d2f983ed1bb000", "action_type": "TRAINING", "proposal_hash": "a40f74e4804e1ab080c2ececef39a54a0580338f83545a7977d51bc1d55a5482", "proposal_id": "78eb0cc4-fb43-5658-9c40-09c32212d60a", "query_basis_hash": "d0d72dc98eb1a9c3837fd68d2de93cad96581e581fbe2eac481b5b3e65481a7e", "resolution_hash": "453963f30a9bcadb74a46453748ea70c02341f69246263fb0fd64ab38127098e", "resolution_id": "1acba9e8-ea27-52b4-9659-1d81fe09f0e4"}, {"action_parameters_hash": "8194b165ac609544d7c59fdf8b67104428844897e8172181508102e379fa6a39", "action_type": "NUTRITION", "proposal_hash": "1f3727dec9d4ad0f67642072d7aef2d3ff804f2a15926352eb8d12d7ff618c39", "proposal_id": "9aefabc8-7fe3-54b9-98e6-275777164dbc", "query_basis_hash": "33d6c9bf7f586bd0a68440bda42d6da0a06478169e70445dca9bb6a91e26f4df", "resolution_hash": "47bfae232b969bbe548be8ebc227b13beedcffddcead96eadd5091d490404b29", "resolution_id": "aafa99cf-525d-5d56-a77c-20f2c5bd1970"}], "attempt_id": "7a859bdc-d28e-4744-9028-ed14cca7f001", "captured_epoch": 1, "context_hash": "9c8ef17dd3dec0359a1d8d0a82c59906ea2f202b1cf4402a2314d12b94002cad", "contract": "kl079-full-actions-v1", "deduplicated_events": ["7ce97c71-0e25-4f5f-99f2-2aeb1d04961e"], "demand_hash": "212011f9e77a27a9b368a5f3727e9d10331390ebca3fea65172d6624d3ae0574", "execution_basis_event_id": "8033feb2-aec3-4d91-a90d-dbc83a4709c6", "fitness_hash": "a40f74e4804e1ab080c2ececef39a54a0580338f83545a7977d51bc1d55a5482", "fixture_policy_version": "kl079-full-actions-v1", "id": "2554a9e4-555b-584c-927e-18150993baa3", "kind": "VALIDATION", "manifest_id": "9ec1ea5b-c90a-439e-aaea-97a16626a839", "nutrition_hash": "1f3727dec9d4ad0f67642072d7aef2d3ff804f2a15926352eb8d12d7ff618c39", "policy_envelope": "PASS", "policy_hash": "670a879d37722572543e6bce909c46130d2802d3a4a5662e33a918c03666e122", "policy_id": "3d0c77fa-482d-4327-b2a6-e83f52095d39", "replaced_slots": ["prior-slot"], "request_id": "cb5f4224-158a-465c-a1ff-ec9b5dfb4b2e", "request_revision": 1, "required_actions": ["TRAINING", "NUTRITION"], "resolution_hash": "453963f30a9bcadb74a46453748ea70c02341f69246263fb0fd64ab38127098e", "rolling_minutes": 40, "root_id": "84228a6d-adf5-473d-ab2e-59ed72714b16", "semantic_validation": "PASS", "snapshot_id": "be9e5b2c-1883-4bae-b6d9-d83c1e1c0f11", "source_ranges": ["2026-09-30T15:50:46.465085+00:00", "2026-10-01T16:50:46.465085+00:00"], "subject_id": "009009ef-2351-42bc-948e-726ff01c5a9f", "valid_until": "2026-10-01T16:50:46.465085+00:00", "version": "kl076-mechanical-test-v1"}, "receipt": "2e947599-5d86-41f8-8e68-163a86b801c4"}
FIXTURE_EVIDENCE {"dimension": "execution_basis", "error": "COMMIT_READY requires exact current full closure and finite validity", "kind": "consumer_denial", "stage": "ACTUAL_COMMIT_READY_OWNER", "zero_effects": true}
.FIXTURE_EVIDENCE {"compose": "kineticloop-kl079-full-949bbd5-90cbd6dddc92", "database": "kineticloop_kl079_full_949bbd5_90cbd6dddc92", "elapsed": 5.730206209002063, "inventory": ["bootstrap_two_phase(selected_lifecycle)", "reset", "start", "destroy"], "kind": "cleanup", "remaining_resources": {"container": "", "network": "", "volume": ""}}
INFO  [alembic.runtime.migration] Context impl PostgresqlImpl.
INFO  [alembic.runtime.migration] Will assume transactional DDL.
INFO  [alembic.runtime.migration] Running upgrade  -> 76fd67f76bd4, frozen S01-S51 baseline
INFO  [alembic.runtime.migration] Context impl PostgresqlImpl.
INFO  [alembic.runtime.migration] Will assume transactional DDL.
INFO  [alembic.runtime.migration] Running upgrade 76fd67f76bd4 -> a3f91c7d2e10, migrated SafetyRegistry integration and role-owner hardening
INFO  [alembic.runtime.migration] Running upgrade a3f91c7d2e10 -> b6e4d8a1c927, trusted artifact registration and bounded dependency admission
INFO  [alembic.runtime.migration] Running upgrade b6e4d8a1c927 -> d4c1a9e7b203, production, test, and evaluation subject namespace isolation
INFO  [alembic.runtime.migration] Running upgrade d4c1a9e7b203 -> e8c2f1a6b904, Materialize frozen S27 active partition uniqueness (legacy PENDING = ADMITTED).
NAMESPACE_PU DatabaseNamespace(project_name='kineticloop-kl079-full-949bbd5-90cbd6dddc92', database_name='kineticloop_kl079_full_949bbd5_90cbd6dddc92') negative_controls=foreign_root,sha,digest,label,ambient,nested_cleanup nested_inventory ['bootstrap_two_phase(selected_lifecycle)', 'destroy']
FIXTURE_EVIDENCE {"bootstrap_elapsed": 14.07620874978602, "compose": "kineticloop-kl079-full-949bbd5-90cbd6dddc92", "database": "kineticloop_kl079_full_949bbd5_90cbd6dddc92", "kind": "namespace", "migration": "e8c2f1a6b904", "nested_routes": ["bootstrap_two_phase(selected_lifecycle)", "reset", "start", "compose/_run", "validate_current_database_before_every_source/owner/reset", "finally_destroy"], "resolved_root": "/Users/davetian/.codex/worktrees/685e/KineticLoop", "tested_commit": "949bbd530061ecb3644998719fe998f86cad999e"}
FIXTURE_EVIDENCE {"hash": "47141293664d61f6dffde2ef2550b381be3062798b82a38a2f890be50e3c8f8a", "id": "8b11e5df-ee18-431a-b81b-f4a04375a98a", "immutable_dependencies": ["03d56c74-a745-47d2-a900-4c7641973447", "77b65d8d-ae1c-480c-9a5c-2f09923f82d0"], "kind": "runtime_registration", "owner": "SafetyRegistry.RegisterArtifact", "version": "kl079-full-actions-v1"}
FIXTURE_EVIDENCE {"epoch": 1, "factset": "8748b359-a9a3-5548-a2aa-047d9da0bc30", "kind": "upstream", "membership_digest": "b7c4b5a348c46fb72c593cc2bf99e330c29dadc919793b44caed0cf858a3974c", "projection": {"dependency_ids": ["24a57861-1b13-5b58-b3d5-66ab24085d35", "5f740227-2172-5478-b3d4-41668d56b92c", "682d6e41-5f63-5120-89af-2ff853f8869e", "79963628-ffac-51a8-aec9-11cc0cd38cc6", "f80bcc82-d9ff-5feb-8592-1d819d2b7235", "feab891a-400d-5607-bd8d-2a44c7a11422"], "executable": false, "input_basis_hash": "3b4faf116c9e3cc74558530a27ab591e01b1ae3f84b47f8e1fff283372470d99", "projection_id": "e10d1f75-d89c-5f5f-86d3-1ca000241fdc", "revision": 1}, "publication": {"event_id": "0966e557-58fc-46ab-a7ba-d67a4ea98264", "executable": false, "generation": 1, "manifest_id": "d6987d74-e8bf-4eec-a21c-7fddabf21954", "receipt_id": "f6b0e242-3724-4ec3-b9a4-d448ad7a8d2c", "replayed": false}, "ready": {"artifact_dependency_closure_hash": "493b5289f0385283334f1612fe065565969159685fea249df5554e2e05b84ef5", "build_id": "3a9408d3-d9b0-5b12-a304-534b4795e388", "dependency_basis_hash": "7e1f1eeca447d62b619d011c62c48d3816fb7bea01a0809dab438cfadf07cef4", "executable": false, "manifest_hash": "04d10f11f91ad9428089ca7e225002bb01a6f531b6f7ac982c4122cf94549e2f", "status": "READY"}, "subject": "ae1ccf5d-6c44-4da9-aa06-50c8d274c671"}
FIXTURE_EVIDENCE {"accepted_at": "2026-10-01 15:51:04.566002+00:00", "columns": {"action_parameters_hash": "f863709ebb1218374d5c57e23c2de587f9f616ac436ec20eb3d2f983ed1bb000", "action_type": "TRAINING", "content_hash": "9ad73ddfe031aa3da2efe55cbe002a604c4bfeea56db9faf7924ddc800402243", "content_schema_version": 1, "effective_at": null, "hash_scheme_version": 1, "id": "ef50ad43-581d-555e-b3f2-01fde0529233", "known_at": null, "query_basis_hash": "ce1f12971beb935758c62bfe078c261f7fbabbc79060e6155951650dd2d88f0f", "recorded_at": "2026-10-01T15:51:04.546011+00:00", "ref_s05_id": "95224f40-824d-4105-b585-137644c6ea79", "ref_s09_id": null, "ref_s12_id": null, "ref_s14_id": null, "ref_s24_id": "d6987d74-e8bf-4eec-a21c-7fddabf21954", "resolution_expires_at": "2026-10-01T16:51:02.453736+00:00", "resolver_version": "kl079-full-actions-v1", "revision": 1, "status": null, "subject_id": "ae1ccf5d-6c44-4da9-aa06-50c8d274c671", "typed_payload": {"action_parameters_hash": "f863709ebb1218374d5c57e23c2de587f9f616ac436ec20eb3d2f983ed1bb000", "action_type": "TRAINING", "attempt_id": "7220e982-36f7-4880-99b4-8f8077fac9b2", "captured_epoch": 1, "consistency": "CONSISTENT", "context_hash": "4284cb73c9816d391c24edf3e3c70dfa793e0f7da3712403b0572806516b64af", "contract": "kl079-full-actions-v1", "contradicting_events": [], "coverage": "COMPLETE_FOR_POLICY", "demand_hash": "9b702f3159ac575bc339f23a2546d88340775c3ee7ea2e7bceafbf72a0f1eec4", "demand_id": "24a69094-907d-5369-aeb9-50803029f5df", "event_association_status": "CONFIRMED", "facts": [{"admission": "ADMITTED", "admission_hash": "42f00d389003c7024bb0f1bb6bb6f72b5766a028238524c2dfa35574792b1aed", "admission_id": "0bd4788d-538d-418c-9c85-e7ff33c8aed9", "association": "CONFIRMED", "association_hash": "b5ac30032c22487d78a4ebe39564fdbfcb03a7cfa3d056f4bf066f7dcd2cb201", "association_id": "94607141-7552-44eb-b0e6-e6a7141f759b", "contradicts": false, "effective_at": "2026-10-01T14:51:02.453736+00:00", "event_id": "12a61a98-d299-4c2e-9e4e-3deded1e83db", "exercise": "fixture:cycle", "fact_hash": "09c9911dc19f8ef835fa8bf9b51e7c719d7efaf0d9768658f92e0b30c2772124", "fact_id": "ef8a6160-fd48-4a29-b532-9d79fa71c484", "lower_minutes": 10, "policy_id": "95224f40-824d-4105-b585-137644c6ea79", "replaces_slot": "prior-slot", "retracted": false, "scope": "TEST_ONLY", "semantic_class": "ACTUAL_EXECUTION", "subject_id": "ae1ccf5d-6c44-4da9-aa06-50c8d274c671", "upper_minutes": 10, "valid_until": "2026-10-01T16:51:02.453736+00:00"}], "fitness_hash": "de5464eaebba4028d65dc7e56314a3d00c9741aee7e63482ced460a250c847ed", "fitness_id": "ae3d980c-024e-5c13-8c30-ea927b909f47", "id": "ef50ad43-581d-555e-b3f2-01fde0529233", "kind": "RESOLUTION", "manifest_hash": "04d10f11f91ad9428089ca7e225002bb01a6f531b6f7ac982c4122cf94549e2f", "manifest_id": "d6987d74-e8bf-4eec-a21c-7fddabf21954", "nutrition_hash": "62139fa7eaac2ae19fbe29ac56425fe6eebc338a4d98037b974f62e54cbc347f", "nutrition_id": "9e17c829-97f9-5976-8929-a02b5f40f048", "policy_hash": "4543e2b2d1d51a2a929c3a1be3c5229107e905a8c0e6ba8482eecc723a55a8de", "policy_id": "95224f40-824d-4105-b585-137644c6ea79", "proposal_hash": "de5464eaebba4028d65dc7e56314a3d00c9741aee7e63482ced460a250c847ed", "proposal_id": "ae3d980c-024e-5c13-8c30-ea927b909f47", "query_basis_hash": "ce1f12971beb935758c62bfe078c261f7fbabbc79060e6155951650dd2d88f0f", "request_id": "84cc0de1-0a34-4674-8bb4-64a71bab0651", "request_revision": 1, "resolution_expires_at": "2026-10-01T16:51:02.453736+00:00", "root_id": "24943148-bd37-46a2-9f80-d9702a26c887", "runtime_version": "kl079-full-actions-v1", "snapshot_id": "0770c968-d0cb-4e2a-a66e-c7db914df2a6", "source_hash": "3a1c5dcc54a0cbbc2c47cae64eb0fdeff18ec4d292071ee51d18ac8a8de33576", "source_id": "8748b359-a9a3-5548-a2aa-047d9da0bc30", "source_members": ["0bd4788d-538d-418c-9c85-e7ff33c8aed9", "94607141-7552-44eb-b0e6-e6a7141f759b", "ef8a6160-fd48-4a29-b532-9d79fa71c484"], "source_ranges": ["2026-09-30T15:51:02.453736+00:00", "2026-10-01T16:51:02.453736+00:00"], "subject_id": "ae1ccf5d-6c44-4da9-aa06-50c8d274c671", "superseded_or_retracted_items": [], "supporting_events": ["12a61a98-d299-4c2e-9e4e-3deded1e83db"], "truncation_status": "NOT_TRUNCATED", "version": "kl076-mechanical-test-v1"}}, "event": "889fb293-f34b-4a7a-8dac-ed3261a7c7a7", "hash": "9ad73ddfe031aa3da2efe55cbe002a604c4bfeea56db9faf7924ddc800402243", "id": "ef50ad43-581d-555e-b3f2-01fde0529233", "kind": "full_output", "owner": "ResolveEvidence", "payload": {"action_parameters_hash": "f863709ebb1218374d5c57e23c2de587f9f616ac436ec20eb3d2f983ed1bb000", "action_type": "TRAINING", "attempt_id": "7220e982-36f7-4880-99b4-8f8077fac9b2", "captured_epoch": 1, "consistency": "CONSISTENT", "context_hash": "4284cb73c9816d391c24edf3e3c70dfa793e0f7da3712403b0572806516b64af", "contract": "kl079-full-actions-v1", "contradicting_events": [], "coverage": "COMPLETE_FOR_POLICY", "demand_hash": "9b702f3159ac575bc339f23a2546d88340775c3ee7ea2e7bceafbf72a0f1eec4", "demand_id": "24a69094-907d-5369-aeb9-50803029f5df", "event_association_status": "CONFIRMED", "facts": [{"admission": "ADMITTED", "admission_hash": "42f00d389003c7024bb0f1bb6bb6f72b5766a028238524c2dfa35574792b1aed", "admission_id": "0bd4788d-538d-418c-9c85-e7ff33c8aed9", "association": "CONFIRMED", "association_hash": "b5ac30032c22487d78a4ebe39564fdbfcb03a7cfa3d056f4bf066f7dcd2cb201", "association_id": "94607141-7552-44eb-b0e6-e6a7141f759b", "contradicts": false, "effective_at": "2026-10-01T14:51:02.453736+00:00", "event_id": "12a61a98-d299-4c2e-9e4e-3deded1e83db", "exercise": "fixture:cycle", "fact_hash": "09c9911dc19f8ef835fa8bf9b51e7c719d7efaf0d9768658f92e0b30c2772124", "fact_id": "ef8a6160-fd48-4a29-b532-9d79fa71c484", "lower_minutes": 10, "policy_id": "95224f40-824d-4105-b585-137644c6ea79", "replaces_slot": "prior-slot", "retracted": false, "scope": "TEST_ONLY", "semantic_class": "ACTUAL_EXECUTION", "subject_id": "ae1ccf5d-6c44-4da9-aa06-50c8d274c671", "upper_minutes": 10, "valid_until": "2026-10-01T16:51:02.453736+00:00"}], "fitness_hash": "de5464eaebba4028d65dc7e56314a3d00c9741aee7e63482ced460a250c847ed", "fitness_id": "ae3d980c-024e-5c13-8c30-ea927b909f47", "id": "ef50ad43-581d-555e-b3f2-01fde0529233", "kind": "RESOLUTION", "manifest_hash": "04d10f11f91ad9428089ca7e225002bb01a6f531b6f7ac982c4122cf94549e2f", "manifest_id": "d6987d74-e8bf-4eec-a21c-7fddabf21954", "nutrition_hash": "62139fa7eaac2ae19fbe29ac56425fe6eebc338a4d98037b974f62e54cbc347f", "nutrition_id": "9e17c829-97f9-5976-8929-a02b5f40f048", "policy_hash": "4543e2b2d1d51a2a929c3a1be3c5229107e905a8c0e6ba8482eecc723a55a8de", "policy_id": "95224f40-824d-4105-b585-137644c6ea79", "proposal_hash": "de5464eaebba4028d65dc7e56314a3d00c9741aee7e63482ced460a250c847ed", "proposal_id": "ae3d980c-024e-5c13-8c30-ea927b909f47", "query_basis_hash": "ce1f12971beb935758c62bfe078c261f7fbabbc79060e6155951650dd2d88f0f", "request_id": "84cc0de1-0a34-4674-8bb4-64a71bab0651", "request_revision": 1, "resolution_expires_at": "2026-10-01T16:51:02.453736+00:00", "root_id": "24943148-bd37-46a2-9f80-d9702a26c887", "runtime_version": "kl079-full-actions-v1", "snapshot_id": "0770c968-d0cb-4e2a-a66e-c7db914df2a6", "source_hash": "3a1c5dcc54a0cbbc2c47cae64eb0fdeff18ec4d292071ee51d18ac8a8de33576", "source_id": "8748b359-a9a3-5548-a2aa-047d9da0bc30", "source_members": ["0bd4788d-538d-418c-9c85-e7ff33c8aed9", "94607141-7552-44eb-b0e6-e6a7141f759b", "ef8a6160-fd48-4a29-b532-9d79fa71c484"], "source_ranges": ["2026-09-30T15:51:02.453736+00:00", "2026-10-01T16:51:02.453736+00:00"], "subject_id": "ae1ccf5d-6c44-4da9-aa06-50c8d274c671", "superseded_or_retracted_items": [], "supporting_events": ["12a61a98-d299-4c2e-9e4e-3deded1e83db"], "truncation_status": "NOT_TRUNCATED", "version": "kl076-mechanical-test-v1"}, "receipt": "2f004022-2b22-4c57-8044-9c9f6005cca7"}
FIXTURE_EVIDENCE {"accepted_at": "2026-10-01 15:51:04.697219+00:00", "columns": {"action_parameters_hash": "8194b165ac609544d7c59fdf8b67104428844897e8172181508102e379fa6a39", "action_type": "NUTRITION", "content_hash": "16e786ea26d1b50a45dcbb89f62050a49f6b010103c022a7e95a14fb2c325d5c", "content_schema_version": 1, "effective_at": null, "hash_scheme_version": 1, "id": "d64d5871-6143-56b1-9e5a-a549fa77cf3b", "known_at": null, "query_basis_hash": "3dbad7490e99d7e65e1bddb7ebd26504b427ddc14e6d5c78dd0cfb140bb7d972", "recorded_at": "2026-10-01T15:51:04.682609+00:00", "ref_s05_id": "95224f40-824d-4105-b585-137644c6ea79", "ref_s09_id": null, "ref_s12_id": null, "ref_s14_id": null, "ref_s24_id": "d6987d74-e8bf-4eec-a21c-7fddabf21954", "resolution_expires_at": "2026-10-01T16:51:02.453736+00:00", "resolver_version": "kl079-full-actions-v1", "revision": 1, "status": null, "subject_id": "ae1ccf5d-6c44-4da9-aa06-50c8d274c671", "typed_payload": {"action_parameters_hash": "8194b165ac609544d7c59fdf8b67104428844897e8172181508102e379fa6a39", "action_type": "NUTRITION", "attempt_id": "7220e982-36f7-4880-99b4-8f8077fac9b2", "captured_epoch": 1, "consistency": "CONSISTENT", "context_hash": "4284cb73c9816d391c24edf3e3c70dfa793e0f7da3712403b0572806516b64af", "contract": "kl079-full-actions-v1", "contradicting_events": [], "coverage": "COMPLETE_FOR_POLICY", "demand_hash": "9b702f3159ac575bc339f23a2546d88340775c3ee7ea2e7bceafbf72a0f1eec4", "demand_id": "24a69094-907d-5369-aeb9-50803029f5df", "event_association_status": "CONFIRMED", "facts": [{"admission": "ADMITTED", "admission_hash": "42f00d389003c7024bb0f1bb6bb6f72b5766a028238524c2dfa35574792b1aed", "admission_id": "0bd4788d-538d-418c-9c85-e7ff33c8aed9", "association": "CONFIRMED", "association_hash": "b5ac30032c22487d78a4ebe39564fdbfcb03a7cfa3d056f4bf066f7dcd2cb201", "association_id": "94607141-7552-44eb-b0e6-e6a7141f759b", "contradicts": false, "effective_at": "2026-10-01T14:51:02.453736+00:00", "event_id": "12a61a98-d299-4c2e-9e4e-3deded1e83db", "exercise": "fixture:cycle", "fact_hash": "09c9911dc19f8ef835fa8bf9b51e7c719d7efaf0d9768658f92e0b30c2772124", "fact_id": "ef8a6160-fd48-4a29-b532-9d79fa71c484", "lower_minutes": 10, "policy_id": "95224f40-824d-4105-b585-137644c6ea79", "replaces_slot": "prior-slot", "retracted": false, "scope": "TEST_ONLY", "semantic_class": "ACTUAL_EXECUTION", "subject_id": "ae1ccf5d-6c44-4da9-aa06-50c8d274c671", "upper_minutes": 10, "valid_until": "2026-10-01T16:51:02.453736+00:00"}], "fitness_hash": "de5464eaebba4028d65dc7e56314a3d00c9741aee7e63482ced460a250c847ed", "fitness_id": "ae3d980c-024e-5c13-8c30-ea927b909f47", "id": "d64d5871-6143-56b1-9e5a-a549fa77cf3b", "kind": "RESOLUTION", "manifest_hash": "04d10f11f91ad9428089ca7e225002bb01a6f531b6f7ac982c4122cf94549e2f", "manifest_id": "d6987d74-e8bf-4eec-a21c-7fddabf21954", "nutrition_hash": "62139fa7eaac2ae19fbe29ac56425fe6eebc338a4d98037b974f62e54cbc347f", "nutrition_id": "9e17c829-97f9-5976-8929-a02b5f40f048", "policy_hash": "4543e2b2d1d51a2a929c3a1be3c5229107e905a8c0e6ba8482eecc723a55a8de", "policy_id": "95224f40-824d-4105-b585-137644c6ea79", "proposal_hash": "62139fa7eaac2ae19fbe29ac56425fe6eebc338a4d98037b974f62e54cbc347f", "proposal_id": "9e17c829-97f9-5976-8929-a02b5f40f048", "query_basis_hash": "3dbad7490e99d7e65e1bddb7ebd26504b427ddc14e6d5c78dd0cfb140bb7d972", "request_id": "84cc0de1-0a34-4674-8bb4-64a71bab0651", "request_revision": 1, "resolution_expires_at": "2026-10-01T16:51:02.453736+00:00", "root_id": "24943148-bd37-46a2-9f80-d9702a26c887", "runtime_version": "kl079-full-actions-v1", "snapshot_id": "0770c968-d0cb-4e2a-a66e-c7db914df2a6", "source_hash": "3a1c5dcc54a0cbbc2c47cae64eb0fdeff18ec4d292071ee51d18ac8a8de33576", "source_id": "8748b359-a9a3-5548-a2aa-047d9da0bc30", "source_members": ["0bd4788d-538d-418c-9c85-e7ff33c8aed9", "94607141-7552-44eb-b0e6-e6a7141f759b", "ef8a6160-fd48-4a29-b532-9d79fa71c484"], "source_ranges": ["2026-09-30T15:51:02.453736+00:00", "2026-10-01T16:51:02.453736+00:00"], "subject_id": "ae1ccf5d-6c44-4da9-aa06-50c8d274c671", "superseded_or_retracted_items": [], "supporting_events": ["12a61a98-d299-4c2e-9e4e-3deded1e83db"], "truncation_status": "NOT_TRUNCATED", "version": "kl076-mechanical-test-v1"}}, "event": "0cc7713b-02c0-455b-b834-4ebdba876599", "hash": "16e786ea26d1b50a45dcbb89f62050a49f6b010103c022a7e95a14fb2c325d5c", "id": "d64d5871-6143-56b1-9e5a-a549fa77cf3b", "kind": "full_output", "owner": "ResolveEvidence", "payload": {"action_parameters_hash": "8194b165ac609544d7c59fdf8b67104428844897e8172181508102e379fa6a39", "action_type": "NUTRITION", "attempt_id": "7220e982-36f7-4880-99b4-8f8077fac9b2", "captured_epoch": 1, "consistency": "CONSISTENT", "context_hash": "4284cb73c9816d391c24edf3e3c70dfa793e0f7da3712403b0572806516b64af", "contract": "kl079-full-actions-v1", "contradicting_events": [], "coverage": "COMPLETE_FOR_POLICY", "demand_hash": "9b702f3159ac575bc339f23a2546d88340775c3ee7ea2e7bceafbf72a0f1eec4", "demand_id": "24a69094-907d-5369-aeb9-50803029f5df", "event_association_status": "CONFIRMED", "facts": [{"admission": "ADMITTED", "admission_hash": "42f00d389003c7024bb0f1bb6bb6f72b5766a028238524c2dfa35574792b1aed", "admission_id": "0bd4788d-538d-418c-9c85-e7ff33c8aed9", "association": "CONFIRMED", "association_hash": "b5ac30032c22487d78a4ebe39564fdbfcb03a7cfa3d056f4bf066f7dcd2cb201", "association_id": "94607141-7552-44eb-b0e6-e6a7141f759b", "contradicts": false, "effective_at": "2026-10-01T14:51:02.453736+00:00", "event_id": "12a61a98-d299-4c2e-9e4e-3deded1e83db", "exercise": "fixture:cycle", "fact_hash": "09c9911dc19f8ef835fa8bf9b51e7c719d7efaf0d9768658f92e0b30c2772124", "fact_id": "ef8a6160-fd48-4a29-b532-9d79fa71c484", "lower_minutes": 10, "policy_id": "95224f40-824d-4105-b585-137644c6ea79", "replaces_slot": "prior-slot", "retracted": false, "scope": "TEST_ONLY", "semantic_class": "ACTUAL_EXECUTION", "subject_id": "ae1ccf5d-6c44-4da9-aa06-50c8d274c671", "upper_minutes": 10, "valid_until": "2026-10-01T16:51:02.453736+00:00"}], "fitness_hash": "de5464eaebba4028d65dc7e56314a3d00c9741aee7e63482ced460a250c847ed", "fitness_id": "ae3d980c-024e-5c13-8c30-ea927b909f47", "id": "d64d5871-6143-56b1-9e5a-a549fa77cf3b", "kind": "RESOLUTION", "manifest_hash": "04d10f11f91ad9428089ca7e225002bb01a6f531b6f7ac982c4122cf94549e2f", "manifest_id": "d6987d74-e8bf-4eec-a21c-7fddabf21954", "nutrition_hash": "62139fa7eaac2ae19fbe29ac56425fe6eebc338a4d98037b974f62e54cbc347f", "nutrition_id": "9e17c829-97f9-5976-8929-a02b5f40f048", "policy_hash": "4543e2b2d1d51a2a929c3a1be3c5229107e905a8c0e6ba8482eecc723a55a8de", "policy_id": "95224f40-824d-4105-b585-137644c6ea79", "proposal_hash": "62139fa7eaac2ae19fbe29ac56425fe6eebc338a4d98037b974f62e54cbc347f", "proposal_id": "9e17c829-97f9-5976-8929-a02b5f40f048", "query_basis_hash": "3dbad7490e99d7e65e1bddb7ebd26504b427ddc14e6d5c78dd0cfb140bb7d972", "request_id": "84cc0de1-0a34-4674-8bb4-64a71bab0651", "request_revision": 1, "resolution_expires_at": "2026-10-01T16:51:02.453736+00:00", "root_id": "24943148-bd37-46a2-9f80-d9702a26c887", "runtime_version": "kl079-full-actions-v1", "snapshot_id": "0770c968-d0cb-4e2a-a66e-c7db914df2a6", "source_hash": "3a1c5dcc54a0cbbc2c47cae64eb0fdeff18ec4d292071ee51d18ac8a8de33576", "source_id": "8748b359-a9a3-5548-a2aa-047d9da0bc30", "source_members": ["0bd4788d-538d-418c-9c85-e7ff33c8aed9", "94607141-7552-44eb-b0e6-e6a7141f759b", "ef8a6160-fd48-4a29-b532-9d79fa71c484"], "source_ranges": ["2026-09-30T15:51:02.453736+00:00", "2026-10-01T16:51:02.453736+00:00"], "subject_id": "ae1ccf5d-6c44-4da9-aa06-50c8d274c671", "superseded_or_retracted_items": [], "supporting_events": ["12a61a98-d299-4c2e-9e4e-3deded1e83db"], "truncation_status": "NOT_TRUNCATED", "version": "kl076-mechanical-test-v1"}, "receipt": "2d3964e2-74af-444a-ad64-1b8695b01d5a"}
FIXTURE_EVIDENCE {"accepted_at": "2026-10-01 15:51:04.880250+00:00", "columns": {"content_hash": "16088b6bf77ffff6cfd65d533f2853c2396cae808ce068e12de9aaf1d571465c", "content_schema_version": 1, "effective_at": null, "hash_scheme_version": 1, "id": "4d0a804e-1982-55ed-a518-b5e5ea26ce89", "known_at": null, "recorded_at": "2026-10-01T15:51:04.865684+00:00", "ref_s03_id": "1ec7bdd4-79c1-4027-a065-5607d0b38681", "ref_s05_id": "95224f40-824d-4105-b585-137644c6ea79", "ref_s24_id": "d6987d74-e8bf-4eec-a21c-7fddabf21954", "ref_s28_id": "84cc0de1-0a34-4674-8bb4-64a71bab0651", "ref_s29_id": "7220e982-36f7-4880-99b4-8f8077fac9b2", "ref_s34_id": "9e17c829-97f9-5976-8929-a02b5f40f048", "ref_s35_id": "24a69094-907d-5369-aeb9-50803029f5df", "ref_s36_id": "ef50ad43-581d-555e-b3f2-01fde0529233", "result": "PASS", "revision": 1, "status": null, "subject_id": "ae1ccf5d-6c44-4da9-aa06-50c8d274c671", "typed_payload": {"action_bindings": [{"action_parameters_hash": "f863709ebb1218374d5c57e23c2de587f9f616ac436ec20eb3d2f983ed1bb000", "action_type": "TRAINING", "proposal_hash": "de5464eaebba4028d65dc7e56314a3d00c9741aee7e63482ced460a250c847ed", "proposal_id": "ae3d980c-024e-5c13-8c30-ea927b909f47", "query_basis_hash": "ce1f12971beb935758c62bfe078c261f7fbabbc79060e6155951650dd2d88f0f", "resolution_hash": "9ad73ddfe031aa3da2efe55cbe002a604c4bfeea56db9faf7924ddc800402243", "resolution_id": "ef50ad43-581d-555e-b3f2-01fde0529233"}, {"action_parameters_hash": "8194b165ac609544d7c59fdf8b67104428844897e8172181508102e379fa6a39", "action_type": "NUTRITION", "proposal_hash": "62139fa7eaac2ae19fbe29ac56425fe6eebc338a4d98037b974f62e54cbc347f", "proposal_id": "9e17c829-97f9-5976-8929-a02b5f40f048", "query_basis_hash": "3dbad7490e99d7e65e1bddb7ebd26504b427ddc14e6d5c78dd0cfb140bb7d972", "resolution_hash": "16e786ea26d1b50a45dcbb89f62050a49f6b010103c022a7e95a14fb2c325d5c", "resolution_id": "d64d5871-6143-56b1-9e5a-a549fa77cf3b"}], "attempt_id": "7220e982-36f7-4880-99b4-8f8077fac9b2", "captured_epoch": 1, "context_hash": "4284cb73c9816d391c24edf3e3c70dfa793e0f7da3712403b0572806516b64af", "contract": "kl079-full-actions-v1", "deduplicated_events": ["12a61a98-d299-4c2e-9e4e-3deded1e83db"], "demand_hash": "9b702f3159ac575bc339f23a2546d88340775c3ee7ea2e7bceafbf72a0f1eec4", "execution_basis_event_id": "1ec7bdd4-79c1-4027-a065-5607d0b38681", "fitness_hash": "de5464eaebba4028d65dc7e56314a3d00c9741aee7e63482ced460a250c847ed", "fixture_policy_version": "kl079-full-actions-v1", "id": "4d0a804e-1982-55ed-a518-b5e5ea26ce89", "kind": "VALIDATION", "manifest_id": "d6987d74-e8bf-4eec-a21c-7fddabf21954", "nutrition_hash": "62139fa7eaac2ae19fbe29ac56425fe6eebc338a4d98037b974f62e54cbc347f", "policy_envelope": "PASS", "policy_hash": "4543e2b2d1d51a2a929c3a1be3c5229107e905a8c0e6ba8482eecc723a55a8de", "policy_id": "95224f40-824d-4105-b585-137644c6ea79", "replaced_slots": ["prior-slot"], "request_id": "84cc0de1-0a34-4674-8bb4-64a71bab0651", "request_revision": 1, "required_actions": ["TRAINING", "NUTRITION"], "resolution_hash": "9ad73ddfe031aa3da2efe55cbe002a604c4bfeea56db9faf7924ddc800402243", "rolling_minutes": 40, "root_id": "24943148-bd37-46a2-9f80-d9702a26c887", "semantic_validation": "PASS", "snapshot_id": "0770c968-d0cb-4e2a-a66e-c7db914df2a6", "source_ranges": ["2026-09-30T15:51:02.453736+00:00", "2026-10-01T16:51:02.453736+00:00"], "subject_id": "ae1ccf5d-6c44-4da9-aa06-50c8d274c671", "valid_until": "2026-10-01T16:51:02.453736+00:00", "version": "kl076-mechanical-test-v1"}, "valid_until": "2026-10-01T16:51:02.453736+00:00", "validator_artifact": "8b11e5df-ee18-431a-b81b-f4a04375a98a:kl079-full-actions-v1:47141293664d61f6dffde2ef2550b381be3062798b82a38a2f890be50e3c8f8a"}, "event": "5490b630-4c06-4f8e-849d-29324b0526e5", "hash": "16088b6bf77ffff6cfd65d533f2853c2396cae808ce068e12de9aaf1d571465c", "id": "4d0a804e-1982-55ed-a518-b5e5ea26ce89", "kind": "full_output", "owner": "RecordValidation", "payload": {"action_bindings": [{"action_parameters_hash": "f863709ebb1218374d5c57e23c2de587f9f616ac436ec20eb3d2f983ed1bb000", "action_type": "TRAINING", "proposal_hash": "de5464eaebba4028d65dc7e56314a3d00c9741aee7e63482ced460a250c847ed", "proposal_id": "ae3d980c-024e-5c13-8c30-ea927b909f47", "query_basis_hash": "ce1f12971beb935758c62bfe078c261f7fbabbc79060e6155951650dd2d88f0f", "resolution_hash": "9ad73ddfe031aa3da2efe55cbe002a604c4bfeea56db9faf7924ddc800402243", "resolution_id": "ef50ad43-581d-555e-b3f2-01fde0529233"}, {"action_parameters_hash": "8194b165ac609544d7c59fdf8b67104428844897e8172181508102e379fa6a39", "action_type": "NUTRITION", "proposal_hash": "62139fa7eaac2ae19fbe29ac56425fe6eebc338a4d98037b974f62e54cbc347f", "proposal_id": "9e17c829-97f9-5976-8929-a02b5f40f048", "query_basis_hash": "3dbad7490e99d7e65e1bddb7ebd26504b427ddc14e6d5c78dd0cfb140bb7d972", "resolution_hash": "16e786ea26d1b50a45dcbb89f62050a49f6b010103c022a7e95a14fb2c325d5c", "resolution_id": "d64d5871-6143-56b1-9e5a-a549fa77cf3b"}], "attempt_id": "7220e982-36f7-4880-99b4-8f8077fac9b2", "captured_epoch": 1, "context_hash": "4284cb73c9816d391c24edf3e3c70dfa793e0f7da3712403b0572806516b64af", "contract": "kl079-full-actions-v1", "deduplicated_events": ["12a61a98-d299-4c2e-9e4e-3deded1e83db"], "demand_hash": "9b702f3159ac575bc339f23a2546d88340775c3ee7ea2e7bceafbf72a0f1eec4", "execution_basis_event_id": "1ec7bdd4-79c1-4027-a065-5607d0b38681", "fitness_hash": "de5464eaebba4028d65dc7e56314a3d00c9741aee7e63482ced460a250c847ed", "fixture_policy_version": "kl079-full-actions-v1", "id": "4d0a804e-1982-55ed-a518-b5e5ea26ce89", "kind": "VALIDATION", "manifest_id": "d6987d74-e8bf-4eec-a21c-7fddabf21954", "nutrition_hash": "62139fa7eaac2ae19fbe29ac56425fe6eebc338a4d98037b974f62e54cbc347f", "policy_envelope": "PASS", "policy_hash": "4543e2b2d1d51a2a929c3a1be3c5229107e905a8c0e6ba8482eecc723a55a8de", "policy_id": "95224f40-824d-4105-b585-137644c6ea79", "replaced_slots": ["prior-slot"], "request_id": "84cc0de1-0a34-4674-8bb4-64a71bab0651", "request_revision": 1, "required_actions": ["TRAINING", "NUTRITION"], "resolution_hash": "9ad73ddfe031aa3da2efe55cbe002a604c4bfeea56db9faf7924ddc800402243", "rolling_minutes": 40, "root_id": "24943148-bd37-46a2-9f80-d9702a26c887", "semantic_validation": "PASS", "snapshot_id": "0770c968-d0cb-4e2a-a66e-c7db914df2a6", "source_ranges": ["2026-09-30T15:51:02.453736+00:00", "2026-10-01T16:51:02.453736+00:00"], "subject_id": "ae1ccf5d-6c44-4da9-aa06-50c8d274c671", "valid_until": "2026-10-01T16:51:02.453736+00:00", "version": "kl076-mechanical-test-v1"}, "receipt": "759d172f-a10c-4de0-9257-d6405eedb09a"}
FIXTURE_EVIDENCE {"dimension": "epoch", "error": "attempt/request/manifest/epoch/stage basis changed or expired", "kind": "consumer_denial", "stage": "ACTUAL_COMMIT_READY_OWNER", "zero_effects": true}
.FIXTURE_EVIDENCE {"compose": "kineticloop-kl079-full-949bbd5-90cbd6dddc92", "database": "kineticloop_kl079_full_949bbd5_90cbd6dddc92", "elapsed": 18.663965832907706, "inventory": ["bootstrap_two_phase(selected_lifecycle)", "reset", "start", "destroy"], "kind": "cleanup", "remaining_resources": {"container": "", "network": "", "volume": ""}}
INFO  [alembic.runtime.migration] Context impl PostgresqlImpl.
INFO  [alembic.runtime.migration] Will assume transactional DDL.
INFO  [alembic.runtime.migration] Running upgrade  -> 76fd67f76bd4, frozen S01-S51 baseline
INFO  [alembic.runtime.migration] Context impl PostgresqlImpl.
INFO  [alembic.runtime.migration] Will assume transactional DDL.
INFO  [alembic.runtime.migration] Running upgrade 76fd67f76bd4 -> a3f91c7d2e10, migrated SafetyRegistry integration and role-owner hardening
INFO  [alembic.runtime.migration] Running upgrade a3f91c7d2e10 -> b6e4d8a1c927, trusted artifact registration and bounded dependency admission
INFO  [alembic.runtime.migration] Running upgrade b6e4d8a1c927 -> d4c1a9e7b203, production, test, and evaluation subject namespace isolation
INFO  [alembic.runtime.migration] Running upgrade d4c1a9e7b203 -> e8c2f1a6b904, Materialize frozen S27 active partition uniqueness (legacy PENDING = ADMITTED).
NAMESPACE_PU DatabaseNamespace(project_name='kineticloop-kl079-full-949bbd5-90cbd6dddc92', database_name='kineticloop_kl079_full_949bbd5_90cbd6dddc92') negative_controls=foreign_root,sha,digest,label,ambient,nested_cleanup nested_inventory ['bootstrap_two_phase(selected_lifecycle)', 'destroy']
FIXTURE_EVIDENCE {"bootstrap_elapsed": 16.72416774998419, "compose": "kineticloop-kl079-full-949bbd5-90cbd6dddc92", "database": "kineticloop_kl079_full_949bbd5_90cbd6dddc92", "kind": "namespace", "migration": "e8c2f1a6b904", "nested_routes": ["bootstrap_two_phase(selected_lifecycle)", "reset", "start", "compose/_run", "validate_current_database_before_every_source/owner/reset", "finally_destroy"], "resolved_root": "/Users/davetian/.codex/worktrees/685e/KineticLoop", "tested_commit": "949bbd530061ecb3644998719fe998f86cad999e"}
FIXTURE_EVIDENCE {"hash": "47141293664d61f6dffde2ef2550b381be3062798b82a38a2f890be50e3c8f8a", "id": "d9d76577-bcc1-44e8-8e4f-86fd1c20ca8b", "immutable_dependencies": ["369027f7-f9df-49b4-b2db-e364623450fc", "3708452a-9d91-4cda-b29d-ec874e6c0a90"], "kind": "runtime_registration", "owner": "SafetyRegistry.RegisterArtifact", "version": "kl079-full-actions-v1"}
FIXTURE_EVIDENCE {"epoch": 1, "factset": "1e3a2bf2-c3c4-5289-ab30-62a722e84e16", "kind": "upstream", "membership_digest": "ac9b089aa11d6f73d39573aafc0c2fd9c3484628a0045df756d4ebf27d4a3cf1", "projection": {"dependency_ids": ["5e96d289-e604-5289-b0af-e63fff43c074", "66ba2ebe-82f5-5f02-b9db-e2eb642e9f90", "726ceeda-eed8-5f01-945b-9263fd064d00", "79502289-9acb-5ff1-bb78-3a4f988830cc", "86e129c3-482c-5df9-86a7-1b12a164c0e1", "fdc746c8-5ba0-5333-acc6-2099b6295427"], "executable": false, "input_basis_hash": "ea63b745a9641733c6c11d2fd0d1d7772f1f25a2f527cc233bc5138463a4a22f", "projection_id": "d0ae7849-b0d1-5d51-8dec-6fabf0b3ae54", "revision": 1}, "publication": {"event_id": "6074cac7-f2e1-4a62-a8ec-cf4aa77bc5fa", "executable": false, "generation": 1, "manifest_id": "8aa79adc-13e2-48cb-8965-07ff76f030af", "receipt_id": "048e7e41-4091-454f-bc7a-6645d59f2b8b", "replayed": false}, "ready": {"artifact_dependency_closure_hash": "c7844c8db0e13a9b5e9b007f52e3ea3b16b640d375136738c6380d5d239bba1e", "build_id": "647affb6-f653-59ab-8903-2c7b4f3b0df9", "dependency_basis_hash": "26eae273c2b2fd13ccd55d0f5f158804029d739814e511cd52fb078f838b120d", "executable": false, "manifest_hash": "e843dcce83128e9942871d9cc0010efb2128318edabbcb35fe59e41f00e8be61", "status": "READY"}, "subject": "063ec8f8-3d77-4be2-9c92-f909bc811e46"}
FIXTURE_EVIDENCE {"accepted_at": "2026-10-01 15:51:28.574795+00:00", "columns": {"action_parameters_hash": "f863709ebb1218374d5c57e23c2de587f9f616ac436ec20eb3d2f983ed1bb000", "action_type": "TRAINING", "content_hash": "edff259847935e2d08047c3bdddb6e5541d01e87122b9dff5a455326abb1f0f9", "content_schema_version": 1, "effective_at": null, "hash_scheme_version": 1, "id": "c9bf4342-79e6-582d-aa8a-17de9558d921", "known_at": null, "query_basis_hash": "64a11684c509c722cc1b775bba0f7688c463f59a351c0f9992eb647ea346b897", "recorded_at": "2026-10-01T15:51:28.555066+00:00", "ref_s05_id": "92505c89-947a-4e87-b11c-11738ec48dcf", "ref_s09_id": null, "ref_s12_id": null, "ref_s14_id": null, "ref_s24_id": "8aa79adc-13e2-48cb-8965-07ff76f030af", "resolution_expires_at": "2026-10-01T16:51:26.38352+00:00", "resolver_version": "kl079-full-actions-v1", "revision": 1, "status": null, "subject_id": "063ec8f8-3d77-4be2-9c92-f909bc811e46", "typed_payload": {"action_parameters_hash": "f863709ebb1218374d5c57e23c2de587f9f616ac436ec20eb3d2f983ed1bb000", "action_type": "TRAINING", "attempt_id": "0bca98b6-b412-4c92-bf83-36bd2b3e24c1", "captured_epoch": 1, "consistency": "CONSISTENT", "context_hash": "7b5707545a06ca0d71249e29f697223aa28413536ea08e5ed4ecac43ccfb7e55", "contract": "kl079-full-actions-v1", "contradicting_events": [], "coverage": "COMPLETE_FOR_POLICY", "demand_hash": "6181e11b1f3b075e7a424c73a20fc5498379578a7a1ca8a762c1122f3c059426", "demand_id": "5b96b341-6b16-5948-bcf0-e15af1cb8f17", "event_association_status": "CONFIRMED", "facts": [{"admission": "ADMITTED", "admission_hash": "3aa5a5bd189876861184d85a5920b84dab0a2467c1ee2c32e057f9e38153ffcf", "admission_id": "6ef1fe49-9d1a-4135-98eb-a52627aeecb1", "association": "CONFIRMED", "association_hash": "9f9f86f1e30c2b6352bdee7a225854e3abf7b1b7dc1baa8b09852fd0feef5965", "association_id": "1bd634e7-adce-426f-8428-e688735bb180", "contradicts": false, "effective_at": "2026-10-01T14:51:26.38352+00:00", "event_id": "3e03458c-ace0-4209-a4e7-0b291bf15304", "exercise": "fixture:cycle", "fact_hash": "15ca7d3e10d842d652639e5801b16b759f302971ed140a432b87aaf782368ba5", "fact_id": "ea4abeba-3aef-466c-b9fe-c8a10fd8c60c", "lower_minutes": 10, "policy_id": "92505c89-947a-4e87-b11c-11738ec48dcf", "replaces_slot": "prior-slot", "retracted": false, "scope": "TEST_ONLY", "semantic_class": "ACTUAL_EXECUTION", "subject_id": "063ec8f8-3d77-4be2-9c92-f909bc811e46", "upper_minutes": 10, "valid_until": "2026-10-01T16:51:26.383520+00:00"}], "fitness_hash": "fb01fb3e95f6460e78921d7db83ad4b888ee2e117cdcc7d0a45898d24b769674", "fitness_id": "6588a991-949e-58cb-96d1-7495f51ecfbe", "id": "c9bf4342-79e6-582d-aa8a-17de9558d921", "kind": "RESOLUTION", "manifest_hash": "e843dcce83128e9942871d9cc0010efb2128318edabbcb35fe59e41f00e8be61", "manifest_id": "8aa79adc-13e2-48cb-8965-07ff76f030af", "nutrition_hash": "d0d47f6598b804802fc218814f064ef4aa3663fd42d65e8460f01fff0703c356", "nutrition_id": "0313794c-1b0f-5edb-96a7-bc043b5a320c", "policy_hash": "ba9ef805ce1ae3933e6da66b9077eba8d6f373c4ea71b09b3038f3c13f44edb7", "policy_id": "92505c89-947a-4e87-b11c-11738ec48dcf", "proposal_hash": "fb01fb3e95f6460e78921d7db83ad4b888ee2e117cdcc7d0a45898d24b769674", "proposal_id": "6588a991-949e-58cb-96d1-7495f51ecfbe", "query_basis_hash": "64a11684c509c722cc1b775bba0f7688c463f59a351c0f9992eb647ea346b897", "request_id": "4c7c49ef-b4d9-45ca-a731-f5a00ad86be8", "request_revision": 1, "resolution_expires_at": "2026-10-01T16:51:26.383520+00:00", "root_id": "9aff91eb-ea4e-4864-90ee-6190f24d8844", "runtime_version": "kl079-full-actions-v1", "snapshot_id": "29db6d73-e64b-463c-b9e5-c80e4d0daec8", "source_hash": "075349e8f5614afc21615932aa27f19f4fc93acf2488429aac21917292a21468", "source_id": "1e3a2bf2-c3c4-5289-ab30-62a722e84e16", "source_members": ["1bd634e7-adce-426f-8428-e688735bb180", "6ef1fe49-9d1a-4135-98eb-a52627aeecb1", "ea4abeba-3aef-466c-b9fe-c8a10fd8c60c"], "source_ranges": ["2026-09-30T15:51:26.383520+00:00", "2026-10-01T16:51:26.383520+00:00"], "subject_id": "063ec8f8-3d77-4be2-9c92-f909bc811e46", "superseded_or_retracted_items": [], "supporting_events": ["3e03458c-ace0-4209-a4e7-0b291bf15304"], "truncation_status": "NOT_TRUNCATED", "version": "kl076-mechanical-test-v1"}}, "event": "83b2de9e-b202-4a37-a280-109f55570586", "hash": "edff259847935e2d08047c3bdddb6e5541d01e87122b9dff5a455326abb1f0f9", "id": "c9bf4342-79e6-582d-aa8a-17de9558d921", "kind": "full_output", "owner": "ResolveEvidence", "payload": {"action_parameters_hash": "f863709ebb1218374d5c57e23c2de587f9f616ac436ec20eb3d2f983ed1bb000", "action_type": "TRAINING", "attempt_id": "0bca98b6-b412-4c92-bf83-36bd2b3e24c1", "captured_epoch": 1, "consistency": "CONSISTENT", "context_hash": "7b5707545a06ca0d71249e29f697223aa28413536ea08e5ed4ecac43ccfb7e55", "contract": "kl079-full-actions-v1", "contradicting_events": [], "coverage": "COMPLETE_FOR_POLICY", "demand_hash": "6181e11b1f3b075e7a424c73a20fc5498379578a7a1ca8a762c1122f3c059426", "demand_id": "5b96b341-6b16-5948-bcf0-e15af1cb8f17", "event_association_status": "CONFIRMED", "facts": [{"admission": "ADMITTED", "admission_hash": "3aa5a5bd189876861184d85a5920b84dab0a2467c1ee2c32e057f9e38153ffcf", "admission_id": "6ef1fe49-9d1a-4135-98eb-a52627aeecb1", "association": "CONFIRMED", "association_hash": "9f9f86f1e30c2b6352bdee7a225854e3abf7b1b7dc1baa8b09852fd0feef5965", "association_id": "1bd634e7-adce-426f-8428-e688735bb180", "contradicts": false, "effective_at": "2026-10-01T14:51:26.38352+00:00", "event_id": "3e03458c-ace0-4209-a4e7-0b291bf15304", "exercise": "fixture:cycle", "fact_hash": "15ca7d3e10d842d652639e5801b16b759f302971ed140a432b87aaf782368ba5", "fact_id": "ea4abeba-3aef-466c-b9fe-c8a10fd8c60c", "lower_minutes": 10, "policy_id": "92505c89-947a-4e87-b11c-11738ec48dcf", "replaces_slot": "prior-slot", "retracted": false, "scope": "TEST_ONLY", "semantic_class": "ACTUAL_EXECUTION", "subject_id": "063ec8f8-3d77-4be2-9c92-f909bc811e46", "upper_minutes": 10, "valid_until": "2026-10-01T16:51:26.383520+00:00"}], "fitness_hash": "fb01fb3e95f6460e78921d7db83ad4b888ee2e117cdcc7d0a45898d24b769674", "fitness_id": "6588a991-949e-58cb-96d1-7495f51ecfbe", "id": "c9bf4342-79e6-582d-aa8a-17de9558d921", "kind": "RESOLUTION", "manifest_hash": "e843dcce83128e9942871d9cc0010efb2128318edabbcb35fe59e41f00e8be61", "manifest_id": "8aa79adc-13e2-48cb-8965-07ff76f030af", "nutrition_hash": "d0d47f6598b804802fc218814f064ef4aa3663fd42d65e8460f01fff0703c356", "nutrition_id": "0313794c-1b0f-5edb-96a7-bc043b5a320c", "policy_hash": "ba9ef805ce1ae3933e6da66b9077eba8d6f373c4ea71b09b3038f3c13f44edb7", "policy_id": "92505c89-947a-4e87-b11c-11738ec48dcf", "proposal_hash": "fb01fb3e95f6460e78921d7db83ad4b888ee2e117cdcc7d0a45898d24b769674", "proposal_id": "6588a991-949e-58cb-96d1-7495f51ecfbe", "query_basis_hash": "64a11684c509c722cc1b775bba0f7688c463f59a351c0f9992eb647ea346b897", "request_id": "4c7c49ef-b4d9-45ca-a731-f5a00ad86be8", "request_revision": 1, "resolution_expires_at": "2026-10-01T16:51:26.383520+00:00", "root_id": "9aff91eb-ea4e-4864-90ee-6190f24d8844", "runtime_version": "kl079-full-actions-v1", "snapshot_id": "29db6d73-e64b-463c-b9e5-c80e4d0daec8", "source_hash": "075349e8f5614afc21615932aa27f19f4fc93acf2488429aac21917292a21468", "source_id": "1e3a2bf2-c3c4-5289-ab30-62a722e84e16", "source_members": ["1bd634e7-adce-426f-8428-e688735bb180", "6ef1fe49-9d1a-4135-98eb-a52627aeecb1", "ea4abeba-3aef-466c-b9fe-c8a10fd8c60c"], "source_ranges": ["2026-09-30T15:51:26.383520+00:00", "2026-10-01T16:51:26.383520+00:00"], "subject_id": "063ec8f8-3d77-4be2-9c92-f909bc811e46", "superseded_or_retracted_items": [], "supporting_events": ["3e03458c-ace0-4209-a4e7-0b291bf15304"], "truncation_status": "NOT_TRUNCATED", "version": "kl076-mechanical-test-v1"}, "receipt": "06b0e242-c167-4a3b-bf8b-58d42e03f52f"}
FIXTURE_EVIDENCE {"accepted_at": "2026-10-01 15:51:28.704456+00:00", "columns": {"action_parameters_hash": "8194b165ac609544d7c59fdf8b67104428844897e8172181508102e379fa6a39", "action_type": "NUTRITION", "content_hash": "a83630add72912559d399a6a32fb0ce84ab03eb88778df418379d2fb93249ba1", "content_schema_version": 1, "effective_at": null, "hash_scheme_version": 1, "id": "8211ebd8-c6fa-51f0-b4c5-d168b96a2182", "known_at": null, "query_basis_hash": "f63e923ce594188f6f7e8ee02d9ce557f07a8edeeff6f218d506a27c02dbadeb", "recorded_at": "2026-10-01T15:51:28.689876+00:00", "ref_s05_id": "92505c89-947a-4e87-b11c-11738ec48dcf", "ref_s09_id": null, "ref_s12_id": null, "ref_s14_id": null, "ref_s24_id": "8aa79adc-13e2-48cb-8965-07ff76f030af", "resolution_expires_at": "2026-10-01T16:51:26.38352+00:00", "resolver_version": "kl079-full-actions-v1", "revision": 1, "status": null, "subject_id": "063ec8f8-3d77-4be2-9c92-f909bc811e46", "typed_payload": {"action_parameters_hash": "8194b165ac609544d7c59fdf8b67104428844897e8172181508102e379fa6a39", "action_type": "NUTRITION", "attempt_id": "0bca98b6-b412-4c92-bf83-36bd2b3e24c1", "captured_epoch": 1, "consistency": "CONSISTENT", "context_hash": "7b5707545a06ca0d71249e29f697223aa28413536ea08e5ed4ecac43ccfb7e55", "contract": "kl079-full-actions-v1", "contradicting_events": [], "coverage": "COMPLETE_FOR_POLICY", "demand_hash": "6181e11b1f3b075e7a424c73a20fc5498379578a7a1ca8a762c1122f3c059426", "demand_id": "5b96b341-6b16-5948-bcf0-e15af1cb8f17", "event_association_status": "CONFIRMED", "facts": [{"admission": "ADMITTED", "admission_hash": "3aa5a5bd189876861184d85a5920b84dab0a2467c1ee2c32e057f9e38153ffcf", "admission_id": "6ef1fe49-9d1a-4135-98eb-a52627aeecb1", "association": "CONFIRMED", "association_hash": "9f9f86f1e30c2b6352bdee7a225854e3abf7b1b7dc1baa8b09852fd0feef5965", "association_id": "1bd634e7-adce-426f-8428-e688735bb180", "contradicts": false, "effective_at": "2026-10-01T14:51:26.38352+00:00", "event_id": "3e03458c-ace0-4209-a4e7-0b291bf15304", "exercise": "fixture:cycle", "fact_hash": "15ca7d3e10d842d652639e5801b16b759f302971ed140a432b87aaf782368ba5", "fact_id": "ea4abeba-3aef-466c-b9fe-c8a10fd8c60c", "lower_minutes": 10, "policy_id": "92505c89-947a-4e87-b11c-11738ec48dcf", "replaces_slot": "prior-slot", "retracted": false, "scope": "TEST_ONLY", "semantic_class": "ACTUAL_EXECUTION", "subject_id": "063ec8f8-3d77-4be2-9c92-f909bc811e46", "upper_minutes": 10, "valid_until": "2026-10-01T16:51:26.383520+00:00"}], "fitness_hash": "fb01fb3e95f6460e78921d7db83ad4b888ee2e117cdcc7d0a45898d24b769674", "fitness_id": "6588a991-949e-58cb-96d1-7495f51ecfbe", "id": "8211ebd8-c6fa-51f0-b4c5-d168b96a2182", "kind": "RESOLUTION", "manifest_hash": "e843dcce83128e9942871d9cc0010efb2128318edabbcb35fe59e41f00e8be61", "manifest_id": "8aa79adc-13e2-48cb-8965-07ff76f030af", "nutrition_hash": "d0d47f6598b804802fc218814f064ef4aa3663fd42d65e8460f01fff0703c356", "nutrition_id": "0313794c-1b0f-5edb-96a7-bc043b5a320c", "policy_hash": "ba9ef805ce1ae3933e6da66b9077eba8d6f373c4ea71b09b3038f3c13f44edb7", "policy_id": "92505c89-947a-4e87-b11c-11738ec48dcf", "proposal_hash": "d0d47f6598b804802fc218814f064ef4aa3663fd42d65e8460f01fff0703c356", "proposal_id": "0313794c-1b0f-5edb-96a7-bc043b5a320c", "query_basis_hash": "f63e923ce594188f6f7e8ee02d9ce557f07a8edeeff6f218d506a27c02dbadeb", "request_id": "4c7c49ef-b4d9-45ca-a731-f5a00ad86be8", "request_revision": 1, "resolution_expires_at": "2026-10-01T16:51:26.383520+00:00", "root_id": "9aff91eb-ea4e-4864-90ee-6190f24d8844", "runtime_version": "kl079-full-actions-v1", "snapshot_id": "29db6d73-e64b-463c-b9e5-c80e4d0daec8", "source_hash": "075349e8f5614afc21615932aa27f19f4fc93acf2488429aac21917292a21468", "source_id": "1e3a2bf2-c3c4-5289-ab30-62a722e84e16", "source_members": ["1bd634e7-adce-426f-8428-e688735bb180", "6ef1fe49-9d1a-4135-98eb-a52627aeecb1", "ea4abeba-3aef-466c-b9fe-c8a10fd8c60c"], "source_ranges": ["2026-09-30T15:51:26.383520+00:00", "2026-10-01T16:51:26.383520+00:00"], "subject_id": "063ec8f8-3d77-4be2-9c92-f909bc811e46", "superseded_or_retracted_items": [], "supporting_events": ["3e03458c-ace0-4209-a4e7-0b291bf15304"], "truncation_status": "NOT_TRUNCATED", "version": "kl076-mechanical-test-v1"}}, "event": "37922b93-b06d-4cd0-b78b-f0211e80ceda", "hash": "a83630add72912559d399a6a32fb0ce84ab03eb88778df418379d2fb93249ba1", "id": "8211ebd8-c6fa-51f0-b4c5-d168b96a2182", "kind": "full_output", "owner": "ResolveEvidence", "payload": {"action_parameters_hash": "8194b165ac609544d7c59fdf8b67104428844897e8172181508102e379fa6a39", "action_type": "NUTRITION", "attempt_id": "0bca98b6-b412-4c92-bf83-36bd2b3e24c1", "captured_epoch": 1, "consistency": "CONSISTENT", "context_hash": "7b5707545a06ca0d71249e29f697223aa28413536ea08e5ed4ecac43ccfb7e55", "contract": "kl079-full-actions-v1", "contradicting_events": [], "coverage": "COMPLETE_FOR_POLICY", "demand_hash": "6181e11b1f3b075e7a424c73a20fc5498379578a7a1ca8a762c1122f3c059426", "demand_id": "5b96b341-6b16-5948-bcf0-e15af1cb8f17", "event_association_status": "CONFIRMED", "facts": [{"admission": "ADMITTED", "admission_hash": "3aa5a5bd189876861184d85a5920b84dab0a2467c1ee2c32e057f9e38153ffcf", "admission_id": "6ef1fe49-9d1a-4135-98eb-a52627aeecb1", "association": "CONFIRMED", "association_hash": "9f9f86f1e30c2b6352bdee7a225854e3abf7b1b7dc1baa8b09852fd0feef5965", "association_id": "1bd634e7-adce-426f-8428-e688735bb180", "contradicts": false, "effective_at": "2026-10-01T14:51:26.38352+00:00", "event_id": "3e03458c-ace0-4209-a4e7-0b291bf15304", "exercise": "fixture:cycle", "fact_hash": "15ca7d3e10d842d652639e5801b16b759f302971ed140a432b87aaf782368ba5", "fact_id": "ea4abeba-3aef-466c-b9fe-c8a10fd8c60c", "lower_minutes": 10, "policy_id": "92505c89-947a-4e87-b11c-11738ec48dcf", "replaces_slot": "prior-slot", "retracted": false, "scope": "TEST_ONLY", "semantic_class": "ACTUAL_EXECUTION", "subject_id": "063ec8f8-3d77-4be2-9c92-f909bc811e46", "upper_minutes": 10, "valid_until": "2026-10-01T16:51:26.383520+00:00"}], "fitness_hash": "fb01fb3e95f6460e78921d7db83ad4b888ee2e117cdcc7d0a45898d24b769674", "fitness_id": "6588a991-949e-58cb-96d1-7495f51ecfbe", "id": "8211ebd8-c6fa-51f0-b4c5-d168b96a2182", "kind": "RESOLUTION", "manifest_hash": "e843dcce83128e9942871d9cc0010efb2128318edabbcb35fe59e41f00e8be61", "manifest_id": "8aa79adc-13e2-48cb-8965-07ff76f030af", "nutrition_hash": "d0d47f6598b804802fc218814f064ef4aa3663fd42d65e8460f01fff0703c356", "nutrition_id": "0313794c-1b0f-5edb-96a7-bc043b5a320c", "policy_hash": "ba9ef805ce1ae3933e6da66b9077eba8d6f373c4ea71b09b3038f3c13f44edb7", "policy_id": "92505c89-947a-4e87-b11c-11738ec48dcf", "proposal_hash": "d0d47f6598b804802fc218814f064ef4aa3663fd42d65e8460f01fff0703c356", "proposal_id": "0313794c-1b0f-5edb-96a7-bc043b5a320c", "query_basis_hash": "f63e923ce594188f6f7e8ee02d9ce557f07a8edeeff6f218d506a27c02dbadeb", "request_id": "4c7c49ef-b4d9-45ca-a731-f5a00ad86be8", "request_revision": 1, "resolution_expires_at": "2026-10-01T16:51:26.383520+00:00", "root_id": "9aff91eb-ea4e-4864-90ee-6190f24d8844", "runtime_version": "kl079-full-actions-v1", "snapshot_id": "29db6d73-e64b-463c-b9e5-c80e4d0daec8", "source_hash": "075349e8f5614afc21615932aa27f19f4fc93acf2488429aac21917292a21468", "source_id": "1e3a2bf2-c3c4-5289-ab30-62a722e84e16", "source_members": ["1bd634e7-adce-426f-8428-e688735bb180", "6ef1fe49-9d1a-4135-98eb-a52627aeecb1", "ea4abeba-3aef-466c-b9fe-c8a10fd8c60c"], "source_ranges": ["2026-09-30T15:51:26.383520+00:00", "2026-10-01T16:51:26.383520+00:00"], "subject_id": "063ec8f8-3d77-4be2-9c92-f909bc811e46", "superseded_or_retracted_items": [], "supporting_events": ["3e03458c-ace0-4209-a4e7-0b291bf15304"], "truncation_status": "NOT_TRUNCATED", "version": "kl076-mechanical-test-v1"}, "receipt": "36578b05-15a8-4e07-9740-e8c6e90fba9d"}
FIXTURE_EVIDENCE {"accepted_at": "2026-10-01 15:51:28.920462+00:00", "columns": {"content_hash": "db4d201b9b4e369fb065073a53c53742aaf78d354dbd2f7b5d5b1da4a009652a", "content_schema_version": 1, "effective_at": null, "hash_scheme_version": 1, "id": "e78e2a73-5469-579a-873c-388734b01ebf", "known_at": null, "recorded_at": "2026-10-01T15:51:28.900403+00:00", "ref_s03_id": "3ca792d0-7059-4b69-8d8e-0dd7637f552d", "ref_s05_id": "92505c89-947a-4e87-b11c-11738ec48dcf", "ref_s24_id": "8aa79adc-13e2-48cb-8965-07ff76f030af", "ref_s28_id": "4c7c49ef-b4d9-45ca-a731-f5a00ad86be8", "ref_s29_id": "0bca98b6-b412-4c92-bf83-36bd2b3e24c1", "ref_s34_id": "0313794c-1b0f-5edb-96a7-bc043b5a320c", "ref_s35_id": "5b96b341-6b16-5948-bcf0-e15af1cb8f17", "ref_s36_id": "c9bf4342-79e6-582d-aa8a-17de9558d921", "result": "PASS", "revision": 1, "status": null, "subject_id": "063ec8f8-3d77-4be2-9c92-f909bc811e46", "typed_payload": {"action_bindings": [{"action_parameters_hash": "f863709ebb1218374d5c57e23c2de587f9f616ac436ec20eb3d2f983ed1bb000", "action_type": "TRAINING", "proposal_hash": "fb01fb3e95f6460e78921d7db83ad4b888ee2e117cdcc7d0a45898d24b769674", "proposal_id": "6588a991-949e-58cb-96d1-7495f51ecfbe", "query_basis_hash": "64a11684c509c722cc1b775bba0f7688c463f59a351c0f9992eb647ea346b897", "resolution_hash": "edff259847935e2d08047c3bdddb6e5541d01e87122b9dff5a455326abb1f0f9", "resolution_id": "c9bf4342-79e6-582d-aa8a-17de9558d921"}, {"action_parameters_hash": "8194b165ac609544d7c59fdf8b67104428844897e8172181508102e379fa6a39", "action_type": "NUTRITION", "proposal_hash": "d0d47f6598b804802fc218814f064ef4aa3663fd42d65e8460f01fff0703c356", "proposal_id": "0313794c-1b0f-5edb-96a7-bc043b5a320c", "query_basis_hash": "f63e923ce594188f6f7e8ee02d9ce557f07a8edeeff6f218d506a27c02dbadeb", "resolution_hash": "a83630add72912559d399a6a32fb0ce84ab03eb88778df418379d2fb93249ba1", "resolution_id": "8211ebd8-c6fa-51f0-b4c5-d168b96a2182"}], "attempt_id": "0bca98b6-b412-4c92-bf83-36bd2b3e24c1", "captured_epoch": 1, "context_hash": "7b5707545a06ca0d71249e29f697223aa28413536ea08e5ed4ecac43ccfb7e55", "contract": "kl079-full-actions-v1", "deduplicated_events": ["3e03458c-ace0-4209-a4e7-0b291bf15304"], "demand_hash": "6181e11b1f3b075e7a424c73a20fc5498379578a7a1ca8a762c1122f3c059426", "execution_basis_event_id": "3ca792d0-7059-4b69-8d8e-0dd7637f552d", "fitness_hash": "fb01fb3e95f6460e78921d7db83ad4b888ee2e117cdcc7d0a45898d24b769674", "fixture_policy_version": "kl079-full-actions-v1", "id": "e78e2a73-5469-579a-873c-388734b01ebf", "kind": "VALIDATION", "manifest_id": "8aa79adc-13e2-48cb-8965-07ff76f030af", "nutrition_hash": "d0d47f6598b804802fc218814f064ef4aa3663fd42d65e8460f01fff0703c356", "policy_envelope": "PASS", "policy_hash": "ba9ef805ce1ae3933e6da66b9077eba8d6f373c4ea71b09b3038f3c13f44edb7", "policy_id": "92505c89-947a-4e87-b11c-11738ec48dcf", "replaced_slots": ["prior-slot"], "request_id": "4c7c49ef-b4d9-45ca-a731-f5a00ad86be8", "request_revision": 1, "required_actions": ["TRAINING", "NUTRITION"], "resolution_hash": "edff259847935e2d08047c3bdddb6e5541d01e87122b9dff5a455326abb1f0f9", "rolling_minutes": 40, "root_id": "9aff91eb-ea4e-4864-90ee-6190f24d8844", "semantic_validation": "PASS", "snapshot_id": "29db6d73-e64b-463c-b9e5-c80e4d0daec8", "source_ranges": ["2026-09-30T15:51:26.383520+00:00", "2026-10-01T16:51:26.383520+00:00"], "subject_id": "063ec8f8-3d77-4be2-9c92-f909bc811e46", "valid_until": "2026-10-01T16:51:26.383520+00:00", "version": "kl076-mechanical-test-v1"}, "valid_until": "2026-10-01T16:51:26.38352+00:00", "validator_artifact": "d9d76577-bcc1-44e8-8e4f-86fd1c20ca8b:kl079-full-actions-v1:47141293664d61f6dffde2ef2550b381be3062798b82a38a2f890be50e3c8f8a"}, "event": "1f39e767-24ee-4518-873a-67a37e5cf466", "hash": "db4d201b9b4e369fb065073a53c53742aaf78d354dbd2f7b5d5b1da4a009652a", "id": "e78e2a73-5469-579a-873c-388734b01ebf", "kind": "full_output", "owner": "RecordValidation", "payload": {"action_bindings": [{"action_parameters_hash": "f863709ebb1218374d5c57e23c2de587f9f616ac436ec20eb3d2f983ed1bb000", "action_type": "TRAINING", "proposal_hash": "fb01fb3e95f6460e78921d7db83ad4b888ee2e117cdcc7d0a45898d24b769674", "proposal_id": "6588a991-949e-58cb-96d1-7495f51ecfbe", "query_basis_hash": "64a11684c509c722cc1b775bba0f7688c463f59a351c0f9992eb647ea346b897", "resolution_hash": "edff259847935e2d08047c3bdddb6e5541d01e87122b9dff5a455326abb1f0f9", "resolution_id": "c9bf4342-79e6-582d-aa8a-17de9558d921"}, {"action_parameters_hash": "8194b165ac609544d7c59fdf8b67104428844897e8172181508102e379fa6a39", "action_type": "NUTRITION", "proposal_hash": "d0d47f6598b804802fc218814f064ef4aa3663fd42d65e8460f01fff0703c356", "proposal_id": "0313794c-1b0f-5edb-96a7-bc043b5a320c", "query_basis_hash": "f63e923ce594188f6f7e8ee02d9ce557f07a8edeeff6f218d506a27c02dbadeb", "resolution_hash": "a83630add72912559d399a6a32fb0ce84ab03eb88778df418379d2fb93249ba1", "resolution_id": "8211ebd8-c6fa-51f0-b4c5-d168b96a2182"}], "attempt_id": "0bca98b6-b412-4c92-bf83-36bd2b3e24c1", "captured_epoch": 1, "context_hash": "7b5707545a06ca0d71249e29f697223aa28413536ea08e5ed4ecac43ccfb7e55", "contract": "kl079-full-actions-v1", "deduplicated_events": ["3e03458c-ace0-4209-a4e7-0b291bf15304"], "demand_hash": "6181e11b1f3b075e7a424c73a20fc5498379578a7a1ca8a762c1122f3c059426", "execution_basis_event_id": "3ca792d0-7059-4b69-8d8e-0dd7637f552d", "fitness_hash": "fb01fb3e95f6460e78921d7db83ad4b888ee2e117cdcc7d0a45898d24b769674", "fixture_policy_version": "kl079-full-actions-v1", "id": "e78e2a73-5469-579a-873c-388734b01ebf", "kind": "VALIDATION", "manifest_id": "8aa79adc-13e2-48cb-8965-07ff76f030af", "nutrition_hash": "d0d47f6598b804802fc218814f064ef4aa3663fd42d65e8460f01fff0703c356", "policy_envelope": "PASS", "policy_hash": "ba9ef805ce1ae3933e6da66b9077eba8d6f373c4ea71b09b3038f3c13f44edb7", "policy_id": "92505c89-947a-4e87-b11c-11738ec48dcf", "replaced_slots": ["prior-slot"], "request_id": "4c7c49ef-b4d9-45ca-a731-f5a00ad86be8", "request_revision": 1, "required_actions": ["TRAINING", "NUTRITION"], "resolution_hash": "edff259847935e2d08047c3bdddb6e5541d01e87122b9dff5a455326abb1f0f9", "rolling_minutes": 40, "root_id": "9aff91eb-ea4e-4864-90ee-6190f24d8844", "semantic_validation": "PASS", "snapshot_id": "29db6d73-e64b-463c-b9e5-c80e4d0daec8", "source_ranges": ["2026-09-30T15:51:26.383520+00:00", "2026-10-01T16:51:26.383520+00:00"], "subject_id": "063ec8f8-3d77-4be2-9c92-f909bc811e46", "valid_until": "2026-10-01T16:51:26.383520+00:00", "version": "kl076-mechanical-test-v1"}, "receipt": "c4d65c7c-8e56-4f82-902f-5d2c76e3a0e6"}
FIXTURE_EVIDENCE {"dimension": "revision", "error": "stale owner/fence cannot commit", "kind": "consumer_denial", "stage": "ACTUAL_COMMIT_READY_OWNER", "zero_effects": true}
.FIXTURE_EVIDENCE {"compose": "kineticloop-kl079-full-949bbd5-90cbd6dddc92", "database": "kineticloop_kl079_full_949bbd5_90cbd6dddc92", "elapsed": 21.49701387505047, "inventory": ["bootstrap_two_phase(selected_lifecycle)", "reset", "start", "destroy"], "kind": "cleanup", "remaining_resources": {"container": "", "network": "", "volume": ""}}
INFO  [alembic.runtime.migration] Context impl PostgresqlImpl.
INFO  [alembic.runtime.migration] Will assume transactional DDL.
INFO  [alembic.runtime.migration] Running upgrade  -> 76fd67f76bd4, frozen S01-S51 baseline
INFO  [alembic.runtime.migration] Context impl PostgresqlImpl.
INFO  [alembic.runtime.migration] Will assume transactional DDL.
INFO  [alembic.runtime.migration] Running upgrade 76fd67f76bd4 -> a3f91c7d2e10, migrated SafetyRegistry integration and role-owner hardening
INFO  [alembic.runtime.migration] Running upgrade a3f91c7d2e10 -> b6e4d8a1c927, trusted artifact registration and bounded dependency admission
INFO  [alembic.runtime.migration] Running upgrade b6e4d8a1c927 -> d4c1a9e7b203, production, test, and evaluation subject namespace isolation
INFO  [alembic.runtime.migration] Running upgrade d4c1a9e7b203 -> e8c2f1a6b904, Materialize frozen S27 active partition uniqueness (legacy PENDING = ADMITTED).
NAMESPACE_PU DatabaseNamespace(project_name='kineticloop-kl079-full-949bbd5-90cbd6dddc92', database_name='kineticloop_kl079_full_949bbd5_90cbd6dddc92') negative_controls=foreign_root,sha,digest,label,ambient,nested_cleanup nested_inventory ['bootstrap_two_phase(selected_lifecycle)', 'destroy']
FIXTURE_EVIDENCE {"bootstrap_elapsed": 16.86163487494923, "compose": "kineticloop-kl079-full-949bbd5-90cbd6dddc92", "database": "kineticloop_kl079_full_949bbd5_90cbd6dddc92", "kind": "namespace", "migration": "e8c2f1a6b904", "nested_routes": ["bootstrap_two_phase(selected_lifecycle)", "reset", "start", "compose/_run", "validate_current_database_before_every_source/owner/reset", "finally_destroy"], "resolved_root": "/Users/davetian/.codex/worktrees/685e/KineticLoop", "tested_commit": "949bbd530061ecb3644998719fe998f86cad999e"}
FIXTURE_EVIDENCE {"hash": "47141293664d61f6dffde2ef2550b381be3062798b82a38a2f890be50e3c8f8a", "id": "9f7dd1d4-700a-4632-b2ec-4a102652451d", "immutable_dependencies": ["bb2f3dbc-805a-43d7-9d40-08c678ba32ef", "dde13a2f-16cf-4449-9573-2647f5f62e07"], "kind": "runtime_registration", "owner": "SafetyRegistry.RegisterArtifact", "version": "kl079-full-actions-v1"}
FIXTURE_EVIDENCE {"epoch": 1, "factset": "fe3bc2bf-e393-5d1f-a8a6-36535bf48aec", "kind": "upstream", "membership_digest": "49dbe394be1d8cf27c26867a1e8998d0c6e9088b3af7460abeddbd33b49f9cfb", "projection": {"dependency_ids": ["0cba8d2b-3ac9-5997-8122-4729bb25c97a", "1301c45c-f321-543c-a3a4-dbf9fb84245c", "42e9eedf-213e-56c0-a827-d1da22810cb4", "4da510f8-4d6a-5380-b419-72d9fff4f516", "c7e0987d-dfa5-5711-9712-542805a4175c", "f27e8f24-4fad-5e59-bda0-0f21527a7713"], "executable": false, "input_basis_hash": "f40aa73e40be522bdd98c9b0361c7e85176255ac6728973edafa8a11b0ac4fe5", "projection_id": "f4a241e6-544f-5c34-a4a7-a7e0f0664fc4", "revision": 1}, "publication": {"event_id": "10679bf6-4915-4fda-a001-818d908ddcf3", "executable": false, "generation": 1, "manifest_id": "1c842705-9d12-4d28-923b-333a5205e74e", "receipt_id": "6c852452-fd61-438c-8cfd-92907f5ba1cc", "replayed": false}, "ready": {"artifact_dependency_closure_hash": "d5af80827b24d0dea8b2d38e735db6e2901a72c980fdee61722d9626ef17d325", "build_id": "9f5a582c-cee7-548e-b8b2-8c0c12617015", "dependency_basis_hash": "28922780f07ba8e4532f229360416296d618312221946c926a877c0af2b27226", "executable": false, "manifest_hash": "15a8fde2382c9345d47a76fd9e65038b21c9c7b8b1225667dccf9ee17065a6dd", "status": "READY"}, "subject": "ab0779db-8035-48d3-9102-c5919e75112d"}
FIXTURE_EVIDENCE {"accepted_at": "2026-10-01 15:51:52.953191+00:00", "columns": {"action_parameters_hash": "f863709ebb1218374d5c57e23c2de587f9f616ac436ec20eb3d2f983ed1bb000", "action_type": "TRAINING", "content_hash": "4442b79ddee05907c7805669a98f42ba7d650fe4d4405b8083eb228ac95dcc54", "content_schema_version": 1, "effective_at": null, "hash_scheme_version": 1, "id": "4f93e4c4-5732-5746-9a09-639cc1181332", "known_at": null, "query_basis_hash": "b4ad686a366201f95b4a95e636fc1fcf2ea5d10ba786918a25363c9de38e17cf", "recorded_at": "2026-10-01T15:51:52.933547+00:00", "ref_s05_id": "f051e2cd-2a30-405d-9689-1136a0a9f9da", "ref_s09_id": null, "ref_s12_id": null, "ref_s14_id": null, "ref_s24_id": "1c842705-9d12-4d28-923b-333a5205e74e", "resolution_expires_at": "2026-10-01T16:51:50.673113+00:00", "resolver_version": "kl079-full-actions-v1", "revision": 1, "status": null, "subject_id": "ab0779db-8035-48d3-9102-c5919e75112d", "typed_payload": {"action_parameters_hash": "f863709ebb1218374d5c57e23c2de587f9f616ac436ec20eb3d2f983ed1bb000", "action_type": "TRAINING", "attempt_id": "c5a07fc0-c6be-43a2-b9af-646fd6310baa", "captured_epoch": 1, "consistency": "CONSISTENT", "context_hash": "d4a015d7c5dc11232adb0053ab5129301fafa58acf676e078053f6a335985cec", "contract": "kl079-full-actions-v1", "contradicting_events": [], "coverage": "COMPLETE_FOR_POLICY", "demand_hash": "4bd69d68b2ce59489f4b68a3dbf4c60da806097881044bb23a593c56b1501567", "demand_id": "75b41b7a-a60f-5739-8b55-6af5b7f66d8f", "event_association_status": "CONFIRMED", "facts": [{"admission": "ADMITTED", "admission_hash": "091c421297c316a4aee0663147cf35f73e3d23db61218939e1b85c3cf0b993e5", "admission_id": "2882247e-f50f-470e-ac9c-8bea7bbf01a5", "association": "CONFIRMED", "association_hash": "45f189753331ba0cd4087282293045dd1551a14c240d6205c6b4b476c19000f1", "association_id": "8a7d4f6f-13d8-46d6-aedc-3fd54846385a", "contradicts": false, "effective_at": "2026-10-01T14:51:50.673113+00:00", "event_id": "dc8c828c-dc32-44e3-8afe-3615d2b4c34c", "exercise": "fixture:cycle", "fact_hash": "5a0552e3ebc6fac166930270a4b575f95ed291512a12cf8dde914a1a4dcfa34f", "fact_id": "85decf69-f669-4476-9ba4-6e6714069cb4", "lower_minutes": 10, "policy_id": "f051e2cd-2a30-405d-9689-1136a0a9f9da", "replaces_slot": "prior-slot", "retracted": false, "scope": "TEST_ONLY", "semantic_class": "ACTUAL_EXECUTION", "subject_id": "ab0779db-8035-48d3-9102-c5919e75112d", "upper_minutes": 10, "valid_until": "2026-10-01T16:51:50.673113+00:00"}], "fitness_hash": "1c3fcebdd237295769a4076425043d5a1c0a3ca84445dd6a5e54890d1d3c5813", "fitness_id": "fb52f113-62f4-52ef-815e-dc4bdfca8a74", "id": "4f93e4c4-5732-5746-9a09-639cc1181332", "kind": "RESOLUTION", "manifest_hash": "15a8fde2382c9345d47a76fd9e65038b21c9c7b8b1225667dccf9ee17065a6dd", "manifest_id": "1c842705-9d12-4d28-923b-333a5205e74e", "nutrition_hash": "493b28ee51063842985909f90319fdb81161b15b05ec1a9b29e1b302c3445871", "nutrition_id": "3611090d-4b4c-58bb-b925-f8075dd1f995", "policy_hash": "6428455a3ebda5231baf0cabac9006dac0557976062feab21fe0dfc3633c8213", "policy_id": "f051e2cd-2a30-405d-9689-1136a0a9f9da", "proposal_hash": "1c3fcebdd237295769a4076425043d5a1c0a3ca84445dd6a5e54890d1d3c5813", "proposal_id": "fb52f113-62f4-52ef-815e-dc4bdfca8a74", "query_basis_hash": "b4ad686a366201f95b4a95e636fc1fcf2ea5d10ba786918a25363c9de38e17cf", "request_id": "4d681151-0040-4084-a8e2-9e63aeae1805", "request_revision": 1, "resolution_expires_at": "2026-10-01T16:51:50.673113+00:00", "root_id": "c5659191-d495-4702-80d2-9a23d3b13ef1", "runtime_version": "kl079-full-actions-v1", "snapshot_id": "90306d84-28e9-4abc-8bbb-d90017d7714e", "source_hash": "bdd2a9a99fc5d39dd659bcb96865af54a355578d1b059c441b7e2ddeca2b42c0", "source_id": "fe3bc2bf-e393-5d1f-a8a6-36535bf48aec", "source_members": ["2882247e-f50f-470e-ac9c-8bea7bbf01a5", "85decf69-f669-4476-9ba4-6e6714069cb4", "8a7d4f6f-13d8-46d6-aedc-3fd54846385a"], "source_ranges": ["2026-09-30T15:51:50.673113+00:00", "2026-10-01T16:51:50.673113+00:00"], "subject_id": "ab0779db-8035-48d3-9102-c5919e75112d", "superseded_or_retracted_items": [], "supporting_events": ["dc8c828c-dc32-44e3-8afe-3615d2b4c34c"], "truncation_status": "NOT_TRUNCATED", "version": "kl076-mechanical-test-v1"}}, "event": "11f55df2-f825-4085-9316-1f68a7f0baf1", "hash": "4442b79ddee05907c7805669a98f42ba7d650fe4d4405b8083eb228ac95dcc54", "id": "4f93e4c4-5732-5746-9a09-639cc1181332", "kind": "full_output", "owner": "ResolveEvidence", "payload": {"action_parameters_hash": "f863709ebb1218374d5c57e23c2de587f9f616ac436ec20eb3d2f983ed1bb000", "action_type": "TRAINING", "attempt_id": "c5a07fc0-c6be-43a2-b9af-646fd6310baa", "captured_epoch": 1, "consistency": "CONSISTENT", "context_hash": "d4a015d7c5dc11232adb0053ab5129301fafa58acf676e078053f6a335985cec", "contract": "kl079-full-actions-v1", "contradicting_events": [], "coverage": "COMPLETE_FOR_POLICY", "demand_hash": "4bd69d68b2ce59489f4b68a3dbf4c60da806097881044bb23a593c56b1501567", "demand_id": "75b41b7a-a60f-5739-8b55-6af5b7f66d8f", "event_association_status": "CONFIRMED", "facts": [{"admission": "ADMITTED", "admission_hash": "091c421297c316a4aee0663147cf35f73e3d23db61218939e1b85c3cf0b993e5", "admission_id": "2882247e-f50f-470e-ac9c-8bea7bbf01a5", "association": "CONFIRMED", "association_hash": "45f189753331ba0cd4087282293045dd1551a14c240d6205c6b4b476c19000f1", "association_id": "8a7d4f6f-13d8-46d6-aedc-3fd54846385a", "contradicts": false, "effective_at": "2026-10-01T14:51:50.673113+00:00", "event_id": "dc8c828c-dc32-44e3-8afe-3615d2b4c34c", "exercise": "fixture:cycle", "fact_hash": "5a0552e3ebc6fac166930270a4b575f95ed291512a12cf8dde914a1a4dcfa34f", "fact_id": "85decf69-f669-4476-9ba4-6e6714069cb4", "lower_minutes": 10, "policy_id": "f051e2cd-2a30-405d-9689-1136a0a9f9da", "replaces_slot": "prior-slot", "retracted": false, "scope": "TEST_ONLY", "semantic_class": "ACTUAL_EXECUTION", "subject_id": "ab0779db-8035-48d3-9102-c5919e75112d", "upper_minutes": 10, "valid_until": "2026-10-01T16:51:50.673113+00:00"}], "fitness_hash": "1c3fcebdd237295769a4076425043d5a1c0a3ca84445dd6a5e54890d1d3c5813", "fitness_id": "fb52f113-62f4-52ef-815e-dc4bdfca8a74", "id": "4f93e4c4-5732-5746-9a09-639cc1181332", "kind": "RESOLUTION", "manifest_hash": "15a8fde2382c9345d47a76fd9e65038b21c9c7b8b1225667dccf9ee17065a6dd", "manifest_id": "1c842705-9d12-4d28-923b-333a5205e74e", "nutrition_hash": "493b28ee51063842985909f90319fdb81161b15b05ec1a9b29e1b302c3445871", "nutrition_id": "3611090d-4b4c-58bb-b925-f8075dd1f995", "policy_hash": "6428455a3ebda5231baf0cabac9006dac0557976062feab21fe0dfc3633c8213", "policy_id": "f051e2cd-2a30-405d-9689-1136a0a9f9da", "proposal_hash": "1c3fcebdd237295769a4076425043d5a1c0a3ca84445dd6a5e54890d1d3c5813", "proposal_id": "fb52f113-62f4-52ef-815e-dc4bdfca8a74", "query_basis_hash": "b4ad686a366201f95b4a95e636fc1fcf2ea5d10ba786918a25363c9de38e17cf", "request_id": "4d681151-0040-4084-a8e2-9e63aeae1805", "request_revision": 1, "resolution_expires_at": "2026-10-01T16:51:50.673113+00:00", "root_id": "c5659191-d495-4702-80d2-9a23d3b13ef1", "runtime_version": "kl079-full-actions-v1", "snapshot_id": "90306d84-28e9-4abc-8bbb-d90017d7714e", "source_hash": "bdd2a9a99fc5d39dd659bcb96865af54a355578d1b059c441b7e2ddeca2b42c0", "source_id": "fe3bc2bf-e393-5d1f-a8a6-36535bf48aec", "source_members": ["2882247e-f50f-470e-ac9c-8bea7bbf01a5", "85decf69-f669-4476-9ba4-6e6714069cb4", "8a7d4f6f-13d8-46d6-aedc-3fd54846385a"], "source_ranges": ["2026-09-30T15:51:50.673113+00:00", "2026-10-01T16:51:50.673113+00:00"], "subject_id": "ab0779db-8035-48d3-9102-c5919e75112d", "superseded_or_retracted_items": [], "supporting_events": ["dc8c828c-dc32-44e3-8afe-3615d2b4c34c"], "truncation_status": "NOT_TRUNCATED", "version": "kl076-mechanical-test-v1"}, "receipt": "91ea7d53-16be-4c52-be88-fb5313eed25a"}
FIXTURE_EVIDENCE {"accepted_at": "2026-10-01 15:51:53.148405+00:00", "columns": {"action_parameters_hash": "8194b165ac609544d7c59fdf8b67104428844897e8172181508102e379fa6a39", "action_type": "NUTRITION", "content_hash": "3589e761e1883aabbac6b8ebd0f16f318e9010d00fc316e47e1d513b06f6c44f", "content_schema_version": 1, "effective_at": null, "hash_scheme_version": 1, "id": "b05fc0b8-3bec-57aa-98bb-2d49f8e21bc3", "known_at": null, "query_basis_hash": "a85aca529aa829ed8071f4a0239e4f620afd100f35a55575f4a43ccec03c6c32", "recorded_at": "2026-10-01T15:51:53.132337+00:00", "ref_s05_id": "f051e2cd-2a30-405d-9689-1136a0a9f9da", "ref_s09_id": null, "ref_s12_id": null, "ref_s14_id": null, "ref_s24_id": "1c842705-9d12-4d28-923b-333a5205e74e", "resolution_expires_at": "2026-10-01T16:51:50.673113+00:00", "resolver_version": "kl079-full-actions-v1", "revision": 1, "status": null, "subject_id": "ab0779db-8035-48d3-9102-c5919e75112d", "typed_payload": {"action_parameters_hash": "8194b165ac609544d7c59fdf8b67104428844897e8172181508102e379fa6a39", "action_type": "NUTRITION", "attempt_id": "c5a07fc0-c6be-43a2-b9af-646fd6310baa", "captured_epoch": 1, "consistency": "CONSISTENT", "context_hash": "d4a015d7c5dc11232adb0053ab5129301fafa58acf676e078053f6a335985cec", "contract": "kl079-full-actions-v1", "contradicting_events": [], "coverage": "COMPLETE_FOR_POLICY", "demand_hash": "4bd69d68b2ce59489f4b68a3dbf4c60da806097881044bb23a593c56b1501567", "demand_id": "75b41b7a-a60f-5739-8b55-6af5b7f66d8f", "event_association_status": "CONFIRMED", "facts": [{"admission": "ADMITTED", "admission_hash": "091c421297c316a4aee0663147cf35f73e3d23db61218939e1b85c3cf0b993e5", "admission_id": "2882247e-f50f-470e-ac9c-8bea7bbf01a5", "association": "CONFIRMED", "association_hash": "45f189753331ba0cd4087282293045dd1551a14c240d6205c6b4b476c19000f1", "association_id": "8a7d4f6f-13d8-46d6-aedc-3fd54846385a", "contradicts": false, "effective_at": "2026-10-01T14:51:50.673113+00:00", "event_id": "dc8c828c-dc32-44e3-8afe-3615d2b4c34c", "exercise": "fixture:cycle", "fact_hash": "5a0552e3ebc6fac166930270a4b575f95ed291512a12cf8dde914a1a4dcfa34f", "fact_id": "85decf69-f669-4476-9ba4-6e6714069cb4", "lower_minutes": 10, "policy_id": "f051e2cd-2a30-405d-9689-1136a0a9f9da", "replaces_slot": "prior-slot", "retracted": false, "scope": "TEST_ONLY", "semantic_class": "ACTUAL_EXECUTION", "subject_id": "ab0779db-8035-48d3-9102-c5919e75112d", "upper_minutes": 10, "valid_until": "2026-10-01T16:51:50.673113+00:00"}], "fitness_hash": "1c3fcebdd237295769a4076425043d5a1c0a3ca84445dd6a5e54890d1d3c5813", "fitness_id": "fb52f113-62f4-52ef-815e-dc4bdfca8a74", "id": "b05fc0b8-3bec-57aa-98bb-2d49f8e21bc3", "kind": "RESOLUTION", "manifest_hash": "15a8fde2382c9345d47a76fd9e65038b21c9c7b8b1225667dccf9ee17065a6dd", "manifest_id": "1c842705-9d12-4d28-923b-333a5205e74e", "nutrition_hash": "493b28ee51063842985909f90319fdb81161b15b05ec1a9b29e1b302c3445871", "nutrition_id": "3611090d-4b4c-58bb-b925-f8075dd1f995", "policy_hash": "6428455a3ebda5231baf0cabac9006dac0557976062feab21fe0dfc3633c8213", "policy_id": "f051e2cd-2a30-405d-9689-1136a0a9f9da", "proposal_hash": "493b28ee51063842985909f90319fdb81161b15b05ec1a9b29e1b302c3445871", "proposal_id": "3611090d-4b4c-58bb-b925-f8075dd1f995", "query_basis_hash": "a85aca529aa829ed8071f4a0239e4f620afd100f35a55575f4a43ccec03c6c32", "request_id": "4d681151-0040-4084-a8e2-9e63aeae1805", "request_revision": 1, "resolution_expires_at": "2026-10-01T16:51:50.673113+00:00", "root_id": "c5659191-d495-4702-80d2-9a23d3b13ef1", "runtime_version": "kl079-full-actions-v1", "snapshot_id": "90306d84-28e9-4abc-8bbb-d90017d7714e", "source_hash": "bdd2a9a99fc5d39dd659bcb96865af54a355578d1b059c441b7e2ddeca2b42c0", "source_id": "fe3bc2bf-e393-5d1f-a8a6-36535bf48aec", "source_members": ["2882247e-f50f-470e-ac9c-8bea7bbf01a5", "85decf69-f669-4476-9ba4-6e6714069cb4", "8a7d4f6f-13d8-46d6-aedc-3fd54846385a"], "source_ranges": ["2026-09-30T15:51:50.673113+00:00", "2026-10-01T16:51:50.673113+00:00"], "subject_id": "ab0779db-8035-48d3-9102-c5919e75112d", "superseded_or_retracted_items": [], "supporting_events": ["dc8c828c-dc32-44e3-8afe-3615d2b4c34c"], "truncation_status": "NOT_TRUNCATED", "version": "kl076-mechanical-test-v1"}}, "event": "2616403a-65b6-4992-8e90-1abae8a368d5", "hash": "3589e761e1883aabbac6b8ebd0f16f318e9010d00fc316e47e1d513b06f6c44f", "id": "b05fc0b8-3bec-57aa-98bb-2d49f8e21bc3", "kind": "full_output", "owner": "ResolveEvidence", "payload": {"action_parameters_hash": "8194b165ac609544d7c59fdf8b67104428844897e8172181508102e379fa6a39", "action_type": "NUTRITION", "attempt_id": "c5a07fc0-c6be-43a2-b9af-646fd6310baa", "captured_epoch": 1, "consistency": "CONSISTENT", "context_hash": "d4a015d7c5dc11232adb0053ab5129301fafa58acf676e078053f6a335985cec", "contract": "kl079-full-actions-v1", "contradicting_events": [], "coverage": "COMPLETE_FOR_POLICY", "demand_hash": "4bd69d68b2ce59489f4b68a3dbf4c60da806097881044bb23a593c56b1501567", "demand_id": "75b41b7a-a60f-5739-8b55-6af5b7f66d8f", "event_association_status": "CONFIRMED", "facts": [{"admission": "ADMITTED", "admission_hash": "091c421297c316a4aee0663147cf35f73e3d23db61218939e1b85c3cf0b993e5", "admission_id": "2882247e-f50f-470e-ac9c-8bea7bbf01a5", "association": "CONFIRMED", "association_hash": "45f189753331ba0cd4087282293045dd1551a14c240d6205c6b4b476c19000f1", "association_id": "8a7d4f6f-13d8-46d6-aedc-3fd54846385a", "contradicts": false, "effective_at": "2026-10-01T14:51:50.673113+00:00", "event_id": "dc8c828c-dc32-44e3-8afe-3615d2b4c34c", "exercise": "fixture:cycle", "fact_hash": "5a0552e3ebc6fac166930270a4b575f95ed291512a12cf8dde914a1a4dcfa34f", "fact_id": "85decf69-f669-4476-9ba4-6e6714069cb4", "lower_minutes": 10, "policy_id": "f051e2cd-2a30-405d-9689-1136a0a9f9da", "replaces_slot": "prior-slot", "retracted": false, "scope": "TEST_ONLY", "semantic_class": "ACTUAL_EXECUTION", "subject_id": "ab0779db-8035-48d3-9102-c5919e75112d", "upper_minutes": 10, "valid_until": "2026-10-01T16:51:50.673113+00:00"}], "fitness_hash": "1c3fcebdd237295769a4076425043d5a1c0a3ca84445dd6a5e54890d1d3c5813", "fitness_id": "fb52f113-62f4-52ef-815e-dc4bdfca8a74", "id": "b05fc0b8-3bec-57aa-98bb-2d49f8e21bc3", "kind": "RESOLUTION", "manifest_hash": "15a8fde2382c9345d47a76fd9e65038b21c9c7b8b1225667dccf9ee17065a6dd", "manifest_id": "1c842705-9d12-4d28-923b-333a5205e74e", "nutrition_hash": "493b28ee51063842985909f90319fdb81161b15b05ec1a9b29e1b302c3445871", "nutrition_id": "3611090d-4b4c-58bb-b925-f8075dd1f995", "policy_hash": "6428455a3ebda5231baf0cabac9006dac0557976062feab21fe0dfc3633c8213", "policy_id": "f051e2cd-2a30-405d-9689-1136a0a9f9da", "proposal_hash": "493b28ee51063842985909f90319fdb81161b15b05ec1a9b29e1b302c3445871", "proposal_id": "3611090d-4b4c-58bb-b925-f8075dd1f995", "query_basis_hash": "a85aca529aa829ed8071f4a0239e4f620afd100f35a55575f4a43ccec03c6c32", "request_id": "4d681151-0040-4084-a8e2-9e63aeae1805", "request_revision": 1, "resolution_expires_at": "2026-10-01T16:51:50.673113+00:00", "root_id": "c5659191-d495-4702-80d2-9a23d3b13ef1", "runtime_version": "kl079-full-actions-v1", "snapshot_id": "90306d84-28e9-4abc-8bbb-d90017d7714e", "source_hash": "bdd2a9a99fc5d39dd659bcb96865af54a355578d1b059c441b7e2ddeca2b42c0", "source_id": "fe3bc2bf-e393-5d1f-a8a6-36535bf48aec", "source_members": ["2882247e-f50f-470e-ac9c-8bea7bbf01a5", "85decf69-f669-4476-9ba4-6e6714069cb4", "8a7d4f6f-13d8-46d6-aedc-3fd54846385a"], "source_ranges": ["2026-09-30T15:51:50.673113+00:00", "2026-10-01T16:51:50.673113+00:00"], "subject_id": "ab0779db-8035-48d3-9102-c5919e75112d", "superseded_or_retracted_items": [], "supporting_events": ["dc8c828c-dc32-44e3-8afe-3615d2b4c34c"], "truncation_status": "NOT_TRUNCATED", "version": "kl076-mechanical-test-v1"}, "receipt": "30c2f9ee-b40d-4144-8229-8d2c960cf758"}
FIXTURE_EVIDENCE {"accepted_at": "2026-10-01 15:51:53.342662+00:00", "columns": {"content_hash": "fac2faebf67b53c205b980121b5b7581feb6c8df2464c3071d16a0dc0e2fef9b", "content_schema_version": 1, "effective_at": null, "hash_scheme_version": 1, "id": "73ad82bd-7383-5c03-bb1e-5e466ea0f648", "known_at": null, "recorded_at": "2026-10-01T15:51:53.320584+00:00", "ref_s03_id": "3f341ddf-b4a2-4350-9137-9732befbca6a", "ref_s05_id": "f051e2cd-2a30-405d-9689-1136a0a9f9da", "ref_s24_id": "1c842705-9d12-4d28-923b-333a5205e74e", "ref_s28_id": "4d681151-0040-4084-a8e2-9e63aeae1805", "ref_s29_id": "c5a07fc0-c6be-43a2-b9af-646fd6310baa", "ref_s34_id": "3611090d-4b4c-58bb-b925-f8075dd1f995", "ref_s35_id": "75b41b7a-a60f-5739-8b55-6af5b7f66d8f", "ref_s36_id": "4f93e4c4-5732-5746-9a09-639cc1181332", "result": "PASS", "revision": 1, "status": null, "subject_id": "ab0779db-8035-48d3-9102-c5919e75112d", "typed_payload": {"action_bindings": [{"action_parameters_hash": "f863709ebb1218374d5c57e23c2de587f9f616ac436ec20eb3d2f983ed1bb000", "action_type": "TRAINING", "proposal_hash": "1c3fcebdd237295769a4076425043d5a1c0a3ca84445dd6a5e54890d1d3c5813", "proposal_id": "fb52f113-62f4-52ef-815e-dc4bdfca8a74", "query_basis_hash": "b4ad686a366201f95b4a95e636fc1fcf2ea5d10ba786918a25363c9de38e17cf", "resolution_hash": "4442b79ddee05907c7805669a98f42ba7d650fe4d4405b8083eb228ac95dcc54", "resolution_id": "4f93e4c4-5732-5746-9a09-639cc1181332"}, {"action_parameters_hash": "8194b165ac609544d7c59fdf8b67104428844897e8172181508102e379fa6a39", "action_type": "NUTRITION", "proposal_hash": "493b28ee51063842985909f90319fdb81161b15b05ec1a9b29e1b302c3445871", "proposal_id": "3611090d-4b4c-58bb-b925-f8075dd1f995", "query_basis_hash": "a85aca529aa829ed8071f4a0239e4f620afd100f35a55575f4a43ccec03c6c32", "resolution_hash": "3589e761e1883aabbac6b8ebd0f16f318e9010d00fc316e47e1d513b06f6c44f", "resolution_id": "b05fc0b8-3bec-57aa-98bb-2d49f8e21bc3"}], "attempt_id": "c5a07fc0-c6be-43a2-b9af-646fd6310baa", "captured_epoch": 1, "context_hash": "d4a015d7c5dc11232adb0053ab5129301fafa58acf676e078053f6a335985cec", "contract": "kl079-full-actions-v1", "deduplicated_events": ["dc8c828c-dc32-44e3-8afe-3615d2b4c34c"], "demand_hash": "4bd69d68b2ce59489f4b68a3dbf4c60da806097881044bb23a593c56b1501567", "execution_basis_event_id": "3f341ddf-b4a2-4350-9137-9732befbca6a", "fitness_hash": "1c3fcebdd237295769a4076425043d5a1c0a3ca84445dd6a5e54890d1d3c5813", "fixture_policy_version": "kl079-full-actions-v1", "id": "73ad82bd-7383-5c03-bb1e-5e466ea0f648", "kind": "VALIDATION", "manifest_id": "1c842705-9d12-4d28-923b-333a5205e74e", "nutrition_hash": "493b28ee51063842985909f90319fdb81161b15b05ec1a9b29e1b302c3445871", "policy_envelope": "PASS", "policy_hash": "6428455a3ebda5231baf0cabac9006dac0557976062feab21fe0dfc3633c8213", "policy_id": "f051e2cd-2a30-405d-9689-1136a0a9f9da", "replaced_slots": ["prior-slot"], "request_id": "4d681151-0040-4084-a8e2-9e63aeae1805", "request_revision": 1, "required_actions": ["TRAINING", "NUTRITION"], "resolution_hash": "4442b79ddee05907c7805669a98f42ba7d650fe4d4405b8083eb228ac95dcc54", "rolling_minutes": 40, "root_id": "c5659191-d495-4702-80d2-9a23d3b13ef1", "semantic_validation": "PASS", "snapshot_id": "90306d84-28e9-4abc-8bbb-d90017d7714e", "source_ranges": ["2026-09-30T15:51:50.673113+00:00", "2026-10-01T16:51:50.673113+00:00"], "subject_id": "ab0779db-8035-48d3-9102-c5919e75112d", "valid_until": "2026-10-01T16:51:50.673113+00:00", "version": "kl076-mechanical-test-v1"}, "valid_until": "2026-10-01T16:51:50.673113+00:00", "validator_artifact": "9f7dd1d4-700a-4632-b2ec-4a102652451d:kl079-full-actions-v1:47141293664d61f6dffde2ef2550b381be3062798b82a38a2f890be50e3c8f8a"}, "event": "3ed37fdd-7b9c-4e09-99db-2906916b3bf4", "hash": "fac2faebf67b53c205b980121b5b7581feb6c8df2464c3071d16a0dc0e2fef9b", "id": "73ad82bd-7383-5c03-bb1e-5e466ea0f648", "kind": "full_output", "owner": "RecordValidation", "payload": {"action_bindings": [{"action_parameters_hash": "f863709ebb1218374d5c57e23c2de587f9f616ac436ec20eb3d2f983ed1bb000", "action_type": "TRAINING", "proposal_hash": "1c3fcebdd237295769a4076425043d5a1c0a3ca84445dd6a5e54890d1d3c5813", "proposal_id": "fb52f113-62f4-52ef-815e-dc4bdfca8a74", "query_basis_hash": "b4ad686a366201f95b4a95e636fc1fcf2ea5d10ba786918a25363c9de38e17cf", "resolution_hash": "4442b79ddee05907c7805669a98f42ba7d650fe4d4405b8083eb228ac95dcc54", "resolution_id": "4f93e4c4-5732-5746-9a09-639cc1181332"}, {"action_parameters_hash": "8194b165ac609544d7c59fdf8b67104428844897e8172181508102e379fa6a39", "action_type": "NUTRITION", "proposal_hash": "493b28ee51063842985909f90319fdb81161b15b05ec1a9b29e1b302c3445871", "proposal_id": "3611090d-4b4c-58bb-b925-f8075dd1f995", "query_basis_hash": "a85aca529aa829ed8071f4a0239e4f620afd100f35a55575f4a43ccec03c6c32", "resolution_hash": "3589e761e1883aabbac6b8ebd0f16f318e9010d00fc316e47e1d513b06f6c44f", "resolution_id": "b05fc0b8-3bec-57aa-98bb-2d49f8e21bc3"}], "attempt_id": "c5a07fc0-c6be-43a2-b9af-646fd6310baa", "captured_epoch": 1, "context_hash": "d4a015d7c5dc11232adb0053ab5129301fafa58acf676e078053f6a335985cec", "contract": "kl079-full-actions-v1", "deduplicated_events": ["dc8c828c-dc32-44e3-8afe-3615d2b4c34c"], "demand_hash": "4bd69d68b2ce59489f4b68a3dbf4c60da806097881044bb23a593c56b1501567", "execution_basis_event_id": "3f341ddf-b4a2-4350-9137-9732befbca6a", "fitness_hash": "1c3fcebdd237295769a4076425043d5a1c0a3ca84445dd6a5e54890d1d3c5813", "fixture_policy_version": "kl079-full-actions-v1", "id": "73ad82bd-7383-5c03-bb1e-5e466ea0f648", "kind": "VALIDATION", "manifest_id": "1c842705-9d12-4d28-923b-333a5205e74e", "nutrition_hash": "493b28ee51063842985909f90319fdb81161b15b05ec1a9b29e1b302c3445871", "policy_envelope": "PASS", "policy_hash": "6428455a3ebda5231baf0cabac9006dac0557976062feab21fe0dfc3633c8213", "policy_id": "f051e2cd-2a30-405d-9689-1136a0a9f9da", "replaced_slots": ["prior-slot"], "request_id": "4d681151-0040-4084-a8e2-9e63aeae1805", "request_revision": 1, "required_actions": ["TRAINING", "NUTRITION"], "resolution_hash": "4442b79ddee05907c7805669a98f42ba7d650fe4d4405b8083eb228ac95dcc54", "rolling_minutes": 40, "root_id": "c5659191-d495-4702-80d2-9a23d3b13ef1", "semantic_validation": "PASS", "snapshot_id": "90306d84-28e9-4abc-8bbb-d90017d7714e", "source_ranges": ["2026-09-30T15:51:50.673113+00:00", "2026-10-01T16:51:50.673113+00:00"], "subject_id": "ab0779db-8035-48d3-9102-c5919e75112d", "valid_until": "2026-10-01T16:51:50.673113+00:00", "version": "kl076-mechanical-test-v1"}, "receipt": "1d22a0f5-be6c-4b80-a631-acb0298d0f07"}
FIXTURE_EVIDENCE {"dimension": "control", "error": "attempt/request/manifest/epoch/stage basis changed or expired", "kind": "consumer_denial", "stage": "ACTUAL_COMMIT_READY_OWNER", "zero_effects": true}
.FIXTURE_EVIDENCE {"compose": "kineticloop-kl079-full-949bbd5-90cbd6dddc92", "database": "kineticloop_kl079_full_949bbd5_90cbd6dddc92", "elapsed": 21.707168458029628, "inventory": ["bootstrap_two_phase(selected_lifecycle)", "reset", "start", "destroy"], "kind": "cleanup", "remaining_resources": {"container": "", "network": "", "volume": ""}}
INFO  [alembic.runtime.migration] Context impl PostgresqlImpl.
INFO  [alembic.runtime.migration] Will assume transactional DDL.
INFO  [alembic.runtime.migration] Running upgrade  -> 76fd67f76bd4, frozen S01-S51 baseline
INFO  [alembic.runtime.migration] Context impl PostgresqlImpl.
INFO  [alembic.runtime.migration] Will assume transactional DDL.
INFO  [alembic.runtime.migration] Running upgrade 76fd67f76bd4 -> a3f91c7d2e10, migrated SafetyRegistry integration and role-owner hardening
INFO  [alembic.runtime.migration] Running upgrade a3f91c7d2e10 -> b6e4d8a1c927, trusted artifact registration and bounded dependency admission
INFO  [alembic.runtime.migration] Running upgrade b6e4d8a1c927 -> d4c1a9e7b203, production, test, and evaluation subject namespace isolation
INFO  [alembic.runtime.migration] Running upgrade d4c1a9e7b203 -> e8c2f1a6b904, Materialize frozen S27 active partition uniqueness (legacy PENDING = ADMITTED).
NAMESPACE_PU DatabaseNamespace(project_name='kineticloop-kl079-full-949bbd5-90cbd6dddc92', database_name='kineticloop_kl079_full_949bbd5_90cbd6dddc92') negative_controls=foreign_root,sha,digest,label,ambient,nested_cleanup nested_inventory ['bootstrap_two_phase(selected_lifecycle)', 'destroy']
FIXTURE_EVIDENCE {"bootstrap_elapsed": 17.076297249877825, "compose": "kineticloop-kl079-full-949bbd5-90cbd6dddc92", "database": "kineticloop_kl079_full_949bbd5_90cbd6dddc92", "kind": "namespace", "migration": "e8c2f1a6b904", "nested_routes": ["bootstrap_two_phase(selected_lifecycle)", "reset", "start", "compose/_run", "validate_current_database_before_every_source/owner/reset", "finally_destroy"], "resolved_root": "/Users/davetian/.codex/worktrees/685e/KineticLoop", "tested_commit": "949bbd530061ecb3644998719fe998f86cad999e"}
FIXTURE_EVIDENCE {"hash": "47141293664d61f6dffde2ef2550b381be3062798b82a38a2f890be50e3c8f8a", "id": "ba409756-ab44-4cb3-abe8-c7aaba3fa8fa", "immutable_dependencies": ["bc750577-44e8-40c8-88fb-75c6d4d189f5", "b2834ade-f519-4f0f-9ff3-015c3b4b1f05"], "kind": "runtime_registration", "owner": "SafetyRegistry.RegisterArtifact", "version": "kl079-full-actions-v1"}
FIXTURE_EVIDENCE {"epoch": 1, "factset": "414fc83f-17f6-55be-b65c-043aec444965", "kind": "upstream", "membership_digest": "268e9708e1b7b6cffcb01d04854395e5774340733943c153df9b461efa58769f", "projection": {"dependency_ids": ["231bfd65-f96b-5ccc-b9d8-bd122a455e9f", "a332a91e-0c04-563f-8152-cf91f2bb2c5f", "ab2d81d9-4762-5dfd-a167-ea4faf035f28", "afffc452-4b64-5bfe-a935-6fff23a0fc36", "cd4c1238-1e72-57e7-935c-84607346b242", "e23c8b06-e26b-510c-8207-f2e92183bfb5"], "executable": false, "input_basis_hash": "83d37e365198f382d178de7074720441cccee7dc1a7e4dbe6ff5f52f2d24cf69", "projection_id": "7dc30eec-d2c0-592f-bf68-a2be77789d35", "revision": 1}, "publication": {"event_id": "8852f058-dfbf-4a1f-bde9-0f431e5913e6", "executable": false, "generation": 1, "manifest_id": "31594341-7f5f-419b-a775-94a8050315b2", "receipt_id": "dec4b4f7-e38d-4ec3-82ef-459642e184bc", "replayed": false}, "ready": {"artifact_dependency_closure_hash": "4af249d98e07050cd1cc15a7c5e7dbe30c206cd10c43a065350d11b24a807ad0", "build_id": "917120a7-b488-5381-a958-f5c46f27de82", "dependency_basis_hash": "815837cf7a868434363ffa3335fe09d7f0677d9d03ebfd09866edc8c4b3292d3", "executable": false, "manifest_hash": "703fa9d02a5a2666d1d37cd01284231b8ef17137419b233b59fd6c14f8927e70", "status": "READY"}, "subject": "c8ff53f3-a1d2-4e79-a58a-32399745d8e9"}
FIXTURE_EVIDENCE {"accepted_at": "2026-10-01 15:52:17.428042+00:00", "columns": {"action_parameters_hash": "f863709ebb1218374d5c57e23c2de587f9f616ac436ec20eb3d2f983ed1bb000", "action_type": "TRAINING", "content_hash": "9ab9c6e248426423235a1da1593aa0a434bdb9987f59a76c7ff4e7b86cb908be", "content_schema_version": 1, "effective_at": null, "hash_scheme_version": 1, "id": "99f9c571-7cb3-5289-b3e8-d3a593060017", "known_at": null, "query_basis_hash": "b86c0bd7b3ae52cccc465403fbf23f76322a4411167f27220e13e76cb179b53c", "recorded_at": "2026-10-01T15:52:17.399577+00:00", "ref_s05_id": "701aede9-65fa-4ec7-909c-cfb066dac7ed", "ref_s09_id": null, "ref_s12_id": null, "ref_s14_id": null, "ref_s24_id": "31594341-7f5f-419b-a775-94a8050315b2", "resolution_expires_at": "2026-10-01T16:52:15.162159+00:00", "resolver_version": "kl079-full-actions-v1", "revision": 1, "status": null, "subject_id": "c8ff53f3-a1d2-4e79-a58a-32399745d8e9", "typed_payload": {"action_parameters_hash": "f863709ebb1218374d5c57e23c2de587f9f616ac436ec20eb3d2f983ed1bb000", "action_type": "TRAINING", "attempt_id": "632576c8-3fd6-45a5-9cfd-2b7cdaf0674d", "captured_epoch": 1, "consistency": "CONSISTENT", "context_hash": "cd237289abcfca7e9ec2c76454a2f0d917661480b37f5d6e3f9c8dd26dab9d5b", "contract": "kl079-full-actions-v1", "contradicting_events": [], "coverage": "COMPLETE_FOR_POLICY", "demand_hash": "c0de822245d614f4aba6d5e44f82d272f5e9745336e8b5207dc8d1c0e1a61457", "demand_id": "3c33f3c3-028d-5fc0-be6c-da57457d0988", "event_association_status": "CONFIRMED", "facts": [{"admission": "ADMITTED", "admission_hash": "748c7e7bb906f3fa6be04f902f9279e7150192cd501e1ed6c6b7298b0863c4b4", "admission_id": "f066631f-f8df-4136-affd-7246519a16bc", "association": "CONFIRMED", "association_hash": "fed32decf392bfbf2198868d9207bdcc63b9f09e59374c7d6e38ff1a73b7b2bf", "association_id": "d80a6d5c-a56e-4df4-9f36-c4f2bebb7317", "contradicts": false, "effective_at": "2026-10-01T14:52:15.162159+00:00", "event_id": "9f287820-77ec-402a-9c21-e23b19c19b34", "exercise": "fixture:cycle", "fact_hash": "ef512f3650bdd4694557cb2d27f838366c88721c3eb84044b9f3b9a7ba43512e", "fact_id": "3beaf7bb-0b2f-46e5-a03f-1f2b3bf5f96c", "lower_minutes": 10, "policy_id": "701aede9-65fa-4ec7-909c-cfb066dac7ed", "replaces_slot": "prior-slot", "retracted": false, "scope": "TEST_ONLY", "semantic_class": "ACTUAL_EXECUTION", "subject_id": "c8ff53f3-a1d2-4e79-a58a-32399745d8e9", "upper_minutes": 10, "valid_until": "2026-10-01T16:52:15.162159+00:00"}], "fitness_hash": "20ab2c397601c3a09dd7822dfbba5be70666f0b6a1f526b641dd6ec86cab2252", "fitness_id": "dfbaccd3-6225-544e-a165-84ce0b8d5c50", "id": "99f9c571-7cb3-5289-b3e8-d3a593060017", "kind": "RESOLUTION", "manifest_hash": "703fa9d02a5a2666d1d37cd01284231b8ef17137419b233b59fd6c14f8927e70", "manifest_id": "31594341-7f5f-419b-a775-94a8050315b2", "nutrition_hash": "c46c34387fb9e79b1483a8bacff72c5c696bff1a4a7edd43866d321fd29be5cf", "nutrition_id": "26001a8b-bec8-500b-a511-daeff5d0bdcd", "policy_hash": "74ac6733acd00e01666290d4821561ae1fe04bf9faf7a6a204318df4318966bf", "policy_id": "701aede9-65fa-4ec7-909c-cfb066dac7ed", "proposal_hash": "20ab2c397601c3a09dd7822dfbba5be70666f0b6a1f526b641dd6ec86cab2252", "proposal_id": "dfbaccd3-6225-544e-a165-84ce0b8d5c50", "query_basis_hash": "b86c0bd7b3ae52cccc465403fbf23f76322a4411167f27220e13e76cb179b53c", "request_id": "2376f834-598d-4300-abc3-2eb059e28842", "request_revision": 1, "resolution_expires_at": "2026-10-01T16:52:15.162159+00:00", "root_id": "134c7bf5-9a22-442b-b641-90cc008ed3c4", "runtime_version": "kl079-full-actions-v1", "snapshot_id": "6eae30aa-fdad-4a41-851b-5f966f42c055", "source_hash": "787b2a76a5ef493d4498c5ac306ea114acb2a9f5229202b15486511c64e21dc2", "source_id": "414fc83f-17f6-55be-b65c-043aec444965", "source_members": ["3beaf7bb-0b2f-46e5-a03f-1f2b3bf5f96c", "d80a6d5c-a56e-4df4-9f36-c4f2bebb7317", "f066631f-f8df-4136-affd-7246519a16bc"], "source_ranges": ["2026-09-30T15:52:15.162159+00:00", "2026-10-01T16:52:15.162159+00:00"], "subject_id": "c8ff53f3-a1d2-4e79-a58a-32399745d8e9", "superseded_or_retracted_items": [], "supporting_events": ["9f287820-77ec-402a-9c21-e23b19c19b34"], "truncation_status": "NOT_TRUNCATED", "version": "kl076-mechanical-test-v1"}}, "event": "db6cb870-b2ff-4e23-8c58-3cda191030d7", "hash": "9ab9c6e248426423235a1da1593aa0a434bdb9987f59a76c7ff4e7b86cb908be", "id": "99f9c571-7cb3-5289-b3e8-d3a593060017", "kind": "full_output", "owner": "ResolveEvidence", "payload": {"action_parameters_hash": "f863709ebb1218374d5c57e23c2de587f9f616ac436ec20eb3d2f983ed1bb000", "action_type": "TRAINING", "attempt_id": "632576c8-3fd6-45a5-9cfd-2b7cdaf0674d", "captured_epoch": 1, "consistency": "CONSISTENT", "context_hash": "cd237289abcfca7e9ec2c76454a2f0d917661480b37f5d6e3f9c8dd26dab9d5b", "contract": "kl079-full-actions-v1", "contradicting_events": [], "coverage": "COMPLETE_FOR_POLICY", "demand_hash": "c0de822245d614f4aba6d5e44f82d272f5e9745336e8b5207dc8d1c0e1a61457", "demand_id": "3c33f3c3-028d-5fc0-be6c-da57457d0988", "event_association_status": "CONFIRMED", "facts": [{"admission": "ADMITTED", "admission_hash": "748c7e7bb906f3fa6be04f902f9279e7150192cd501e1ed6c6b7298b0863c4b4", "admission_id": "f066631f-f8df-4136-affd-7246519a16bc", "association": "CONFIRMED", "association_hash": "fed32decf392bfbf2198868d9207bdcc63b9f09e59374c7d6e38ff1a73b7b2bf", "association_id": "d80a6d5c-a56e-4df4-9f36-c4f2bebb7317", "contradicts": false, "effective_at": "2026-10-01T14:52:15.162159+00:00", "event_id": "9f287820-77ec-402a-9c21-e23b19c19b34", "exercise": "fixture:cycle", "fact_hash": "ef512f3650bdd4694557cb2d27f838366c88721c3eb84044b9f3b9a7ba43512e", "fact_id": "3beaf7bb-0b2f-46e5-a03f-1f2b3bf5f96c", "lower_minutes": 10, "policy_id": "701aede9-65fa-4ec7-909c-cfb066dac7ed", "replaces_slot": "prior-slot", "retracted": false, "scope": "TEST_ONLY", "semantic_class": "ACTUAL_EXECUTION", "subject_id": "c8ff53f3-a1d2-4e79-a58a-32399745d8e9", "upper_minutes": 10, "valid_until": "2026-10-01T16:52:15.162159+00:00"}], "fitness_hash": "20ab2c397601c3a09dd7822dfbba5be70666f0b6a1f526b641dd6ec86cab2252", "fitness_id": "dfbaccd3-6225-544e-a165-84ce0b8d5c50", "id": "99f9c571-7cb3-5289-b3e8-d3a593060017", "kind": "RESOLUTION", "manifest_hash": "703fa9d02a5a2666d1d37cd01284231b8ef17137419b233b59fd6c14f8927e70", "manifest_id": "31594341-7f5f-419b-a775-94a8050315b2", "nutrition_hash": "c46c34387fb9e79b1483a8bacff72c5c696bff1a4a7edd43866d321fd29be5cf", "nutrition_id": "26001a8b-bec8-500b-a511-daeff5d0bdcd", "policy_hash": "74ac6733acd00e01666290d4821561ae1fe04bf9faf7a6a204318df4318966bf", "policy_id": "701aede9-65fa-4ec7-909c-cfb066dac7ed", "proposal_hash": "20ab2c397601c3a09dd7822dfbba5be70666f0b6a1f526b641dd6ec86cab2252", "proposal_id": "dfbaccd3-6225-544e-a165-84ce0b8d5c50", "query_basis_hash": "b86c0bd7b3ae52cccc465403fbf23f76322a4411167f27220e13e76cb179b53c", "request_id": "2376f834-598d-4300-abc3-2eb059e28842", "request_revision": 1, "resolution_expires_at": "2026-10-01T16:52:15.162159+00:00", "root_id": "134c7bf5-9a22-442b-b641-90cc008ed3c4", "runtime_version": "kl079-full-actions-v1", "snapshot_id": "6eae30aa-fdad-4a41-851b-5f966f42c055", "source_hash": "787b2a76a5ef493d4498c5ac306ea114acb2a9f5229202b15486511c64e21dc2", "source_id": "414fc83f-17f6-55be-b65c-043aec444965", "source_members": ["3beaf7bb-0b2f-46e5-a03f-1f2b3bf5f96c", "d80a6d5c-a56e-4df4-9f36-c4f2bebb7317", "f066631f-f8df-4136-affd-7246519a16bc"], "source_ranges": ["2026-09-30T15:52:15.162159+00:00", "2026-10-01T16:52:15.162159+00:00"], "subject_id": "c8ff53f3-a1d2-4e79-a58a-32399745d8e9", "superseded_or_retracted_items": [], "supporting_events": ["9f287820-77ec-402a-9c21-e23b19c19b34"], "truncation_status": "NOT_TRUNCATED", "version": "kl076-mechanical-test-v1"}, "receipt": "5d94d957-a025-4785-8345-4a7d77f36af5"}
FIXTURE_EVIDENCE {"accepted_at": "2026-10-01 15:52:17.624364+00:00", "columns": {"action_parameters_hash": "8194b165ac609544d7c59fdf8b67104428844897e8172181508102e379fa6a39", "action_type": "NUTRITION", "content_hash": "a8abb1b60a6fc5539c687f6dd3e012537b9e6e4a8ca304d785f63ddfe505f1a2", "content_schema_version": 1, "effective_at": null, "hash_scheme_version": 1, "id": "d24abb3c-d77c-5107-be15-075b750d8e71", "known_at": null, "query_basis_hash": "f0239eeffbb831e79642ddccd10e8e2b38233898cbe6007286b33ce007aac986", "recorded_at": "2026-10-01T15:52:17.604971+00:00", "ref_s05_id": "701aede9-65fa-4ec7-909c-cfb066dac7ed", "ref_s09_id": null, "ref_s12_id": null, "ref_s14_id": null, "ref_s24_id": "31594341-7f5f-419b-a775-94a8050315b2", "resolution_expires_at": "2026-10-01T16:52:15.162159+00:00", "resolver_version": "kl079-full-actions-v1", "revision": 1, "status": null, "subject_id": "c8ff53f3-a1d2-4e79-a58a-32399745d8e9", "typed_payload": {"action_parameters_hash": "8194b165ac609544d7c59fdf8b67104428844897e8172181508102e379fa6a39", "action_type": "NUTRITION", "attempt_id": "632576c8-3fd6-45a5-9cfd-2b7cdaf0674d", "captured_epoch": 1, "consistency": "CONSISTENT", "context_hash": "cd237289abcfca7e9ec2c76454a2f0d917661480b37f5d6e3f9c8dd26dab9d5b", "contract": "kl079-full-actions-v1", "contradicting_events": [], "coverage": "COMPLETE_FOR_POLICY", "demand_hash": "c0de822245d614f4aba6d5e44f82d272f5e9745336e8b5207dc8d1c0e1a61457", "demand_id": "3c33f3c3-028d-5fc0-be6c-da57457d0988", "event_association_status": "CONFIRMED", "facts": [{"admission": "ADMITTED", "admission_hash": "748c7e7bb906f3fa6be04f902f9279e7150192cd501e1ed6c6b7298b0863c4b4", "admission_id": "f066631f-f8df-4136-affd-7246519a16bc", "association": "CONFIRMED", "association_hash": "fed32decf392bfbf2198868d9207bdcc63b9f09e59374c7d6e38ff1a73b7b2bf", "association_id": "d80a6d5c-a56e-4df4-9f36-c4f2bebb7317", "contradicts": false, "effective_at": "2026-10-01T14:52:15.162159+00:00", "event_id": "9f287820-77ec-402a-9c21-e23b19c19b34", "exercise": "fixture:cycle", "fact_hash": "ef512f3650bdd4694557cb2d27f838366c88721c3eb84044b9f3b9a7ba43512e", "fact_id": "3beaf7bb-0b2f-46e5-a03f-1f2b3bf5f96c", "lower_minutes": 10, "policy_id": "701aede9-65fa-4ec7-909c-cfb066dac7ed", "replaces_slot": "prior-slot", "retracted": false, "scope": "TEST_ONLY", "semantic_class": "ACTUAL_EXECUTION", "subject_id": "c8ff53f3-a1d2-4e79-a58a-32399745d8e9", "upper_minutes": 10, "valid_until": "2026-10-01T16:52:15.162159+00:00"}], "fitness_hash": "20ab2c397601c3a09dd7822dfbba5be70666f0b6a1f526b641dd6ec86cab2252", "fitness_id": "dfbaccd3-6225-544e-a165-84ce0b8d5c50", "id": "d24abb3c-d77c-5107-be15-075b750d8e71", "kind": "RESOLUTION", "manifest_hash": "703fa9d02a5a2666d1d37cd01284231b8ef17137419b233b59fd6c14f8927e70", "manifest_id": "31594341-7f5f-419b-a775-94a8050315b2", "nutrition_hash": "c46c34387fb9e79b1483a8bacff72c5c696bff1a4a7edd43866d321fd29be5cf", "nutrition_id": "26001a8b-bec8-500b-a511-daeff5d0bdcd", "policy_hash": "74ac6733acd00e01666290d4821561ae1fe04bf9faf7a6a204318df4318966bf", "policy_id": "701aede9-65fa-4ec7-909c-cfb066dac7ed", "proposal_hash": "c46c34387fb9e79b1483a8bacff72c5c696bff1a4a7edd43866d321fd29be5cf", "proposal_id": "26001a8b-bec8-500b-a511-daeff5d0bdcd", "query_basis_hash": "f0239eeffbb831e79642ddccd10e8e2b38233898cbe6007286b33ce007aac986", "request_id": "2376f834-598d-4300-abc3-2eb059e28842", "request_revision": 1, "resolution_expires_at": "2026-10-01T16:52:15.162159+00:00", "root_id": "134c7bf5-9a22-442b-b641-90cc008ed3c4", "runtime_version": "kl079-full-actions-v1", "snapshot_id": "6eae30aa-fdad-4a41-851b-5f966f42c055", "source_hash": "787b2a76a5ef493d4498c5ac306ea114acb2a9f5229202b15486511c64e21dc2", "source_id": "414fc83f-17f6-55be-b65c-043aec444965", "source_members": ["3beaf7bb-0b2f-46e5-a03f-1f2b3bf5f96c", "d80a6d5c-a56e-4df4-9f36-c4f2bebb7317", "f066631f-f8df-4136-affd-7246519a16bc"], "source_ranges": ["2026-09-30T15:52:15.162159+00:00", "2026-10-01T16:52:15.162159+00:00"], "subject_id": "c8ff53f3-a1d2-4e79-a58a-32399745d8e9", "superseded_or_retracted_items": [], "supporting_events": ["9f287820-77ec-402a-9c21-e23b19c19b34"], "truncation_status": "NOT_TRUNCATED", "version": "kl076-mechanical-test-v1"}}, "event": "1db23781-b9db-4bb2-bd47-215a51910f1d", "hash": "a8abb1b60a6fc5539c687f6dd3e012537b9e6e4a8ca304d785f63ddfe505f1a2", "id": "d24abb3c-d77c-5107-be15-075b750d8e71", "kind": "full_output", "owner": "ResolveEvidence", "payload": {"action_parameters_hash": "8194b165ac609544d7c59fdf8b67104428844897e8172181508102e379fa6a39", "action_type": "NUTRITION", "attempt_id": "632576c8-3fd6-45a5-9cfd-2b7cdaf0674d", "captured_epoch": 1, "consistency": "CONSISTENT", "context_hash": "cd237289abcfca7e9ec2c76454a2f0d917661480b37f5d6e3f9c8dd26dab9d5b", "contract": "kl079-full-actions-v1", "contradicting_events": [], "coverage": "COMPLETE_FOR_POLICY", "demand_hash": "c0de822245d614f4aba6d5e44f82d272f5e9745336e8b5207dc8d1c0e1a61457", "demand_id": "3c33f3c3-028d-5fc0-be6c-da57457d0988", "event_association_status": "CONFIRMED", "facts": [{"admission": "ADMITTED", "admission_hash": "748c7e7bb906f3fa6be04f902f9279e7150192cd501e1ed6c6b7298b0863c4b4", "admission_id": "f066631f-f8df-4136-affd-7246519a16bc", "association": "CONFIRMED", "association_hash": "fed32decf392bfbf2198868d9207bdcc63b9f09e59374c7d6e38ff1a73b7b2bf", "association_id": "d80a6d5c-a56e-4df4-9f36-c4f2bebb7317", "contradicts": false, "effective_at": "2026-10-01T14:52:15.162159+00:00", "event_id": "9f287820-77ec-402a-9c21-e23b19c19b34", "exercise": "fixture:cycle", "fact_hash": "ef512f3650bdd4694557cb2d27f838366c88721c3eb84044b9f3b9a7ba43512e", "fact_id": "3beaf7bb-0b2f-46e5-a03f-1f2b3bf5f96c", "lower_minutes": 10, "policy_id": "701aede9-65fa-4ec7-909c-cfb066dac7ed", "replaces_slot": "prior-slot", "retracted": false, "scope": "TEST_ONLY", "semantic_class": "ACTUAL_EXECUTION", "subject_id": "c8ff53f3-a1d2-4e79-a58a-32399745d8e9", "upper_minutes": 10, "valid_until": "2026-10-01T16:52:15.162159+00:00"}], "fitness_hash": "20ab2c397601c3a09dd7822dfbba5be70666f0b6a1f526b641dd6ec86cab2252", "fitness_id": "dfbaccd3-6225-544e-a165-84ce0b8d5c50", "id": "d24abb3c-d77c-5107-be15-075b750d8e71", "kind": "RESOLUTION", "manifest_hash": "703fa9d02a5a2666d1d37cd01284231b8ef17137419b233b59fd6c14f8927e70", "manifest_id": "31594341-7f5f-419b-a775-94a8050315b2", "nutrition_hash": "c46c34387fb9e79b1483a8bacff72c5c696bff1a4a7edd43866d321fd29be5cf", "nutrition_id": "26001a8b-bec8-500b-a511-daeff5d0bdcd", "policy_hash": "74ac6733acd00e01666290d4821561ae1fe04bf9faf7a6a204318df4318966bf", "policy_id": "701aede9-65fa-4ec7-909c-cfb066dac7ed", "proposal_hash": "c46c34387fb9e79b1483a8bacff72c5c696bff1a4a7edd43866d321fd29be5cf", "proposal_id": "26001a8b-bec8-500b-a511-daeff5d0bdcd", "query_basis_hash": "f0239eeffbb831e79642ddccd10e8e2b38233898cbe6007286b33ce007aac986", "request_id": "2376f834-598d-4300-abc3-2eb059e28842", "request_revision": 1, "resolution_expires_at": "2026-10-01T16:52:15.162159+00:00", "root_id": "134c7bf5-9a22-442b-b641-90cc008ed3c4", "runtime_version": "kl079-full-actions-v1", "snapshot_id": "6eae30aa-fdad-4a41-851b-5f966f42c055", "source_hash": "787b2a76a5ef493d4498c5ac306ea114acb2a9f5229202b15486511c64e21dc2", "source_id": "414fc83f-17f6-55be-b65c-043aec444965", "source_members": ["3beaf7bb-0b2f-46e5-a03f-1f2b3bf5f96c", "d80a6d5c-a56e-4df4-9f36-c4f2bebb7317", "f066631f-f8df-4136-affd-7246519a16bc"], "source_ranges": ["2026-09-30T15:52:15.162159+00:00", "2026-10-01T16:52:15.162159+00:00"], "subject_id": "c8ff53f3-a1d2-4e79-a58a-32399745d8e9", "superseded_or_retracted_items": [], "supporting_events": ["9f287820-77ec-402a-9c21-e23b19c19b34"], "truncation_status": "NOT_TRUNCATED", "version": "kl076-mechanical-test-v1"}, "receipt": "319fcf4e-d51e-4915-880c-bff31c10c3c2"}
FIXTURE_EVIDENCE {"accepted_at": "2026-10-01 15:52:17.836162+00:00", "columns": {"content_hash": "bed89ce3fd46e56958a91cafe9de0e82638e3e8d16ebdb21af14a7957fdb98da", "content_schema_version": 1, "effective_at": null, "hash_scheme_version": 1, "id": "18ded24e-865d-5e1e-b1c3-5037bf6dc845", "known_at": null, "recorded_at": "2026-10-01T15:52:17.820794+00:00", "ref_s03_id": "e7a80f46-cabd-49db-8e35-3d62e185100c", "ref_s05_id": "701aede9-65fa-4ec7-909c-cfb066dac7ed", "ref_s24_id": "31594341-7f5f-419b-a775-94a8050315b2", "ref_s28_id": "2376f834-598d-4300-abc3-2eb059e28842", "ref_s29_id": "632576c8-3fd6-45a5-9cfd-2b7cdaf0674d", "ref_s34_id": "26001a8b-bec8-500b-a511-daeff5d0bdcd", "ref_s35_id": "3c33f3c3-028d-5fc0-be6c-da57457d0988", "ref_s36_id": "99f9c571-7cb3-5289-b3e8-d3a593060017", "result": "PASS", "revision": 1, "status": null, "subject_id": "c8ff53f3-a1d2-4e79-a58a-32399745d8e9", "typed_payload": {"action_bindings": [{"action_parameters_hash": "f863709ebb1218374d5c57e23c2de587f9f616ac436ec20eb3d2f983ed1bb000", "action_type": "TRAINING", "proposal_hash": "20ab2c397601c3a09dd7822dfbba5be70666f0b6a1f526b641dd6ec86cab2252", "proposal_id": "dfbaccd3-6225-544e-a165-84ce0b8d5c50", "query_basis_hash": "b86c0bd7b3ae52cccc465403fbf23f76322a4411167f27220e13e76cb179b53c", "resolution_hash": "9ab9c6e248426423235a1da1593aa0a434bdb9987f59a76c7ff4e7b86cb908be", "resolution_id": "99f9c571-7cb3-5289-b3e8-d3a593060017"}, {"action_parameters_hash": "8194b165ac609544d7c59fdf8b67104428844897e8172181508102e379fa6a39", "action_type": "NUTRITION", "proposal_hash": "c46c34387fb9e79b1483a8bacff72c5c696bff1a4a7edd43866d321fd29be5cf", "proposal_id": "26001a8b-bec8-500b-a511-daeff5d0bdcd", "query_basis_hash": "f0239eeffbb831e79642ddccd10e8e2b38233898cbe6007286b33ce007aac986", "resolution_hash": "a8abb1b60a6fc5539c687f6dd3e012537b9e6e4a8ca304d785f63ddfe505f1a2", "resolution_id": "d24abb3c-d77c-5107-be15-075b750d8e71"}], "attempt_id": "632576c8-3fd6-45a5-9cfd-2b7cdaf0674d", "captured_epoch": 1, "context_hash": "cd237289abcfca7e9ec2c76454a2f0d917661480b37f5d6e3f9c8dd26dab9d5b", "contract": "kl079-full-actions-v1", "deduplicated_events": ["9f287820-77ec-402a-9c21-e23b19c19b34"], "demand_hash": "c0de822245d614f4aba6d5e44f82d272f5e9745336e8b5207dc8d1c0e1a61457", "execution_basis_event_id": "e7a80f46-cabd-49db-8e35-3d62e185100c", "fitness_hash": "20ab2c397601c3a09dd7822dfbba5be70666f0b6a1f526b641dd6ec86cab2252", "fixture_policy_version": "kl079-full-actions-v1", "id": "18ded24e-865d-5e1e-b1c3-5037bf6dc845", "kind": "VALIDATION", "manifest_id": "31594341-7f5f-419b-a775-94a8050315b2", "nutrition_hash": "c46c34387fb9e79b1483a8bacff72c5c696bff1a4a7edd43866d321fd29be5cf", "policy_envelope": "PASS", "policy_hash": "74ac6733acd00e01666290d4821561ae1fe04bf9faf7a6a204318df4318966bf", "policy_id": "701aede9-65fa-4ec7-909c-cfb066dac7ed", "replaced_slots": ["prior-slot"], "request_id": "2376f834-598d-4300-abc3-2eb059e28842", "request_revision": 1, "required_actions": ["TRAINING", "NUTRITION"], "resolution_hash": "9ab9c6e248426423235a1da1593aa0a434bdb9987f59a76c7ff4e7b86cb908be", "rolling_minutes": 40, "root_id": "134c7bf5-9a22-442b-b641-90cc008ed3c4", "semantic_validation": "PASS", "snapshot_id": "6eae30aa-fdad-4a41-851b-5f966f42c055", "source_ranges": ["2026-09-30T15:52:15.162159+00:00", "2026-10-01T16:52:15.162159+00:00"], "subject_id": "c8ff53f3-a1d2-4e79-a58a-32399745d8e9", "valid_until": "2026-10-01T16:52:15.162159+00:00", "version": "kl076-mechanical-test-v1"}, "valid_until": "2026-10-01T16:52:15.162159+00:00", "validator_artifact": "ba409756-ab44-4cb3-abe8-c7aaba3fa8fa:kl079-full-actions-v1:47141293664d61f6dffde2ef2550b381be3062798b82a38a2f890be50e3c8f8a"}, "event": "6ce825fa-1c96-454f-9a75-0abb3287d781", "hash": "bed89ce3fd46e56958a91cafe9de0e82638e3e8d16ebdb21af14a7957fdb98da", "id": "18ded24e-865d-5e1e-b1c3-5037bf6dc845", "kind": "full_output", "owner": "RecordValidation", "payload": {"action_bindings": [{"action_parameters_hash": "f863709ebb1218374d5c57e23c2de587f9f616ac436ec20eb3d2f983ed1bb000", "action_type": "TRAINING", "proposal_hash": "20ab2c397601c3a09dd7822dfbba5be70666f0b6a1f526b641dd6ec86cab2252", "proposal_id": "dfbaccd3-6225-544e-a165-84ce0b8d5c50", "query_basis_hash": "b86c0bd7b3ae52cccc465403fbf23f76322a4411167f27220e13e76cb179b53c", "resolution_hash": "9ab9c6e248426423235a1da1593aa0a434bdb9987f59a76c7ff4e7b86cb908be", "resolution_id": "99f9c571-7cb3-5289-b3e8-d3a593060017"}, {"action_parameters_hash": "8194b165ac609544d7c59fdf8b67104428844897e8172181508102e379fa6a39", "action_type": "NUTRITION", "proposal_hash": "c46c34387fb9e79b1483a8bacff72c5c696bff1a4a7edd43866d321fd29be5cf", "proposal_id": "26001a8b-bec8-500b-a511-daeff5d0bdcd", "query_basis_hash": "f0239eeffbb831e79642ddccd10e8e2b38233898cbe6007286b33ce007aac986", "resolution_hash": "a8abb1b60a6fc5539c687f6dd3e012537b9e6e4a8ca304d785f63ddfe505f1a2", "resolution_id": "d24abb3c-d77c-5107-be15-075b750d8e71"}], "attempt_id": "632576c8-3fd6-45a5-9cfd-2b7cdaf0674d", "captured_epoch": 1, "context_hash": "cd237289abcfca7e9ec2c76454a2f0d917661480b37f5d6e3f9c8dd26dab9d5b", "contract": "kl079-full-actions-v1", "deduplicated_events": ["9f287820-77ec-402a-9c21-e23b19c19b34"], "demand_hash": "c0de822245d614f4aba6d5e44f82d272f5e9745336e8b5207dc8d1c0e1a61457", "execution_basis_event_id": "e7a80f46-cabd-49db-8e35-3d62e185100c", "fitness_hash": "20ab2c397601c3a09dd7822dfbba5be70666f0b6a1f526b641dd6ec86cab2252", "fixture_policy_version": "kl079-full-actions-v1", "id": "18ded24e-865d-5e1e-b1c3-5037bf6dc845", "kind": "VALIDATION", "manifest_id": "31594341-7f5f-419b-a775-94a8050315b2", "nutrition_hash": "c46c34387fb9e79b1483a8bacff72c5c696bff1a4a7edd43866d321fd29be5cf", "policy_envelope": "PASS", "policy_hash": "74ac6733acd00e01666290d4821561ae1fe04bf9faf7a6a204318df4318966bf", "policy_id": "701aede9-65fa-4ec7-909c-cfb066dac7ed", "replaced_slots": ["prior-slot"], "request_id": "2376f834-598d-4300-abc3-2eb059e28842", "request_revision": 1, "required_actions": ["TRAINING", "NUTRITION"], "resolution_hash": "9ab9c6e248426423235a1da1593aa0a434bdb9987f59a76c7ff4e7b86cb908be", "rolling_minutes": 40, "root_id": "134c7bf5-9a22-442b-b641-90cc008ed3c4", "semantic_validation": "PASS", "snapshot_id": "6eae30aa-fdad-4a41-851b-5f966f42c055", "source_ranges": ["2026-09-30T15:52:15.162159+00:00", "2026-10-01T16:52:15.162159+00:00"], "subject_id": "c8ff53f3-a1d2-4e79-a58a-32399745d8e9", "valid_until": "2026-10-01T16:52:15.162159+00:00", "version": "kl076-mechanical-test-v1"}, "receipt": "6a4d0ff1-0aab-4d4b-a84d-8f589e05889c"}
FIXTURE_EVIDENCE {"dimension": "deadline", "error": "stale owner/fence cannot commit", "kind": "consumer_denial", "stage": "ACTUAL_COMMIT_READY_OWNER", "zero_effects": true}
.FIXTURE_EVIDENCE {"compose": "kineticloop-kl079-full-949bbd5-90cbd6dddc92", "database": "kineticloop_kl079_full_949bbd5_90cbd6dddc92", "elapsed": 21.913200124865398, "inventory": ["bootstrap_two_phase(selected_lifecycle)", "reset", "start", "destroy"], "kind": "cleanup", "remaining_resources": {"container": "", "network": "", "volume": ""}}
INFO  [alembic.runtime.migration] Context impl PostgresqlImpl.
INFO  [alembic.runtime.migration] Will assume transactional DDL.
INFO  [alembic.runtime.migration] Running upgrade  -> 76fd67f76bd4, frozen S01-S51 baseline
INFO  [alembic.runtime.migration] Context impl PostgresqlImpl.
INFO  [alembic.runtime.migration] Will assume transactional DDL.
INFO  [alembic.runtime.migration] Running upgrade 76fd67f76bd4 -> a3f91c7d2e10, migrated SafetyRegistry integration and role-owner hardening
INFO  [alembic.runtime.migration] Running upgrade a3f91c7d2e10 -> b6e4d8a1c927, trusted artifact registration and bounded dependency admission
INFO  [alembic.runtime.migration] Running upgrade b6e4d8a1c927 -> d4c1a9e7b203, production, test, and evaluation subject namespace isolation
INFO  [alembic.runtime.migration] Running upgrade d4c1a9e7b203 -> e8c2f1a6b904, Materialize frozen S27 active partition uniqueness (legacy PENDING = ADMITTED).
NAMESPACE_PU DatabaseNamespace(project_name='kineticloop-kl079-full-949bbd5-90cbd6dddc92', database_name='kineticloop_kl079_full_949bbd5_90cbd6dddc92') negative_controls=foreign_root,sha,digest,label,ambient,nested_cleanup nested_inventory ['bootstrap_two_phase(selected_lifecycle)', 'destroy']
FIXTURE_EVIDENCE {"bootstrap_elapsed": 17.555975999915972, "compose": "kineticloop-kl079-full-949bbd5-90cbd6dddc92", "database": "kineticloop_kl079_full_949bbd5_90cbd6dddc92", "kind": "namespace", "migration": "e8c2f1a6b904", "nested_routes": ["bootstrap_two_phase(selected_lifecycle)", "reset", "start", "compose/_run", "validate_current_database_before_every_source/owner/reset", "finally_destroy"], "resolved_root": "/Users/davetian/.codex/worktrees/685e/KineticLoop", "tested_commit": "949bbd530061ecb3644998719fe998f86cad999e"}
FIXTURE_EVIDENCE {"hash": "47141293664d61f6dffde2ef2550b381be3062798b82a38a2f890be50e3c8f8a", "id": "4496db82-3c3f-420c-8d0a-de3b10aab6ac", "immutable_dependencies": ["073b68e5-5771-4042-a2e7-61b5c8320ddb", "6c7eeb51-cf2b-4bcb-8920-fc235faa3227"], "kind": "runtime_registration", "owner": "SafetyRegistry.RegisterArtifact", "version": "kl079-full-actions-v1"}
FIXTURE_EVIDENCE {"epoch": 1, "factset": "e8efe6dd-3a73-5ab9-9e51-5b19975e075c", "kind": "upstream", "membership_digest": "2a15e2993069da39fddcd4d9271dc99b0449ce666f700a35b2eaf2540be6e55d", "projection": {"dependency_ids": ["1ad311ca-3813-5d18-872b-beefdb8fce21", "1d1134f2-b86e-5923-ba5b-f47ce433f63c", "2ec7765f-0c15-5207-b68c-bce1a6157c02", "9b5b7c0c-3e2c-56c0-8e7a-20dec7f93073", "9ebf64ac-b1ca-53a9-be78-34e03530f3ba", "a5531083-67df-5ef6-9e42-8c9cfe63cda6"], "executable": false, "input_basis_hash": "6a4f6fa15aba2e258f04a72f0f9eeb27f30e0608dd7eef236d4953f4b7744848", "projection_id": "bf2ca104-2a0f-535b-8f10-4c727440d924", "revision": 1}, "publication": {"event_id": "80683aff-b003-438f-8a9a-71fa55d70a4e", "executable": false, "generation": 1, "manifest_id": "2b9dcbe8-acd2-4d4d-b5df-6504bbbce80f", "receipt_id": "57ccd61b-4430-4480-b16a-f07d685e191a", "replayed": false}, "ready": {"artifact_dependency_closure_hash": "8cce321712f9438decea0ad4500085e8e53c842ac01c8c56e03d57ff0e080d7c", "build_id": "53e05093-513a-5c28-8ce5-1f246639b3bb", "dependency_basis_hash": "653d9aae4439bee51b9b7dcc8250b08ac54e7fa42ec89ee2c78a39e053a9649c", "executable": false, "manifest_hash": "581495a3449b84b027241554b9c18967cccbe636693430a822d26996a6858d94", "status": "READY"}, "subject": "e2c02ddb-c529-44f9-b5be-9a84479abfa5"}
FIXTURE_EVIDENCE {"accepted_at": "2026-10-01 15:52:42.576084+00:00", "columns": {"action_parameters_hash": "f863709ebb1218374d5c57e23c2de587f9f616ac436ec20eb3d2f983ed1bb000", "action_type": "TRAINING", "content_hash": "6da9ca69e15626481d8823258656ab85d5cdb78bff8457c5d43b92004bd9089d", "content_schema_version": 1, "effective_at": null, "hash_scheme_version": 1, "id": "29044c3d-a09a-5b70-a5dd-9994f1b11ea0", "known_at": null, "query_basis_hash": "985d35c7e0d62ae6f5a2244e5efe4d3bd95376bbbee7b66f84b5ca4417c95470", "recorded_at": "2026-10-01T15:52:42.552994+00:00", "ref_s05_id": "56e822c3-f26b-44a2-ad8c-e6a5a47d549c", "ref_s09_id": null, "ref_s12_id": null, "ref_s14_id": null, "ref_s24_id": "2b9dcbe8-acd2-4d4d-b5df-6504bbbce80f", "resolution_expires_at": "2026-10-01T15:52:46.208858+00:00", "resolver_version": "kl079-full-actions-v1", "revision": 1, "status": null, "subject_id": "e2c02ddb-c529-44f9-b5be-9a84479abfa5", "typed_payload": {"action_parameters_hash": "f863709ebb1218374d5c57e23c2de587f9f616ac436ec20eb3d2f983ed1bb000", "action_type": "TRAINING", "attempt_id": "6cdd2faf-6d99-4850-aa98-a70a7f5f3ee4", "captured_epoch": 1, "consistency": "CONSISTENT", "context_hash": "d5b17ecb64ca2248588c980bf63c049a8c55b76ccc6ec636aa077c3fb683d970", "contract": "kl079-full-actions-v1", "contradicting_events": [], "coverage": "COMPLETE_FOR_POLICY", "demand_hash": "16246db68836247b2ac1f7ff49b18cb442bfb0035092c9f41b962dadccfa7754", "demand_id": "db3bb3d8-0d95-5295-820f-9de6e6993cae", "event_association_status": "CONFIRMED", "facts": [{"admission": "ADMITTED", "admission_hash": "d966460cf387ea23a1fbddf9c9a19dfa21bfde37ae6f7b9779092014b738c5f8", "admission_id": "06b3c040-8757-4121-887e-fb315ceb4a46", "association": "CONFIRMED", "association_hash": "ce8bb48bd091d4b8bb1e1fc695409a54bb4b251de13eea4aa028e3134973a6c6", "association_id": "250f4f58-5d0c-479b-ab9f-0262d2bd208c", "contradicts": false, "effective_at": "2026-10-01T14:52:40.208858+00:00", "event_id": "8ee9057d-553f-4cb9-a5b6-7b5f233ff883", "exercise": "fixture:cycle", "fact_hash": "a7e4342357181df5faa91c1fff9da0253ca907ad090b2bfc41e6192c0c8f98f0", "fact_id": "eceb5e47-8558-494e-af73-5f791c248bf0", "lower_minutes": 10, "policy_id": "56e822c3-f26b-44a2-ad8c-e6a5a47d549c", "replaces_slot": "prior-slot", "retracted": false, "scope": "TEST_ONLY", "semantic_class": "ACTUAL_EXECUTION", "subject_id": "e2c02ddb-c529-44f9-b5be-9a84479abfa5", "upper_minutes": 10, "valid_until": "2026-10-01T15:52:46.208858+00:00"}], "fitness_hash": "c3606dc6d71e5ebb6186458a62fbf5510a306669ef1846f915364f88cb7639f6", "fitness_id": "87873b51-986d-584b-ad32-e4f8ceac576b", "id": "29044c3d-a09a-5b70-a5dd-9994f1b11ea0", "kind": "RESOLUTION", "manifest_hash": "581495a3449b84b027241554b9c18967cccbe636693430a822d26996a6858d94", "manifest_id": "2b9dcbe8-acd2-4d4d-b5df-6504bbbce80f", "nutrition_hash": "46e3e0f7ddd779fb31b380c7f0cd7ae5ca9934373e27464e0949a5d079a2c365", "nutrition_id": "b7f2392f-91aa-570e-a69a-b6b3f8a4e967", "policy_hash": "336db0dc08417129bffab401019847fb6f1109bf839542bd28bd21c5f97ebdb6", "policy_id": "56e822c3-f26b-44a2-ad8c-e6a5a47d549c", "proposal_hash": "c3606dc6d71e5ebb6186458a62fbf5510a306669ef1846f915364f88cb7639f6", "proposal_id": "87873b51-986d-584b-ad32-e4f8ceac576b", "query_basis_hash": "985d35c7e0d62ae6f5a2244e5efe4d3bd95376bbbee7b66f84b5ca4417c95470", "request_id": "31ada467-6702-4451-ada7-d2ab37056945", "request_revision": 1, "resolution_expires_at": "2026-10-01T15:52:46.208858+00:00", "root_id": "d0a7461e-2059-41cb-9a82-786b019602a0", "runtime_version": "kl079-full-actions-v1", "snapshot_id": "aa9ce958-8141-4a86-b6ca-eb6f16209205", "source_hash": "a890c63ad4af9d13cdda3c66c40362eaf9acded066e961a4addbaec0aeb6a283", "source_id": "e8efe6dd-3a73-5ab9-9e51-5b19975e075c", "source_members": ["06b3c040-8757-4121-887e-fb315ceb4a46", "250f4f58-5d0c-479b-ab9f-0262d2bd208c", "eceb5e47-8558-494e-af73-5f791c248bf0"], "source_ranges": ["2026-09-30T15:52:40.208858+00:00", "2026-10-01T15:52:46.208858+00:00"], "subject_id": "e2c02ddb-c529-44f9-b5be-9a84479abfa5", "superseded_or_retracted_items": [], "supporting_events": ["8ee9057d-553f-4cb9-a5b6-7b5f233ff883"], "truncation_status": "NOT_TRUNCATED", "version": "kl076-mechanical-test-v1"}}, "event": "9ba1c351-c518-4e8d-a544-72ab2a91e9f5", "hash": "6da9ca69e15626481d8823258656ab85d5cdb78bff8457c5d43b92004bd9089d", "id": "29044c3d-a09a-5b70-a5dd-9994f1b11ea0", "kind": "full_output", "owner": "ResolveEvidence", "payload": {"action_parameters_hash": "f863709ebb1218374d5c57e23c2de587f9f616ac436ec20eb3d2f983ed1bb000", "action_type": "TRAINING", "attempt_id": "6cdd2faf-6d99-4850-aa98-a70a7f5f3ee4", "captured_epoch": 1, "consistency": "CONSISTENT", "context_hash": "d5b17ecb64ca2248588c980bf63c049a8c55b76ccc6ec636aa077c3fb683d970", "contract": "kl079-full-actions-v1", "contradicting_events": [], "coverage": "COMPLETE_FOR_POLICY", "demand_hash": "16246db68836247b2ac1f7ff49b18cb442bfb0035092c9f41b962dadccfa7754", "demand_id": "db3bb3d8-0d95-5295-820f-9de6e6993cae", "event_association_status": "CONFIRMED", "facts": [{"admission": "ADMITTED", "admission_hash": "d966460cf387ea23a1fbddf9c9a19dfa21bfde37ae6f7b9779092014b738c5f8", "admission_id": "06b3c040-8757-4121-887e-fb315ceb4a46", "association": "CONFIRMED", "association_hash": "ce8bb48bd091d4b8bb1e1fc695409a54bb4b251de13eea4aa028e3134973a6c6", "association_id": "250f4f58-5d0c-479b-ab9f-0262d2bd208c", "contradicts": false, "effective_at": "2026-10-01T14:52:40.208858+00:00", "event_id": "8ee9057d-553f-4cb9-a5b6-7b5f233ff883", "exercise": "fixture:cycle", "fact_hash": "a7e4342357181df5faa91c1fff9da0253ca907ad090b2bfc41e6192c0c8f98f0", "fact_id": "eceb5e47-8558-494e-af73-5f791c248bf0", "lower_minutes": 10, "policy_id": "56e822c3-f26b-44a2-ad8c-e6a5a47d549c", "replaces_slot": "prior-slot", "retracted": false, "scope": "TEST_ONLY", "semantic_class": "ACTUAL_EXECUTION", "subject_id": "e2c02ddb-c529-44f9-b5be-9a84479abfa5", "upper_minutes": 10, "valid_until": "2026-10-01T15:52:46.208858+00:00"}], "fitness_hash": "c3606dc6d71e5ebb6186458a62fbf5510a306669ef1846f915364f88cb7639f6", "fitness_id": "87873b51-986d-584b-ad32-e4f8ceac576b", "id": "29044c3d-a09a-5b70-a5dd-9994f1b11ea0", "kind": "RESOLUTION", "manifest_hash": "581495a3449b84b027241554b9c18967cccbe636693430a822d26996a6858d94", "manifest_id": "2b9dcbe8-acd2-4d4d-b5df-6504bbbce80f", "nutrition_hash": "46e3e0f7ddd779fb31b380c7f0cd7ae5ca9934373e27464e0949a5d079a2c365", "nutrition_id": "b7f2392f-91aa-570e-a69a-b6b3f8a4e967", "policy_hash": "336db0dc08417129bffab401019847fb6f1109bf839542bd28bd21c5f97ebdb6", "policy_id": "56e822c3-f26b-44a2-ad8c-e6a5a47d549c", "proposal_hash": "c3606dc6d71e5ebb6186458a62fbf5510a306669ef1846f915364f88cb7639f6", "proposal_id": "87873b51-986d-584b-ad32-e4f8ceac576b", "query_basis_hash": "985d35c7e0d62ae6f5a2244e5efe4d3bd95376bbbee7b66f84b5ca4417c95470", "request_id": "31ada467-6702-4451-ada7-d2ab37056945", "request_revision": 1, "resolution_expires_at": "2026-10-01T15:52:46.208858+00:00", "root_id": "d0a7461e-2059-41cb-9a82-786b019602a0", "runtime_version": "kl079-full-actions-v1", "snapshot_id": "aa9ce958-8141-4a86-b6ca-eb6f16209205", "source_hash": "a890c63ad4af9d13cdda3c66c40362eaf9acded066e961a4addbaec0aeb6a283", "source_id": "e8efe6dd-3a73-5ab9-9e51-5b19975e075c", "source_members": ["06b3c040-8757-4121-887e-fb315ceb4a46", "250f4f58-5d0c-479b-ab9f-0262d2bd208c", "eceb5e47-8558-494e-af73-5f791c248bf0"], "source_ranges": ["2026-09-30T15:52:40.208858+00:00", "2026-10-01T15:52:46.208858+00:00"], "subject_id": "e2c02ddb-c529-44f9-b5be-9a84479abfa5", "superseded_or_retracted_items": [], "supporting_events": ["8ee9057d-553f-4cb9-a5b6-7b5f233ff883"], "truncation_status": "NOT_TRUNCATED", "version": "kl076-mechanical-test-v1"}, "receipt": "70b96819-05ff-4676-9159-2a010e40ac18"}
FIXTURE_EVIDENCE {"accepted_at": "2026-10-01 15:52:42.711771+00:00", "columns": {"action_parameters_hash": "8194b165ac609544d7c59fdf8b67104428844897e8172181508102e379fa6a39", "action_type": "NUTRITION", "content_hash": "fd3b4cd807d4823784ddbe9c1ba61c6ca3d8d0368cce5586c1d06768420a0609", "content_schema_version": 1, "effective_at": null, "hash_scheme_version": 1, "id": "d006c774-93d0-548b-aef9-9c439c8a7da5", "known_at": null, "query_basis_hash": "9a77db2b60f69bc30003d7a1a5c83d3156db6755ea6d31ff9292e503f8bfbcbe", "recorded_at": "2026-10-01T15:52:42.696933+00:00", "ref_s05_id": "56e822c3-f26b-44a2-ad8c-e6a5a47d549c", "ref_s09_id": null, "ref_s12_id": null, "ref_s14_id": null, "ref_s24_id": "2b9dcbe8-acd2-4d4d-b5df-6504bbbce80f", "resolution_expires_at": "2026-10-01T15:52:46.208858+00:00", "resolver_version": "kl079-full-actions-v1", "revision": 1, "status": null, "subject_id": "e2c02ddb-c529-44f9-b5be-9a84479abfa5", "typed_payload": {"action_parameters_hash": "8194b165ac609544d7c59fdf8b67104428844897e8172181508102e379fa6a39", "action_type": "NUTRITION", "attempt_id": "6cdd2faf-6d99-4850-aa98-a70a7f5f3ee4", "captured_epoch": 1, "consistency": "CONSISTENT", "context_hash": "d5b17ecb64ca2248588c980bf63c049a8c55b76ccc6ec636aa077c3fb683d970", "contract": "kl079-full-actions-v1", "contradicting_events": [], "coverage": "COMPLETE_FOR_POLICY", "demand_hash": "16246db68836247b2ac1f7ff49b18cb442bfb0035092c9f41b962dadccfa7754", "demand_id": "db3bb3d8-0d95-5295-820f-9de6e6993cae", "event_association_status": "CONFIRMED", "facts": [{"admission": "ADMITTED", "admission_hash": "d966460cf387ea23a1fbddf9c9a19dfa21bfde37ae6f7b9779092014b738c5f8", "admission_id": "06b3c040-8757-4121-887e-fb315ceb4a46", "association": "CONFIRMED", "association_hash": "ce8bb48bd091d4b8bb1e1fc695409a54bb4b251de13eea4aa028e3134973a6c6", "association_id": "250f4f58-5d0c-479b-ab9f-0262d2bd208c", "contradicts": false, "effective_at": "2026-10-01T14:52:40.208858+00:00", "event_id": "8ee9057d-553f-4cb9-a5b6-7b5f233ff883", "exercise": "fixture:cycle", "fact_hash": "a7e4342357181df5faa91c1fff9da0253ca907ad090b2bfc41e6192c0c8f98f0", "fact_id": "eceb5e47-8558-494e-af73-5f791c248bf0", "lower_minutes": 10, "policy_id": "56e822c3-f26b-44a2-ad8c-e6a5a47d549c", "replaces_slot": "prior-slot", "retracted": false, "scope": "TEST_ONLY", "semantic_class": "ACTUAL_EXECUTION", "subject_id": "e2c02ddb-c529-44f9-b5be-9a84479abfa5", "upper_minutes": 10, "valid_until": "2026-10-01T15:52:46.208858+00:00"}], "fitness_hash": "c3606dc6d71e5ebb6186458a62fbf5510a306669ef1846f915364f88cb7639f6", "fitness_id": "87873b51-986d-584b-ad32-e4f8ceac576b", "id": "d006c774-93d0-548b-aef9-9c439c8a7da5", "kind": "RESOLUTION", "manifest_hash": "581495a3449b84b027241554b9c18967cccbe636693430a822d26996a6858d94", "manifest_id": "2b9dcbe8-acd2-4d4d-b5df-6504bbbce80f", "nutrition_hash": "46e3e0f7ddd779fb31b380c7f0cd7ae5ca9934373e27464e0949a5d079a2c365", "nutrition_id": "b7f2392f-91aa-570e-a69a-b6b3f8a4e967", "policy_hash": "336db0dc08417129bffab401019847fb6f1109bf839542bd28bd21c5f97ebdb6", "policy_id": "56e822c3-f26b-44a2-ad8c-e6a5a47d549c", "proposal_hash": "46e3e0f7ddd779fb31b380c7f0cd7ae5ca9934373e27464e0949a5d079a2c365", "proposal_id": "b7f2392f-91aa-570e-a69a-b6b3f8a4e967", "query_basis_hash": "9a77db2b60f69bc30003d7a1a5c83d3156db6755ea6d31ff9292e503f8bfbcbe", "request_id": "31ada467-6702-4451-ada7-d2ab37056945", "request_revision": 1, "resolution_expires_at": "2026-10-01T15:52:46.208858+00:00", "root_id": "d0a7461e-2059-41cb-9a82-786b019602a0", "runtime_version": "kl079-full-actions-v1", "snapshot_id": "aa9ce958-8141-4a86-b6ca-eb6f16209205", "source_hash": "a890c63ad4af9d13cdda3c66c40362eaf9acded066e961a4addbaec0aeb6a283", "source_id": "e8efe6dd-3a73-5ab9-9e51-5b19975e075c", "source_members": ["06b3c040-8757-4121-887e-fb315ceb4a46", "250f4f58-5d0c-479b-ab9f-0262d2bd208c", "eceb5e47-8558-494e-af73-5f791c248bf0"], "source_ranges": ["2026-09-30T15:52:40.208858+00:00", "2026-10-01T15:52:46.208858+00:00"], "subject_id": "e2c02ddb-c529-44f9-b5be-9a84479abfa5", "superseded_or_retracted_items": [], "supporting_events": ["8ee9057d-553f-4cb9-a5b6-7b5f233ff883"], "truncation_status": "NOT_TRUNCATED", "version": "kl076-mechanical-test-v1"}}, "event": "8e72c32c-3724-4ac6-8577-e0cb7c91f846", "hash": "fd3b4cd807d4823784ddbe9c1ba61c6ca3d8d0368cce5586c1d06768420a0609", "id": "d006c774-93d0-548b-aef9-9c439c8a7da5", "kind": "full_output", "owner": "ResolveEvidence", "payload": {"action_parameters_hash": "8194b165ac609544d7c59fdf8b67104428844897e8172181508102e379fa6a39", "action_type": "NUTRITION", "attempt_id": "6cdd2faf-6d99-4850-aa98-a70a7f5f3ee4", "captured_epoch": 1, "consistency": "CONSISTENT", "context_hash": "d5b17ecb64ca2248588c980bf63c049a8c55b76ccc6ec636aa077c3fb683d970", "contract": "kl079-full-actions-v1", "contradicting_events": [], "coverage": "COMPLETE_FOR_POLICY", "demand_hash": "16246db68836247b2ac1f7ff49b18cb442bfb0035092c9f41b962dadccfa7754", "demand_id": "db3bb3d8-0d95-5295-820f-9de6e6993cae", "event_association_status": "CONFIRMED", "facts": [{"admission": "ADMITTED", "admission_hash": "d966460cf387ea23a1fbddf9c9a19dfa21bfde37ae6f7b9779092014b738c5f8", "admission_id": "06b3c040-8757-4121-887e-fb315ceb4a46", "association": "CONFIRMED", "association_hash": "ce8bb48bd091d4b8bb1e1fc695409a54bb4b251de13eea4aa028e3134973a6c6", "association_id": "250f4f58-5d0c-479b-ab9f-0262d2bd208c", "contradicts": false, "effective_at": "2026-10-01T14:52:40.208858+00:00", "event_id": "8ee9057d-553f-4cb9-a5b6-7b5f233ff883", "exercise": "fixture:cycle", "fact_hash": "a7e4342357181df5faa91c1fff9da0253ca907ad090b2bfc41e6192c0c8f98f0", "fact_id": "eceb5e47-8558-494e-af73-5f791c248bf0", "lower_minutes": 10, "policy_id": "56e822c3-f26b-44a2-ad8c-e6a5a47d549c", "replaces_slot": "prior-slot", "retracted": false, "scope": "TEST_ONLY", "semantic_class": "ACTUAL_EXECUTION", "subject_id": "e2c02ddb-c529-44f9-b5be-9a84479abfa5", "upper_minutes": 10, "valid_until": "2026-10-01T15:52:46.208858+00:00"}], "fitness_hash": "c3606dc6d71e5ebb6186458a62fbf5510a306669ef1846f915364f88cb7639f6", "fitness_id": "87873b51-986d-584b-ad32-e4f8ceac576b", "id": "d006c774-93d0-548b-aef9-9c439c8a7da5", "kind": "RESOLUTION", "manifest_hash": "581495a3449b84b027241554b9c18967cccbe636693430a822d26996a6858d94", "manifest_id": "2b9dcbe8-acd2-4d4d-b5df-6504bbbce80f", "nutrition_hash": "46e3e0f7ddd779fb31b380c7f0cd7ae5ca9934373e27464e0949a5d079a2c365", "nutrition_id": "b7f2392f-91aa-570e-a69a-b6b3f8a4e967", "policy_hash": "336db0dc08417129bffab401019847fb6f1109bf839542bd28bd21c5f97ebdb6", "policy_id": "56e822c3-f26b-44a2-ad8c-e6a5a47d549c", "proposal_hash": "46e3e0f7ddd779fb31b380c7f0cd7ae5ca9934373e27464e0949a5d079a2c365", "proposal_id": "b7f2392f-91aa-570e-a69a-b6b3f8a4e967", "query_basis_hash": "9a77db2b60f69bc30003d7a1a5c83d3156db6755ea6d31ff9292e503f8bfbcbe", "request_id": "31ada467-6702-4451-ada7-d2ab37056945", "request_revision": 1, "resolution_expires_at": "2026-10-01T15:52:46.208858+00:00", "root_id": "d0a7461e-2059-41cb-9a82-786b019602a0", "runtime_version": "kl079-full-actions-v1", "snapshot_id": "aa9ce958-8141-4a86-b6ca-eb6f16209205", "source_hash": "a890c63ad4af9d13cdda3c66c40362eaf9acded066e961a4addbaec0aeb6a283", "source_id": "e8efe6dd-3a73-5ab9-9e51-5b19975e075c", "source_members": ["06b3c040-8757-4121-887e-fb315ceb4a46", "250f4f58-5d0c-479b-ab9f-0262d2bd208c", "eceb5e47-8558-494e-af73-5f791c248bf0"], "source_ranges": ["2026-09-30T15:52:40.208858+00:00", "2026-10-01T15:52:46.208858+00:00"], "subject_id": "e2c02ddb-c529-44f9-b5be-9a84479abfa5", "superseded_or_retracted_items": [], "supporting_events": ["8ee9057d-553f-4cb9-a5b6-7b5f233ff883"], "truncation_status": "NOT_TRUNCATED", "version": "kl076-mechanical-test-v1"}, "receipt": "592eae23-ad48-4dcf-b931-975ec2742b00"}
FIXTURE_EVIDENCE {"accepted_at": "2026-10-01 15:52:42.901776+00:00", "columns": {"content_hash": "c41a4c65afb3812b3779c549f11e906bdd9e2f166b16ff5d4f9f14c3a7d4852d", "content_schema_version": 1, "effective_at": null, "hash_scheme_version": 1, "id": "75c6b964-075f-51d4-b563-8186450497e4", "known_at": null, "recorded_at": "2026-10-01T15:52:42.883433+00:00", "ref_s03_id": "9d3bee7b-acb5-44e1-a9d9-8804ab536129", "ref_s05_id": "56e822c3-f26b-44a2-ad8c-e6a5a47d549c", "ref_s24_id": "2b9dcbe8-acd2-4d4d-b5df-6504bbbce80f", "ref_s28_id": "31ada467-6702-4451-ada7-d2ab37056945", "ref_s29_id": "6cdd2faf-6d99-4850-aa98-a70a7f5f3ee4", "ref_s34_id": "b7f2392f-91aa-570e-a69a-b6b3f8a4e967", "ref_s35_id": "db3bb3d8-0d95-5295-820f-9de6e6993cae", "ref_s36_id": "29044c3d-a09a-5b70-a5dd-9994f1b11ea0", "result": "PASS", "revision": 1, "status": null, "subject_id": "e2c02ddb-c529-44f9-b5be-9a84479abfa5", "typed_payload": {"action_bindings": [{"action_parameters_hash": "f863709ebb1218374d5c57e23c2de587f9f616ac436ec20eb3d2f983ed1bb000", "action_type": "TRAINING", "proposal_hash": "c3606dc6d71e5ebb6186458a62fbf5510a306669ef1846f915364f88cb7639f6", "proposal_id": "87873b51-986d-584b-ad32-e4f8ceac576b", "query_basis_hash": "985d35c7e0d62ae6f5a2244e5efe4d3bd95376bbbee7b66f84b5ca4417c95470", "resolution_hash": "6da9ca69e15626481d8823258656ab85d5cdb78bff8457c5d43b92004bd9089d", "resolution_id": "29044c3d-a09a-5b70-a5dd-9994f1b11ea0"}, {"action_parameters_hash": "8194b165ac609544d7c59fdf8b67104428844897e8172181508102e379fa6a39", "action_type": "NUTRITION", "proposal_hash": "46e3e0f7ddd779fb31b380c7f0cd7ae5ca9934373e27464e0949a5d079a2c365", "proposal_id": "b7f2392f-91aa-570e-a69a-b6b3f8a4e967", "query_basis_hash": "9a77db2b60f69bc30003d7a1a5c83d3156db6755ea6d31ff9292e503f8bfbcbe", "resolution_hash": "fd3b4cd807d4823784ddbe9c1ba61c6ca3d8d0368cce5586c1d06768420a0609", "resolution_id": "d006c774-93d0-548b-aef9-9c439c8a7da5"}], "attempt_id": "6cdd2faf-6d99-4850-aa98-a70a7f5f3ee4", "captured_epoch": 1, "context_hash": "d5b17ecb64ca2248588c980bf63c049a8c55b76ccc6ec636aa077c3fb683d970", "contract": "kl079-full-actions-v1", "deduplicated_events": ["8ee9057d-553f-4cb9-a5b6-7b5f233ff883"], "demand_hash": "16246db68836247b2ac1f7ff49b18cb442bfb0035092c9f41b962dadccfa7754", "execution_basis_event_id": "9d3bee7b-acb5-44e1-a9d9-8804ab536129", "fitness_hash": "c3606dc6d71e5ebb6186458a62fbf5510a306669ef1846f915364f88cb7639f6", "fixture_policy_version": "kl079-full-actions-v1", "id": "75c6b964-075f-51d4-b563-8186450497e4", "kind": "VALIDATION", "manifest_id": "2b9dcbe8-acd2-4d4d-b5df-6504bbbce80f", "nutrition_hash": "46e3e0f7ddd779fb31b380c7f0cd7ae5ca9934373e27464e0949a5d079a2c365", "policy_envelope": "PASS", "policy_hash": "336db0dc08417129bffab401019847fb6f1109bf839542bd28bd21c5f97ebdb6", "policy_id": "56e822c3-f26b-44a2-ad8c-e6a5a47d549c", "replaced_slots": ["prior-slot"], "request_id": "31ada467-6702-4451-ada7-d2ab37056945", "request_revision": 1, "required_actions": ["TRAINING", "NUTRITION"], "resolution_hash": "6da9ca69e15626481d8823258656ab85d5cdb78bff8457c5d43b92004bd9089d", "rolling_minutes": 40, "root_id": "d0a7461e-2059-41cb-9a82-786b019602a0", "semantic_validation": "PASS", "snapshot_id": "aa9ce958-8141-4a86-b6ca-eb6f16209205", "source_ranges": ["2026-09-30T15:52:40.208858+00:00", "2026-10-01T15:52:46.208858+00:00"], "subject_id": "e2c02ddb-c529-44f9-b5be-9a84479abfa5", "valid_until": "2026-10-01T15:52:46.208858+00:00", "version": "kl076-mechanical-test-v1"}, "valid_until": "2026-10-01T15:52:46.208858+00:00", "validator_artifact": "4496db82-3c3f-420c-8d0a-de3b10aab6ac:kl079-full-actions-v1:47141293664d61f6dffde2ef2550b381be3062798b82a38a2f890be50e3c8f8a"}, "event": "f915db6a-d70f-4aa1-bb4c-24a58e1d9e9f", "hash": "c41a4c65afb3812b3779c549f11e906bdd9e2f166b16ff5d4f9f14c3a7d4852d", "id": "75c6b964-075f-51d4-b563-8186450497e4", "kind": "full_output", "owner": "RecordValidation", "payload": {"action_bindings": [{"action_parameters_hash": "f863709ebb1218374d5c57e23c2de587f9f616ac436ec20eb3d2f983ed1bb000", "action_type": "TRAINING", "proposal_hash": "c3606dc6d71e5ebb6186458a62fbf5510a306669ef1846f915364f88cb7639f6", "proposal_id": "87873b51-986d-584b-ad32-e4f8ceac576b", "query_basis_hash": "985d35c7e0d62ae6f5a2244e5efe4d3bd95376bbbee7b66f84b5ca4417c95470", "resolution_hash": "6da9ca69e15626481d8823258656ab85d5cdb78bff8457c5d43b92004bd9089d", "resolution_id": "29044c3d-a09a-5b70-a5dd-9994f1b11ea0"}, {"action_parameters_hash": "8194b165ac609544d7c59fdf8b67104428844897e8172181508102e379fa6a39", "action_type": "NUTRITION", "proposal_hash": "46e3e0f7ddd779fb31b380c7f0cd7ae5ca9934373e27464e0949a5d079a2c365", "proposal_id": "b7f2392f-91aa-570e-a69a-b6b3f8a4e967", "query_basis_hash": "9a77db2b60f69bc30003d7a1a5c83d3156db6755ea6d31ff9292e503f8bfbcbe", "resolution_hash": "fd3b4cd807d4823784ddbe9c1ba61c6ca3d8d0368cce5586c1d06768420a0609", "resolution_id": "d006c774-93d0-548b-aef9-9c439c8a7da5"}], "attempt_id": "6cdd2faf-6d99-4850-aa98-a70a7f5f3ee4", "captured_epoch": 1, "context_hash": "d5b17ecb64ca2248588c980bf63c049a8c55b76ccc6ec636aa077c3fb683d970", "contract": "kl079-full-actions-v1", "deduplicated_events": ["8ee9057d-553f-4cb9-a5b6-7b5f233ff883"], "demand_hash": "16246db68836247b2ac1f7ff49b18cb442bfb0035092c9f41b962dadccfa7754", "execution_basis_event_id": "9d3bee7b-acb5-44e1-a9d9-8804ab536129", "fitness_hash": "c3606dc6d71e5ebb6186458a62fbf5510a306669ef1846f915364f88cb7639f6", "fixture_policy_version": "kl079-full-actions-v1", "id": "75c6b964-075f-51d4-b563-8186450497e4", "kind": "VALIDATION", "manifest_id": "2b9dcbe8-acd2-4d4d-b5df-6504bbbce80f", "nutrition_hash": "46e3e0f7ddd779fb31b380c7f0cd7ae5ca9934373e27464e0949a5d079a2c365", "policy_envelope": "PASS", "policy_hash": "336db0dc08417129bffab401019847fb6f1109bf839542bd28bd21c5f97ebdb6", "policy_id": "56e822c3-f26b-44a2-ad8c-e6a5a47d549c", "replaced_slots": ["prior-slot"], "request_id": "31ada467-6702-4451-ada7-d2ab37056945", "request_revision": 1, "required_actions": ["TRAINING", "NUTRITION"], "resolution_hash": "6da9ca69e15626481d8823258656ab85d5cdb78bff8457c5d43b92004bd9089d", "rolling_minutes": 40, "root_id": "d0a7461e-2059-41cb-9a82-786b019602a0", "semantic_validation": "PASS", "snapshot_id": "aa9ce958-8141-4a86-b6ca-eb6f16209205", "source_ranges": ["2026-09-30T15:52:40.208858+00:00", "2026-10-01T15:52:46.208858+00:00"], "subject_id": "e2c02ddb-c529-44f9-b5be-9a84479abfa5", "valid_until": "2026-10-01T15:52:46.208858+00:00", "version": "kl076-mechanical-test-v1"}, "receipt": "d84d1c83-a46d-40e2-942f-6f2357308085"}
FIXTURE_EVIDENCE {"application": "kl079-consumer-before_expiry", "blocking_pids": [235], "kind": "blocked", "pid": 236, "query": "SELECT id FROM kineticloop.planning_attempts WHERE subject_id=$1 AND id=$2 FOR UPDATE"}
FIXTURE_EVIDENCE {"blocking_pids": [235], "case": "before_expiry", "expiry": "2026-10-01 15:52:46.208858+00:00", "kind": "consumer_clock", "observed": "2026-10-01 15:52:43.111467+00:00", "post_lock": true}
.FIXTURE_EVIDENCE {"compose": "kineticloop-kl079-full-949bbd5-90cbd6dddc92", "database": "kineticloop_kl079_full_949bbd5_90cbd6dddc92", "elapsed": 22.793587957974523, "inventory": ["bootstrap_two_phase(selected_lifecycle)", "reset", "start", "destroy"], "kind": "cleanup", "remaining_resources": {"container": "", "network": "", "volume": ""}}
INFO  [alembic.runtime.migration] Context impl PostgresqlImpl.
INFO  [alembic.runtime.migration] Will assume transactional DDL.
INFO  [alembic.runtime.migration] Running upgrade  -> 76fd67f76bd4, frozen S01-S51 baseline
INFO  [alembic.runtime.migration] Context impl PostgresqlImpl.
INFO  [alembic.runtime.migration] Will assume transactional DDL.
INFO  [alembic.runtime.migration] Running upgrade 76fd67f76bd4 -> a3f91c7d2e10, migrated SafetyRegistry integration and role-owner hardening
INFO  [alembic.runtime.migration] Running upgrade a3f91c7d2e10 -> b6e4d8a1c927, trusted artifact registration and bounded dependency admission
INFO  [alembic.runtime.migration] Running upgrade b6e4d8a1c927 -> d4c1a9e7b203, production, test, and evaluation subject namespace isolation
INFO  [alembic.runtime.migration] Running upgrade d4c1a9e7b203 -> e8c2f1a6b904, Materialize frozen S27 active partition uniqueness (legacy PENDING = ADMITTED).
NAMESPACE_PU DatabaseNamespace(project_name='kineticloop-kl079-full-949bbd5-90cbd6dddc92', database_name='kineticloop_kl079_full_949bbd5_90cbd6dddc92') negative_controls=foreign_root,sha,digest,label,ambient,nested_cleanup nested_inventory ['bootstrap_two_phase(selected_lifecycle)', 'destroy']
FIXTURE_EVIDENCE {"bootstrap_elapsed": 17.231686083134264, "compose": "kineticloop-kl079-full-949bbd5-90cbd6dddc92", "database": "kineticloop_kl079_full_949bbd5_90cbd6dddc92", "kind": "namespace", "migration": "e8c2f1a6b904", "nested_routes": ["bootstrap_two_phase(selected_lifecycle)", "reset", "start", "compose/_run", "validate_current_database_before_every_source/owner/reset", "finally_destroy"], "resolved_root": "/Users/davetian/.codex/worktrees/685e/KineticLoop", "tested_commit": "949bbd530061ecb3644998719fe998f86cad999e"}
FIXTURE_EVIDENCE {"hash": "47141293664d61f6dffde2ef2550b381be3062798b82a38a2f890be50e3c8f8a", "id": "08b91474-3094-4cf1-a7b3-db4c65b294fa", "immutable_dependencies": ["0b0bd5e4-1741-4cba-96a9-e84b86e4e55f", "bc653e8d-b6d5-4643-af65-9e24400abd59"], "kind": "runtime_registration", "owner": "SafetyRegistry.RegisterArtifact", "version": "kl079-full-actions-v1"}
FIXTURE_EVIDENCE {"epoch": 1, "factset": "e4431eb8-453e-54a8-887f-2308cea665f3", "kind": "upstream", "membership_digest": "44b72fe4b5802c60d426292226df41a691f268bdd5f778bad07d6199d5a640d3", "projection": {"dependency_ids": ["3050c228-e8cd-5d40-b052-c32d412887c0", "532b5492-953e-55da-b326-ad52078523f2", "917cb843-e930-56e2-a55e-34b21ed99074", "ae54e5b9-1873-5141-8286-6ff38bb9663f", "bd8f6ee4-cb00-5b77-83f2-004be5fbdd42", "ead22652-e384-5699-aa27-cc699e2f55ac"], "executable": false, "input_basis_hash": "d44889ea1f0d9e0167df277f90023a2ec6d2a30f0d73d3ffc2e4a8a9ed2b5f5b", "projection_id": "cacb8e30-f99a-5b70-bd00-912a0e6e62c8", "revision": 1}, "publication": {"event_id": "ae982793-d962-493c-8be8-92173da05da1", "executable": false, "generation": 1, "manifest_id": "4f8aa26d-74ef-4c6d-9e74-e3ddeb40b821", "receipt_id": "2ce72d92-e726-4ae1-87da-b0b638856158", "replayed": false}, "ready": {"artifact_dependency_closure_hash": "3988fdd84dc4273844a95144f73711fae85912ae2c8b9ad20bab18e12eee3bc6", "build_id": "5d7fa8c3-c0a4-5cfe-a755-c648404702b8", "dependency_basis_hash": "4c64d3cd7fa324c3e65da74d87a84efb07c90037a1d41f2d9e8887a9cdf8acd7", "executable": false, "manifest_hash": "1376db4c78d475f15f95da120538b376169a0295ca8bea65a6bcc219ce7059b5", "status": "READY"}, "subject": "583c116e-d2e6-4ddd-ab23-6d86821db826"}
FIXTURE_EVIDENCE {"accepted_at": "2026-10-01 15:53:07.642206+00:00", "columns": {"action_parameters_hash": "f863709ebb1218374d5c57e23c2de587f9f616ac436ec20eb3d2f983ed1bb000", "action_type": "TRAINING", "content_hash": "971982a060b73ada1a3705605889d565c69739191f8bac160443410ddcf40844", "content_schema_version": 1, "effective_at": null, "hash_scheme_version": 1, "id": "31d0945d-2f16-5d8b-a5b4-05b8d59926e6", "known_at": null, "query_basis_hash": "6f953325f051a1947f31cf05bba954377f88f42ecb3961f4f6de5a8dc2a6623b", "recorded_at": "2026-10-01T15:53:07.621518+00:00", "ref_s05_id": "f0d5d139-5f53-4ee3-b7ea-d3d168ab40ef", "ref_s09_id": null, "ref_s12_id": null, "ref_s14_id": null, "ref_s24_id": "4f8aa26d-74ef-4c6d-9e74-e3ddeb40b821", "resolution_expires_at": "2026-10-01T15:53:11.365235+00:00", "resolver_version": "kl079-full-actions-v1", "revision": 1, "status": null, "subject_id": "583c116e-d2e6-4ddd-ab23-6d86821db826", "typed_payload": {"action_parameters_hash": "f863709ebb1218374d5c57e23c2de587f9f616ac436ec20eb3d2f983ed1bb000", "action_type": "TRAINING", "attempt_id": "70926557-1132-4ac7-a7a1-98458dbb9479", "captured_epoch": 1, "consistency": "CONSISTENT", "context_hash": "731b8c7f31c42851f4b452db019a70856fac4344ad1d8dfef8bc951cef754cb9", "contract": "kl079-full-actions-v1", "contradicting_events": [], "coverage": "COMPLETE_FOR_POLICY", "demand_hash": "fd18a30801a37ad1bef5378deb7b47ef41af419e9ac59ff22194fd6b311606e4", "demand_id": "7d53f35b-7524-5453-aa44-696283bab3ac", "event_association_status": "CONFIRMED", "facts": [{"admission": "ADMITTED", "admission_hash": "eeaf5674519765e3e23fc4d47351fab7438b614d1b57bfb878bb170b6aa38a8e", "admission_id": "eb30e0d0-30df-4295-baf6-d99a6928977c", "association": "CONFIRMED", "association_hash": "3371724dc8e06f2a73b5ddf4aba9364e05bbd66a09974c7d53b245a71943f4e9", "association_id": "b738c6d1-a51c-4e67-87e9-59e99c69cfb0", "contradicts": false, "effective_at": "2026-10-01T14:53:05.365235+00:00", "event_id": "8c56040b-c5bd-4de3-91e2-a381ec1913ba", "exercise": "fixture:cycle", "fact_hash": "12b3bc9225ca05c0c2a66cd593624834910eda18fdc1a0ad8f9fbc9f4f2c925f", "fact_id": "10039936-aeb1-43b7-a6d6-bc34da369897", "lower_minutes": 10, "policy_id": "f0d5d139-5f53-4ee3-b7ea-d3d168ab40ef", "replaces_slot": "prior-slot", "retracted": false, "scope": "TEST_ONLY", "semantic_class": "ACTUAL_EXECUTION", "subject_id": "583c116e-d2e6-4ddd-ab23-6d86821db826", "upper_minutes": 10, "valid_until": "2026-10-01T15:53:11.365235+00:00"}], "fitness_hash": "23c611615133caedb9e0d84ea5c3d4afba94d528b3bb83b6df70dfa43d0d516e", "fitness_id": "3e4d7124-0953-5146-9def-9d38ec43d82f", "id": "31d0945d-2f16-5d8b-a5b4-05b8d59926e6", "kind": "RESOLUTION", "manifest_hash": "1376db4c78d475f15f95da120538b376169a0295ca8bea65a6bcc219ce7059b5", "manifest_id": "4f8aa26d-74ef-4c6d-9e74-e3ddeb40b821", "nutrition_hash": "ed5a106fdd3d6d8044f52f461bf881c02e0e942bc95e55a6dd6a5452afee1009", "nutrition_id": "8aa13e19-9c7c-5741-95a0-a8553e7f0fb4", "policy_hash": "0216cc8b0c2295d9601e5f0f87233f8abe6023810f4a199c822253d2a853fa97", "policy_id": "f0d5d139-5f53-4ee3-b7ea-d3d168ab40ef", "proposal_hash": "23c611615133caedb9e0d84ea5c3d4afba94d528b3bb83b6df70dfa43d0d516e", "proposal_id": "3e4d7124-0953-5146-9def-9d38ec43d82f", "query_basis_hash": "6f953325f051a1947f31cf05bba954377f88f42ecb3961f4f6de5a8dc2a6623b", "request_id": "37c7c610-4636-4ec3-b40c-8548242caf0d", "request_revision": 1, "resolution_expires_at": "2026-10-01T15:53:11.365235+00:00", "root_id": "7d550116-8f20-4f1a-abef-e165e44e9cdf", "runtime_version": "kl079-full-actions-v1", "snapshot_id": "0edeb2fa-0904-49e0-92b7-25ad0861d650", "source_hash": "b3c8b6bafdbb68eb99b81abd186a0becf7f5306ce0b986299771648359246e6a", "source_id": "e4431eb8-453e-54a8-887f-2308cea665f3", "source_members": ["10039936-aeb1-43b7-a6d6-bc34da369897", "b738c6d1-a51c-4e67-87e9-59e99c69cfb0", "eb30e0d0-30df-4295-baf6-d99a6928977c"], "source_ranges": ["2026-09-30T15:53:05.365235+00:00", "2026-10-01T15:53:11.365235+00:00"], "subject_id": "583c116e-d2e6-4ddd-ab23-6d86821db826", "superseded_or_retracted_items": [], "supporting_events": ["8c56040b-c5bd-4de3-91e2-a381ec1913ba"], "truncation_status": "NOT_TRUNCATED", "version": "kl076-mechanical-test-v1"}}, "event": "90c9035b-3e78-4155-826d-d1855b38e416", "hash": "971982a060b73ada1a3705605889d565c69739191f8bac160443410ddcf40844", "id": "31d0945d-2f16-5d8b-a5b4-05b8d59926e6", "kind": "full_output", "owner": "ResolveEvidence", "payload": {"action_parameters_hash": "f863709ebb1218374d5c57e23c2de587f9f616ac436ec20eb3d2f983ed1bb000", "action_type": "TRAINING", "attempt_id": "70926557-1132-4ac7-a7a1-98458dbb9479", "captured_epoch": 1, "consistency": "CONSISTENT", "context_hash": "731b8c7f31c42851f4b452db019a70856fac4344ad1d8dfef8bc951cef754cb9", "contract": "kl079-full-actions-v1", "contradicting_events": [], "coverage": "COMPLETE_FOR_POLICY", "demand_hash": "fd18a30801a37ad1bef5378deb7b47ef41af419e9ac59ff22194fd6b311606e4", "demand_id": "7d53f35b-7524-5453-aa44-696283bab3ac", "event_association_status": "CONFIRMED", "facts": [{"admission": "ADMITTED", "admission_hash": "eeaf5674519765e3e23fc4d47351fab7438b614d1b57bfb878bb170b6aa38a8e", "admission_id": "eb30e0d0-30df-4295-baf6-d99a6928977c", "association": "CONFIRMED", "association_hash": "3371724dc8e06f2a73b5ddf4aba9364e05bbd66a09974c7d53b245a71943f4e9", "association_id": "b738c6d1-a51c-4e67-87e9-59e99c69cfb0", "contradicts": false, "effective_at": "2026-10-01T14:53:05.365235+00:00", "event_id": "8c56040b-c5bd-4de3-91e2-a381ec1913ba", "exercise": "fixture:cycle", "fact_hash": "12b3bc9225ca05c0c2a66cd593624834910eda18fdc1a0ad8f9fbc9f4f2c925f", "fact_id": "10039936-aeb1-43b7-a6d6-bc34da369897", "lower_minutes": 10, "policy_id": "f0d5d139-5f53-4ee3-b7ea-d3d168ab40ef", "replaces_slot": "prior-slot", "retracted": false, "scope": "TEST_ONLY", "semantic_class": "ACTUAL_EXECUTION", "subject_id": "583c116e-d2e6-4ddd-ab23-6d86821db826", "upper_minutes": 10, "valid_until": "2026-10-01T15:53:11.365235+00:00"}], "fitness_hash": "23c611615133caedb9e0d84ea5c3d4afba94d528b3bb83b6df70dfa43d0d516e", "fitness_id": "3e4d7124-0953-5146-9def-9d38ec43d82f", "id": "31d0945d-2f16-5d8b-a5b4-05b8d59926e6", "kind": "RESOLUTION", "manifest_hash": "1376db4c78d475f15f95da120538b376169a0295ca8bea65a6bcc219ce7059b5", "manifest_id": "4f8aa26d-74ef-4c6d-9e74-e3ddeb40b821", "nutrition_hash": "ed5a106fdd3d6d8044f52f461bf881c02e0e942bc95e55a6dd6a5452afee1009", "nutrition_id": "8aa13e19-9c7c-5741-95a0-a8553e7f0fb4", "policy_hash": "0216cc8b0c2295d9601e5f0f87233f8abe6023810f4a199c822253d2a853fa97", "policy_id": "f0d5d139-5f53-4ee3-b7ea-d3d168ab40ef", "proposal_hash": "23c611615133caedb9e0d84ea5c3d4afba94d528b3bb83b6df70dfa43d0d516e", "proposal_id": "3e4d7124-0953-5146-9def-9d38ec43d82f", "query_basis_hash": "6f953325f051a1947f31cf05bba954377f88f42ecb3961f4f6de5a8dc2a6623b", "request_id": "37c7c610-4636-4ec3-b40c-8548242caf0d", "request_revision": 1, "resolution_expires_at": "2026-10-01T15:53:11.365235+00:00", "root_id": "7d550116-8f20-4f1a-abef-e165e44e9cdf", "runtime_version": "kl079-full-actions-v1", "snapshot_id": "0edeb2fa-0904-49e0-92b7-25ad0861d650", "source_hash": "b3c8b6bafdbb68eb99b81abd186a0becf7f5306ce0b986299771648359246e6a", "source_id": "e4431eb8-453e-54a8-887f-2308cea665f3", "source_members": ["10039936-aeb1-43b7-a6d6-bc34da369897", "b738c6d1-a51c-4e67-87e9-59e99c69cfb0", "eb30e0d0-30df-4295-baf6-d99a6928977c"], "source_ranges": ["2026-09-30T15:53:05.365235+00:00", "2026-10-01T15:53:11.365235+00:00"], "subject_id": "583c116e-d2e6-4ddd-ab23-6d86821db826", "superseded_or_retracted_items": [], "supporting_events": ["8c56040b-c5bd-4de3-91e2-a381ec1913ba"], "truncation_status": "NOT_TRUNCATED", "version": "kl076-mechanical-test-v1"}, "receipt": "8f305a5a-2d39-4301-821e-7b073ae0d5ed"}
FIXTURE_EVIDENCE {"accepted_at": "2026-10-01 15:53:07.830153+00:00", "columns": {"action_parameters_hash": "8194b165ac609544d7c59fdf8b67104428844897e8172181508102e379fa6a39", "action_type": "NUTRITION", "content_hash": "b30ccbdb599c9f37b443525e1684efa427725a766f5219f2e5df984c97106ce8", "content_schema_version": 1, "effective_at": null, "hash_scheme_version": 1, "id": "d2ffef54-0898-580b-a30e-7762339e6ac4", "known_at": null, "query_basis_hash": "630d5080c49f4f7d93fa9f91062d122fd48990402760e531f2e93a710ca12ba7", "recorded_at": "2026-10-01T15:53:07.809712+00:00", "ref_s05_id": "f0d5d139-5f53-4ee3-b7ea-d3d168ab40ef", "ref_s09_id": null, "ref_s12_id": null, "ref_s14_id": null, "ref_s24_id": "4f8aa26d-74ef-4c6d-9e74-e3ddeb40b821", "resolution_expires_at": "2026-10-01T15:53:11.365235+00:00", "resolver_version": "kl079-full-actions-v1", "revision": 1, "status": null, "subject_id": "583c116e-d2e6-4ddd-ab23-6d86821db826", "typed_payload": {"action_parameters_hash": "8194b165ac609544d7c59fdf8b67104428844897e8172181508102e379fa6a39", "action_type": "NUTRITION", "attempt_id": "70926557-1132-4ac7-a7a1-98458dbb9479", "captured_epoch": 1, "consistency": "CONSISTENT", "context_hash": "731b8c7f31c42851f4b452db019a70856fac4344ad1d8dfef8bc951cef754cb9", "contract": "kl079-full-actions-v1", "contradicting_events": [], "coverage": "COMPLETE_FOR_POLICY", "demand_hash": "fd18a30801a37ad1bef5378deb7b47ef41af419e9ac59ff22194fd6b311606e4", "demand_id": "7d53f35b-7524-5453-aa44-696283bab3ac", "event_association_status": "CONFIRMED", "facts": [{"admission": "ADMITTED", "admission_hash": "eeaf5674519765e3e23fc4d47351fab7438b614d1b57bfb878bb170b6aa38a8e", "admission_id": "eb30e0d0-30df-4295-baf6-d99a6928977c", "association": "CONFIRMED", "association_hash": "3371724dc8e06f2a73b5ddf4aba9364e05bbd66a09974c7d53b245a71943f4e9", "association_id": "b738c6d1-a51c-4e67-87e9-59e99c69cfb0", "contradicts": false, "effective_at": "2026-10-01T14:53:05.365235+00:00", "event_id": "8c56040b-c5bd-4de3-91e2-a381ec1913ba", "exercise": "fixture:cycle", "fact_hash": "12b3bc9225ca05c0c2a66cd593624834910eda18fdc1a0ad8f9fbc9f4f2c925f", "fact_id": "10039936-aeb1-43b7-a6d6-bc34da369897", "lower_minutes": 10, "policy_id": "f0d5d139-5f53-4ee3-b7ea-d3d168ab40ef", "replaces_slot": "prior-slot", "retracted": false, "scope": "TEST_ONLY", "semantic_class": "ACTUAL_EXECUTION", "subject_id": "583c116e-d2e6-4ddd-ab23-6d86821db826", "upper_minutes": 10, "valid_until": "2026-10-01T15:53:11.365235+00:00"}], "fitness_hash": "23c611615133caedb9e0d84ea5c3d4afba94d528b3bb83b6df70dfa43d0d516e", "fitness_id": "3e4d7124-0953-5146-9def-9d38ec43d82f", "id": "d2ffef54-0898-580b-a30e-7762339e6ac4", "kind": "RESOLUTION", "manifest_hash": "1376db4c78d475f15f95da120538b376169a0295ca8bea65a6bcc219ce7059b5", "manifest_id": "4f8aa26d-74ef-4c6d-9e74-e3ddeb40b821", "nutrition_hash": "ed5a106fdd3d6d8044f52f461bf881c02e0e942bc95e55a6dd6a5452afee1009", "nutrition_id": "8aa13e19-9c7c-5741-95a0-a8553e7f0fb4", "policy_hash": "0216cc8b0c2295d9601e5f0f87233f8abe6023810f4a199c822253d2a853fa97", "policy_id": "f0d5d139-5f53-4ee3-b7ea-d3d168ab40ef", "proposal_hash": "ed5a106fdd3d6d8044f52f461bf881c02e0e942bc95e55a6dd6a5452afee1009", "proposal_id": "8aa13e19-9c7c-5741-95a0-a8553e7f0fb4", "query_basis_hash": "630d5080c49f4f7d93fa9f91062d122fd48990402760e531f2e93a710ca12ba7", "request_id": "37c7c610-4636-4ec3-b40c-8548242caf0d", "request_revision": 1, "resolution_expires_at": "2026-10-01T15:53:11.365235+00:00", "root_id": "7d550116-8f20-4f1a-abef-e165e44e9cdf", "runtime_version": "kl079-full-actions-v1", "snapshot_id": "0edeb2fa-0904-49e0-92b7-25ad0861d650", "source_hash": "b3c8b6bafdbb68eb99b81abd186a0becf7f5306ce0b986299771648359246e6a", "source_id": "e4431eb8-453e-54a8-887f-2308cea665f3", "source_members": ["10039936-aeb1-43b7-a6d6-bc34da369897", "b738c6d1-a51c-4e67-87e9-59e99c69cfb0", "eb30e0d0-30df-4295-baf6-d99a6928977c"], "source_ranges": ["2026-09-30T15:53:05.365235+00:00", "2026-10-01T15:53:11.365235+00:00"], "subject_id": "583c116e-d2e6-4ddd-ab23-6d86821db826", "superseded_or_retracted_items": [], "supporting_events": ["8c56040b-c5bd-4de3-91e2-a381ec1913ba"], "truncation_status": "NOT_TRUNCATED", "version": "kl076-mechanical-test-v1"}}, "event": "0169eae9-500d-45ef-a518-aef1d36a5743", "hash": "b30ccbdb599c9f37b443525e1684efa427725a766f5219f2e5df984c97106ce8", "id": "d2ffef54-0898-580b-a30e-7762339e6ac4", "kind": "full_output", "owner": "ResolveEvidence", "payload": {"action_parameters_hash": "8194b165ac609544d7c59fdf8b67104428844897e8172181508102e379fa6a39", "action_type": "NUTRITION", "attempt_id": "70926557-1132-4ac7-a7a1-98458dbb9479", "captured_epoch": 1, "consistency": "CONSISTENT", "context_hash": "731b8c7f31c42851f4b452db019a70856fac4344ad1d8dfef8bc951cef754cb9", "contract": "kl079-full-actions-v1", "contradicting_events": [], "coverage": "COMPLETE_FOR_POLICY", "demand_hash": "fd18a30801a37ad1bef5378deb7b47ef41af419e9ac59ff22194fd6b311606e4", "demand_id": "7d53f35b-7524-5453-aa44-696283bab3ac", "event_association_status": "CONFIRMED", "facts": [{"admission": "ADMITTED", "admission_hash": "eeaf5674519765e3e23fc4d47351fab7438b614d1b57bfb878bb170b6aa38a8e", "admission_id": "eb30e0d0-30df-4295-baf6-d99a6928977c", "association": "CONFIRMED", "association_hash": "3371724dc8e06f2a73b5ddf4aba9364e05bbd66a09974c7d53b245a71943f4e9", "association_id": "b738c6d1-a51c-4e67-87e9-59e99c69cfb0", "contradicts": false, "effective_at": "2026-10-01T14:53:05.365235+00:00", "event_id": "8c56040b-c5bd-4de3-91e2-a381ec1913ba", "exercise": "fixture:cycle", "fact_hash": "12b3bc9225ca05c0c2a66cd593624834910eda18fdc1a0ad8f9fbc9f4f2c925f", "fact_id": "10039936-aeb1-43b7-a6d6-bc34da369897", "lower_minutes": 10, "policy_id": "f0d5d139-5f53-4ee3-b7ea-d3d168ab40ef", "replaces_slot": "prior-slot", "retracted": false, "scope": "TEST_ONLY", "semantic_class": "ACTUAL_EXECUTION", "subject_id": "583c116e-d2e6-4ddd-ab23-6d86821db826", "upper_minutes": 10, "valid_until": "2026-10-01T15:53:11.365235+00:00"}], "fitness_hash": "23c611615133caedb9e0d84ea5c3d4afba94d528b3bb83b6df70dfa43d0d516e", "fitness_id": "3e4d7124-0953-5146-9def-9d38ec43d82f", "id": "d2ffef54-0898-580b-a30e-7762339e6ac4", "kind": "RESOLUTION", "manifest_hash": "1376db4c78d475f15f95da120538b376169a0295ca8bea65a6bcc219ce7059b5", "manifest_id": "4f8aa26d-74ef-4c6d-9e74-e3ddeb40b821", "nutrition_hash": "ed5a106fdd3d6d8044f52f461bf881c02e0e942bc95e55a6dd6a5452afee1009", "nutrition_id": "8aa13e19-9c7c-5741-95a0-a8553e7f0fb4", "policy_hash": "0216cc8b0c2295d9601e5f0f87233f8abe6023810f4a199c822253d2a853fa97", "policy_id": "f0d5d139-5f53-4ee3-b7ea-d3d168ab40ef", "proposal_hash": "ed5a106fdd3d6d8044f52f461bf881c02e0e942bc95e55a6dd6a5452afee1009", "proposal_id": "8aa13e19-9c7c-5741-95a0-a8553e7f0fb4", "query_basis_hash": "630d5080c49f4f7d93fa9f91062d122fd48990402760e531f2e93a710ca12ba7", "request_id": "37c7c610-4636-4ec3-b40c-8548242caf0d", "request_revision": 1, "resolution_expires_at": "2026-10-01T15:53:11.365235+00:00", "root_id": "7d550116-8f20-4f1a-abef-e165e44e9cdf", "runtime_version": "kl079-full-actions-v1", "snapshot_id": "0edeb2fa-0904-49e0-92b7-25ad0861d650", "source_hash": "b3c8b6bafdbb68eb99b81abd186a0becf7f5306ce0b986299771648359246e6a", "source_id": "e4431eb8-453e-54a8-887f-2308cea665f3", "source_members": ["10039936-aeb1-43b7-a6d6-bc34da369897", "b738c6d1-a51c-4e67-87e9-59e99c69cfb0", "eb30e0d0-30df-4295-baf6-d99a6928977c"], "source_ranges": ["2026-09-30T15:53:05.365235+00:00", "2026-10-01T15:53:11.365235+00:00"], "subject_id": "583c116e-d2e6-4ddd-ab23-6d86821db826", "superseded_or_retracted_items": [], "supporting_events": ["8c56040b-c5bd-4de3-91e2-a381ec1913ba"], "truncation_status": "NOT_TRUNCATED", "version": "kl076-mechanical-test-v1"}, "receipt": "f7e5edfc-5819-4845-a520-90d29bf93658"}
FIXTURE_EVIDENCE {"accepted_at": "2026-10-01 15:53:08.023544+00:00", "columns": {"content_hash": "853bfeb3fc2a3d314514e4e954c61db23c60cb1951184bf5741d9e78b472b005", "content_schema_version": 1, "effective_at": null, "hash_scheme_version": 1, "id": "25e35503-2d1e-5a84-beae-a650ed964846", "known_at": null, "recorded_at": "2026-10-01T15:53:08.007785+00:00", "ref_s03_id": "b3a706c5-39c6-4052-af05-d787249dbf61", "ref_s05_id": "f0d5d139-5f53-4ee3-b7ea-d3d168ab40ef", "ref_s24_id": "4f8aa26d-74ef-4c6d-9e74-e3ddeb40b821", "ref_s28_id": "37c7c610-4636-4ec3-b40c-8548242caf0d", "ref_s29_id": "70926557-1132-4ac7-a7a1-98458dbb9479", "ref_s34_id": "8aa13e19-9c7c-5741-95a0-a8553e7f0fb4", "ref_s35_id": "7d53f35b-7524-5453-aa44-696283bab3ac", "ref_s36_id": "31d0945d-2f16-5d8b-a5b4-05b8d59926e6", "result": "PASS", "revision": 1, "status": null, "subject_id": "583c116e-d2e6-4ddd-ab23-6d86821db826", "typed_payload": {"action_bindings": [{"action_parameters_hash": "f863709ebb1218374d5c57e23c2de587f9f616ac436ec20eb3d2f983ed1bb000", "action_type": "TRAINING", "proposal_hash": "23c611615133caedb9e0d84ea5c3d4afba94d528b3bb83b6df70dfa43d0d516e", "proposal_id": "3e4d7124-0953-5146-9def-9d38ec43d82f", "query_basis_hash": "6f953325f051a1947f31cf05bba954377f88f42ecb3961f4f6de5a8dc2a6623b", "resolution_hash": "971982a060b73ada1a3705605889d565c69739191f8bac160443410ddcf40844", "resolution_id": "31d0945d-2f16-5d8b-a5b4-05b8d59926e6"}, {"action_parameters_hash": "8194b165ac609544d7c59fdf8b67104428844897e8172181508102e379fa6a39", "action_type": "NUTRITION", "proposal_hash": "ed5a106fdd3d6d8044f52f461bf881c02e0e942bc95e55a6dd6a5452afee1009", "proposal_id": "8aa13e19-9c7c-5741-95a0-a8553e7f0fb4", "query_basis_hash": "630d5080c49f4f7d93fa9f91062d122fd48990402760e531f2e93a710ca12ba7", "resolution_hash": "b30ccbdb599c9f37b443525e1684efa427725a766f5219f2e5df984c97106ce8", "resolution_id": "d2ffef54-0898-580b-a30e-7762339e6ac4"}], "attempt_id": "70926557-1132-4ac7-a7a1-98458dbb9479", "captured_epoch": 1, "context_hash": "731b8c7f31c42851f4b452db019a70856fac4344ad1d8dfef8bc951cef754cb9", "contract": "kl079-full-actions-v1", "deduplicated_events": ["8c56040b-c5bd-4de3-91e2-a381ec1913ba"], "demand_hash": "fd18a30801a37ad1bef5378deb7b47ef41af419e9ac59ff22194fd6b311606e4", "execution_basis_event_id": "b3a706c5-39c6-4052-af05-d787249dbf61", "fitness_hash": "23c611615133caedb9e0d84ea5c3d4afba94d528b3bb83b6df70dfa43d0d516e", "fixture_policy_version": "kl079-full-actions-v1", "id": "25e35503-2d1e-5a84-beae-a650ed964846", "kind": "VALIDATION", "manifest_id": "4f8aa26d-74ef-4c6d-9e74-e3ddeb40b821", "nutrition_hash": "ed5a106fdd3d6d8044f52f461bf881c02e0e942bc95e55a6dd6a5452afee1009", "policy_envelope": "PASS", "policy_hash": "0216cc8b0c2295d9601e5f0f87233f8abe6023810f4a199c822253d2a853fa97", "policy_id": "f0d5d139-5f53-4ee3-b7ea-d3d168ab40ef", "replaced_slots": ["prior-slot"], "request_id": "37c7c610-4636-4ec3-b40c-8548242caf0d", "request_revision": 1, "required_actions": ["TRAINING", "NUTRITION"], "resolution_hash": "971982a060b73ada1a3705605889d565c69739191f8bac160443410ddcf40844", "rolling_minutes": 40, "root_id": "7d550116-8f20-4f1a-abef-e165e44e9cdf", "semantic_validation": "PASS", "snapshot_id": "0edeb2fa-0904-49e0-92b7-25ad0861d650", "source_ranges": ["2026-09-30T15:53:05.365235+00:00", "2026-10-01T15:53:11.365235+00:00"], "subject_id": "583c116e-d2e6-4ddd-ab23-6d86821db826", "valid_until": "2026-10-01T15:53:11.365235+00:00", "version": "kl076-mechanical-test-v1"}, "valid_until": "2026-10-01T15:53:11.365235+00:00", "validator_artifact": "08b91474-3094-4cf1-a7b3-db4c65b294fa:kl079-full-actions-v1:47141293664d61f6dffde2ef2550b381be3062798b82a38a2f890be50e3c8f8a"}, "event": "2d7578d0-d36d-434c-9c3a-9f060cca5453", "hash": "853bfeb3fc2a3d314514e4e954c61db23c60cb1951184bf5741d9e78b472b005", "id": "25e35503-2d1e-5a84-beae-a650ed964846", "kind": "full_output", "owner": "RecordValidation", "payload": {"action_bindings": [{"action_parameters_hash": "f863709ebb1218374d5c57e23c2de587f9f616ac436ec20eb3d2f983ed1bb000", "action_type": "TRAINING", "proposal_hash": "23c611615133caedb9e0d84ea5c3d4afba94d528b3bb83b6df70dfa43d0d516e", "proposal_id": "3e4d7124-0953-5146-9def-9d38ec43d82f", "query_basis_hash": "6f953325f051a1947f31cf05bba954377f88f42ecb3961f4f6de5a8dc2a6623b", "resolution_hash": "971982a060b73ada1a3705605889d565c69739191f8bac160443410ddcf40844", "resolution_id": "31d0945d-2f16-5d8b-a5b4-05b8d59926e6"}, {"action_parameters_hash": "8194b165ac609544d7c59fdf8b67104428844897e8172181508102e379fa6a39", "action_type": "NUTRITION", "proposal_hash": "ed5a106fdd3d6d8044f52f461bf881c02e0e942bc95e55a6dd6a5452afee1009", "proposal_id": "8aa13e19-9c7c-5741-95a0-a8553e7f0fb4", "query_basis_hash": "630d5080c49f4f7d93fa9f91062d122fd48990402760e531f2e93a710ca12ba7", "resolution_hash": "b30ccbdb599c9f37b443525e1684efa427725a766f5219f2e5df984c97106ce8", "resolution_id": "d2ffef54-0898-580b-a30e-7762339e6ac4"}], "attempt_id": "70926557-1132-4ac7-a7a1-98458dbb9479", "captured_epoch": 1, "context_hash": "731b8c7f31c42851f4b452db019a70856fac4344ad1d8dfef8bc951cef754cb9", "contract": "kl079-full-actions-v1", "deduplicated_events": ["8c56040b-c5bd-4de3-91e2-a381ec1913ba"], "demand_hash": "fd18a30801a37ad1bef5378deb7b47ef41af419e9ac59ff22194fd6b311606e4", "execution_basis_event_id": "b3a706c5-39c6-4052-af05-d787249dbf61", "fitness_hash": "23c611615133caedb9e0d84ea5c3d4afba94d528b3bb83b6df70dfa43d0d516e", "fixture_policy_version": "kl079-full-actions-v1", "id": "25e35503-2d1e-5a84-beae-a650ed964846", "kind": "VALIDATION", "manifest_id": "4f8aa26d-74ef-4c6d-9e74-e3ddeb40b821", "nutrition_hash": "ed5a106fdd3d6d8044f52f461bf881c02e0e942bc95e55a6dd6a5452afee1009", "policy_envelope": "PASS", "policy_hash": "0216cc8b0c2295d9601e5f0f87233f8abe6023810f4a199c822253d2a853fa97", "policy_id": "f0d5d139-5f53-4ee3-b7ea-d3d168ab40ef", "replaced_slots": ["prior-slot"], "request_id": "37c7c610-4636-4ec3-b40c-8548242caf0d", "request_revision": 1, "required_actions": ["TRAINING", "NUTRITION"], "resolution_hash": "971982a060b73ada1a3705605889d565c69739191f8bac160443410ddcf40844", "rolling_minutes": 40, "root_id": "7d550116-8f20-4f1a-abef-e165e44e9cdf", "semantic_validation": "PASS", "snapshot_id": "0edeb2fa-0904-49e0-92b7-25ad0861d650", "source_ranges": ["2026-09-30T15:53:05.365235+00:00", "2026-10-01T15:53:11.365235+00:00"], "subject_id": "583c116e-d2e6-4ddd-ab23-6d86821db826", "valid_until": "2026-10-01T15:53:11.365235+00:00", "version": "kl076-mechanical-test-v1"}, "receipt": "15f46e55-e30c-4499-9463-dc32f1c53670"}
FIXTURE_EVIDENCE {"application": "kl079-consumer-after_expiry", "blocking_pids": [229], "kind": "blocked", "pid": 230, "query": "SELECT id FROM kineticloop.planning_attempts WHERE subject_id=$1 AND id=$2 FOR UPDATE"}
FIXTURE_EVIDENCE {"blocking_pids": [229], "case": "after_expiry", "expiry": "2026-10-01 15:53:11.365235+00:00", "kind": "consumer_clock", "observed": "2026-10-01 15:53:11.365824+00:00", "post_lock": true}
FIXTURE_EVIDENCE {"dimension": "after_expiry", "error": "attempt/request/manifest/epoch/stage basis changed or expired", "kind": "consumer_denial", "stage": "ACTUAL_COMMIT_READY_OWNER", "zero_effects": true}
.FIXTURE_EVIDENCE {"compose": "kineticloop-kl079-full-949bbd5-90cbd6dddc92", "database": "kineticloop_kl079_full_949bbd5_90cbd6dddc92", "elapsed": 25.200423415983096, "inventory": ["bootstrap_two_phase(selected_lifecycle)", "reset", "start", "destroy"], "kind": "cleanup", "remaining_resources": {"container": "", "network": "", "volume": ""}}

41 passed in 343.55s (0:05:43)

EXIT_CODE=0
