[
  {
    "task": "harness-backlog-v0.2/KL-017",
    "actual_result": {
      "task_identity": "harness-backlog-v0.2/KL-017",
      "display_task_id": "KL-017",
      "task_definition_version": "v0.2",
      "base_commit": "a2602123a539787ed2a6bed25b892109474d0395",
      "tested_commit": "eb617291e58dcaa99b7873096ada0e08dc7f6f26",
      "merge_commit": null,
      "task_status": "PASS",
      "task_checks_status": "PASS",
      "integration_status": "UNMERGED",
      "summary": "Isolated production, test, and evaluation persistence by authenticated database principal and exact subject. FORCE RLS now protects the two authority-metadata tables as well as the five subject data tables, so post-registration direct, inherited, SET ROLE, ownership, and role-attribute drift cannot reveal or mutate bindings. Registration requires the exact trusted-admin login shape, and upgrade, registration, lookup, and RLS enforce a closed inventory of canonical inbound foreign keys to S38/S42/S45/S46/S47.",
      "commands_run": [
        {
          "check_id": "subject_namespace_isolation",
          "command": "uv run pytest -q tests/db/test_subject_scope.py::test_subject_namespace_isolation",
          "result": "PASS",
          "evidence_ref": "docs/exec-plans/evidence/KL-017/checks-eb61729.log"
        },
        {
          "check_id": "cross_subject_denial_is_non_enumerating",
          "command": "uv run pytest -q tests/db/test_subject_scope.py::test_cross_subject_denial_is_non_enumerating",
          "result": "PASS",
          "evidence_ref": "docs/exec-plans/evidence/KL-017/checks-eb61729.log"
        },
        {
          "check_id": "test_authorization_is_isolated",
          "command": "uv run pytest -q tests/db/test_subject_scope.py::test_test_authorization_is_isolated",
          "result": "PASS",
          "evidence_ref": "docs/exec-plans/evidence/KL-017/checks-eb61729.log"
        },
        {
          "check_id": "evaluation_storage_is_isolated",
          "command": "uv run pytest -q tests/db/test_subject_scope.py::test_evaluation_storage_is_isolated",
          "result": "PASS",
          "evidence_ref": "docs/exec-plans/evidence/KL-017/checks-eb61729.log"
        },
        {
          "check_id": "application_role_scope_enforced",
          "command": "uv run pytest -q tests/db/test_subject_scope.py::test_application_role_scope_enforced",
          "result": "PASS",
          "evidence_ref": "docs/exec-plans/evidence/KL-017/checks-eb61729.log"
        },
        {
          "check_id": "subject_isolation_e2e_passes",
          "command": "uv run pytest -q tests/e2e/test_subject_isolation.py",
          "result": "PASS",
          "evidence_ref": "docs/exec-plans/evidence/KL-017/checks-eb61729.log"
        },
        {
          "check_id": "subject_scope_db_regressions_pass",
          "command": "uv run pytest -q tests/db/test_subject_scope.py tests/db/test_migrations.py",
          "result": "PASS",
          "evidence_ref": "docs/exec-plans/evidence/KL-017/checks-eb61729.log"
        },
        {
          "check_id": "single_migration_head",
          "command": "uv run alembic heads",
          "result": "PASS",
          "evidence_ref": "docs/exec-plans/evidence/KL-017/checks-eb61729.log"
        },
        {
          "check_id": "harness_validation_passes",
          "command": "uv run kl check-harness",
          "result": "PASS",
          "evidence_ref": "docs/exec-plans/evidence/KL-017/checks-eb61729.log"
        },
        {
          "check_id": "complete_db_suite_passes",
          "command": "uv run pytest -q tests/db",
          "result": "PASS",
          "evidence_ref": "docs/exec-plans/evidence/KL-017/checks-eb61729.log"
        }
      ],
      "requirements_covered": [],
      "files_changed": [
        "docs/contracts/subject_scope.md",
        "migrations/versions/d4c1a9e7b203_subject_scope.py",
        "src/kineticloop/persistence/subject_scope.py",
        "tests/db/test_subject_scope.py",
        "tests/db/test_migrations.py",
        "tests/db/test_safety_registry.py",
        "tests/e2e/test_subject_isolation.py",
        "docs/exec-plans/evidence/KL-017/checks-eb61729.log",
        "docs/exec-plans/evidence/KL-017/ci-eb61729.log",
        "docs/exec-plans/completed/KL-017_RESULT.yaml"
      ],
      "decisions": [
        "Force RLS on subject_scopes and subject_principal_bindings with a catalog-only, fixed-search-path policy helper and closed role grants.",
        "Permit authority-metadata reads only for validated internal command owners and auditors; a subject principal with any authority ACL, ownership, or role-graph drift sees no rows.",
        "Retain SECURITY INVOKER row and statement triggers as the independent metadata write boundary, including TRUNCATE denial.",
        "Require the exact externally provisioned kl_trusted_admin_login with one inherited, non-SET, non-admin trusted-admin membership and no extra reachable roles for registration.",
        "Treat inbound foreign keys to S38, S42, S45, S46, and S47 as a closed inventory of eight canonical, subject-keyed constraints checked before upgrade and during registration, lookup, and RLS.",
        "Install one canonical superuser-owned ddl_command_start event trigger during external two-phase cluster bootstrap and require its exact enabled function inventory before d4 upgrade or downgrade.",
        "Bind DDL denial to authenticated session_user and the canonical subject-login name pattern, so deleting or corrupting a binding cannot enable SET ROLE DDL.",
        "Run protected row triggers as SECURITY INVOKER and pass invoking current_user to fixed-search-path SECURITY DEFINER helpers for exact command-owner, binding, subject, namespace, role-graph, ACL, ownership, and foreign-key validation.",
        "Force RLS on S38, S42, S45, S46, and S47 and retain INSERT, UPDATE, DELETE, and TRUNCATE trigger enforcement so BYPASSRLS never becomes a direct bound-subject write path.",
        "Acquire registration ACCESS SHARE and downgrade ACCESS EXCLUSIVE locks in the global order S38, S42, S45, S46, S47, subject scopes, principal bindings; hold downgrade locks through destructive DDL.",
        "Preserve frozen S51-before-S01 and T6/T7 command-owner semantics; the RLS, DML, DDL, metadata, and inbound-FK guards enforce persistence boundaries only."
      ],
      "known_limitations": [
        "Cluster roles, subject credentials, memberships, ownership handoff, continuous role audit, and canonical superuser event-trigger installation remain external two-phase deployment responsibilities documented in docs/contracts/subject_scope.md.",
        "Subject principals must never receive SUPERUSER or BYPASSRLS. PostgreSQL cannot mediate SELECT after a cluster administrator grants either attribute; ALTER ROLE, event-trigger administration, and direct superuser data access remain trusted cluster-administration boundaries.",
        "Operators must retire all classifications, bindings, and protected S38/S42/S45/S46/S47 data before downgrade.",
        "No product requirement PASS or production auto-activation is claimed."
      ],
      "follow_up_tasks": [
        "Run fresh SHA-bound GENERAL, PROTOCOL, DB_CONCURRENCY, and SECURITY_DATA_BOUNDARY independent reviews on the final reviewable head."
      ],
      "spec_change_request": null
    },
    "reviews": [
      {
        "path": "docs/exec-plans/reviews/KL-017/GENERAL.json",
        "sha256": "b02f36dd5d54921be56d8b5bbb7768cb0b0225619e36816b4862f3bb42bc175f",
        "type": "GENERAL",
        "status": "PASS",
        "reviewed_head_sha": "4aa711e0e6aa490e250c8eb3241653b90307df6d"
      },
      {
        "path": "docs/exec-plans/reviews/KL-017/SECURITY_DATA_BOUNDARY.json",
        "sha256": "8cc2c30f1afc0fab0bb3372b1e72923019683674c30e7628a44f1f16d05be826",
        "type": "SECURITY_DATA_BOUNDARY",
        "status": "PASS",
        "reviewed_head_sha": "4aa711e0e6aa490e250c8eb3241653b90307df6d"
      },
      {
        "path": "docs/exec-plans/reviews/KL-017/DB_CONCURRENCY.json",
        "sha256": "0e7f92dfc87b7e295b473b721c56b13f74daebac2589b4038de0c241845b791d",
        "type": "DB_CONCURRENCY",
        "status": "PASS",
        "reviewed_head_sha": "4aa711e0e6aa490e250c8eb3241653b90307df6d"
      },
      {
        "path": "docs/exec-plans/reviews/KL-017/PROTOCOL.json",
        "sha256": "4d47b946503d9a75d8c1847c01de9b981a2b0fcd7c9744171556b5992cb56232",
        "type": "PROTOCOL",
        "status": "PASS",
        "reviewed_head_sha": "4aa711e0e6aa490e250c8eb3241653b90307df6d"
      }
    ],
    "integration": {
      "task_identity": "harness-backlog-v0.2/KL-017",
      "display_task_id": "KL-017",
      "result_commit": "4aa711e0e6aa490e250c8eb3241653b90307df6d",
      "reviewed_head_sha": "4aa711e0e6aa490e250c8eb3241653b90307df6d",
      "review_record_commit": "366d96f0dbc08b3f7d775d860bdce0dbe9b873e1",
      "merge_commit": "21ec0b508959d8ce24dfe1a0e4d59a0820394068",
      "integration_status": "MERGED"
    },
    "normal_merge_parents": [
      "a2602123a539787ed2a6bed25b892109474d0395",
      "366d96f0dbc08b3f7d775d860bdce0dbe9b873e1"
    ]
  },
  {
    "task": "harness-backlog-v0.2/KL-019",
    "actual_result": {
      "task_identity": "harness-backlog-v0.2/KL-019",
      "display_task_id": "KL-019",
      "task_definition_version": "v0.2",
      "base_commit": "62e75bac61c8f3e9b3de6cdc6d19a84ce2776908",
      "tested_commit": "600c901404a5ebcbde3cea289f6249242b2c4686",
      "merge_commit": null,
      "task_status": "PASS",
      "task_checks_status": "PASS",
      "integration_status": "UNMERGED",
      "summary": "Typed isolated TEST service publishes READY inputs through T3, commits one first-day TEST_ONLY P/A through T6 after real KL024 admission/lease, and starts an absent APP_STARTED session through T7. All twenty exact packet checks PASS on the committed tested revision. No target output is seeded and no product or release PASS is inferred.",
      "commands_run": [
        {
          "check_id": "execution_fixture_namespace_isolation_pu",
          "command": "uv run pytest -q tests/unit/protocol/test_execution.py::test_all_fixture_namespaces_fail_before_reset",
          "result": "PASS",
          "evidence_ref": "docs/exec-plans/evidence/KL-019/execution_fixture_namespace_isolation_pu-600c901.log"
        },
        {
          "check_id": "execution_identity_and_wire_pu",
          "command": "uv run pytest -q tests/unit/protocol/test_execution.py::test_identity_and_wire_scope",
          "result": "PASS",
          "evidence_ref": "docs/exec-plans/evidence/KL-019/execution_identity_and_wire_pu-600c901.log"
        },
        {
          "check_id": "publish_ready_build_dc",
          "command": "uv run pytest -q tests/db/test_protocol_execution.py::test_publish_ready_build",
          "result": "PASS",
          "evidence_ref": "docs/exec-plans/evidence/KL-019/publish_ready_build_dc-600c901.log"
        },
        {
          "check_id": "commit_test_only_bundle_dc",
          "command": "uv run pytest -q tests/db/test_protocol_execution.py::test_commit_test_only_bundle",
          "result": "PASS",
          "evidence_ref": "docs/exec-plans/evidence/KL-019/commit_test_only_bundle_dc-600c901.log"
        },
        {
          "check_id": "start_new_session_dc",
          "command": "uv run pytest -q tests/db/test_protocol_execution.py::test_start_new_session",
          "result": "PASS",
          "evidence_ref": "docs/exec-plans/evidence/KL-019/start_new_session_dc-600c901.log"
        },
        {
          "check_id": "execution_stale_commit_basis_dc",
          "command": "uv run pytest -q tests/db/test_protocol_execution.py::test_stale_commit_basis_denies",
          "result": "PASS",
          "evidence_ref": "docs/exec-plans/evidence/KL-019/execution_stale_commit_basis_dc-600c901.log"
        },
        {
          "check_id": "execution_current_start_denial_dc",
          "command": "uv run pytest -q tests/db/test_protocol_execution.py::test_current_start_denial",
          "result": "PASS",
          "evidence_ref": "docs/exec-plans/evidence/KL-019/execution_current_start_denial_dc-600c901.log"
        },
        {
          "check_id": "execution_ack_loss_replay_dc",
          "command": "uv run pytest -q tests/db/test_protocol_execution.py::test_ack_loss_replay_is_historical",
          "result": "PASS",
          "evidence_ref": "docs/exec-plans/evidence/KL-019/execution_ack_loss_replay_dc-600c901.log"
        },
        {
          "check_id": "execution_atomic_rollback_dc",
          "command": "uv run pytest -q tests/db/test_protocol_execution.py::test_failures_roll_back_each_boundary",
          "result": "PASS",
          "evidence_ref": "docs/exec-plans/evidence/KL-019/execution_atomic_rollback_dc-600c901.log"
        },
        {
          "check_id": "execution_first_use_contention_dc",
          "command": "uv run pytest -q tests/db/test_protocol_execution.py::test_first_use_contention",
          "result": "PASS",
          "evidence_ref": "docs/exec-plans/evidence/KL-019/execution_first_use_contention_dc-600c901.log"
        },
        {
          "check_id": "execution_unit_suite_passes",
          "command": "uv run pytest -q tests/unit/protocol/test_execution.py",
          "result": "PASS",
          "evidence_ref": "docs/exec-plans/evidence/KL-019/execution_unit_suite_passes-600c901.log"
        },
        {
          "check_id": "execution_db_suite_passes",
          "command": "uv run pytest -q tests/db/test_protocol_execution.py",
          "result": "PASS",
          "evidence_ref": "docs/exec-plans/evidence/KL-019/execution_db_suite_passes-600c901.log"
        },
        {
          "check_id": "transaction_owner_regressions_pass",
          "command": "KINETICLOOP_KL022_COMPOSE_PROJECT=\"kineticloop-kl019-tx-$(git rev-parse --short HEAD)-$(uv run python -c 'import hashlib,os; from pathlib import Path; print(hashlib.sha256(os.fsencode(Path.cwd().resolve())).hexdigest()[:12])')\" KINETICLOOP_KL022_DATABASE=\"kineticloop_kl019_tx_$(git rev-parse --short HEAD)_$(uv run python -c 'import hashlib,os; from pathlib import Path; print(hashlib.sha256(os.fsencode(Path.cwd().resolve())).hexdigest()[:12])')\" uv run python tests/unit/protocol/test_execution.py --run-transaction-owner-regressions",
          "result": "PASS",
          "evidence_ref": "docs/exec-plans/evidence/KL-019/transaction_owner_regressions_pass-600c901.log"
        },
        {
          "check_id": "planning_prerequisite_regressions_pass",
          "command": "KINETICLOOP_KL024_FIXTURE_OWNER=KL-019 uv run pytest -q tests/unit/workflow/test_planning.py tests/db/test_planning.py",
          "result": "PASS",
          "evidence_ref": "docs/exec-plans/evidence/KL-019/planning_prerequisite_regressions_pass-600c901.log"
        },
        {
          "check_id": "ledger_prerequisite_regressions_pass",
          "command": "KINETICLOOP_KL025_FIXTURE_OWNER=KL-019 uv run pytest -q tests/unit/workflow/test_call_ledger.py tests/db/test_call_ledger.py",
          "result": "PASS",
          "evidence_ref": "docs/exec-plans/evidence/KL-019/ledger_prerequisite_regressions_pass-600c901.log"
        },
        {
          "check_id": "full_unit_regressions_pass",
          "command": "uv run kl test-unit",
          "result": "PASS",
          "evidence_ref": "docs/exec-plans/evidence/KL-019/full_unit_regressions_pass-600c901.log"
        },
        {
          "check_id": "full_harness_regressions_pass",
          "command": "uv run kl test-harness",
          "result": "PASS",
          "evidence_ref": "docs/exec-plans/evidence/KL-019/full_harness_regressions_pass-600c901.log"
        },
        {
          "check_id": "lint_passes",
          "command": "uv run kl lint",
          "result": "PASS",
          "evidence_ref": "docs/exec-plans/evidence/KL-019/lint_passes-600c901.log"
        },
        {
          "check_id": "typecheck_passes",
          "command": "uv run kl typecheck",
          "result": "PASS",
          "evidence_ref": "docs/exec-plans/evidence/KL-019/typecheck_passes-600c901.log"
        },
        {
          "check_id": "harness_validation_passes",
          "command": "uv run kl check-harness",
          "result": "PASS",
          "evidence_ref": "docs/exec-plans/evidence/KL-019/harness_validation_passes-600c901.log"
        }
      ],
      "requirements_covered": [
        {
          "requirement_id": "I01@DC",
          "status": "NOT_RUN",
          "evidence_ref": null
        },
        {
          "requirement_id": "I02@DC",
          "status": "NOT_RUN",
          "evidence_ref": null
        },
        {
          "requirement_id": "I04@DC",
          "status": "NOT_RUN",
          "evidence_ref": null
        },
        {
          "requirement_id": "I04@WF",
          "status": "NOT_RUN",
          "evidence_ref": null
        },
        {
          "requirement_id": "I07@DC",
          "status": "NOT_RUN",
          "evidence_ref": null
        },
        {
          "requirement_id": "A03@DC",
          "status": "NOT_RUN",
          "evidence_ref": null
        }
      ],
      "files_changed": [
        "docs/contracts/protocol_execution.md",
        "docs/exec-plans/completed/KL-019_RESULT.yaml",
        "docs/exec-plans/evidence/KL-019/checks-600c901.json",
        "docs/exec-plans/evidence/KL-019/checks-7cdee15.json",
        "docs/exec-plans/evidence/KL-019/checks-8af107b.json",
        "docs/exec-plans/evidence/KL-019/checks-949820c.json",
        "docs/exec-plans/evidence/KL-019/checks-b47e710.json",
        "docs/exec-plans/evidence/KL-019/checks-bf00942.json",
        "docs/exec-plans/evidence/KL-019/checks-c739273.json",
        "docs/exec-plans/evidence/KL-019/checks-ff073d0.json",
        "docs/exec-plans/evidence/KL-019/commit_test_only_bundle_dc-600c901.log",
        "docs/exec-plans/evidence/KL-019/commit_test_only_bundle_dc-7cdee15.log",
        "docs/exec-plans/evidence/KL-019/commit_test_only_bundle_dc-8af107b.log",
        "docs/exec-plans/evidence/KL-019/commit_test_only_bundle_dc-949820c.log",
        "docs/exec-plans/evidence/KL-019/commit_test_only_bundle_dc-b47e710.log",
        "docs/exec-plans/evidence/KL-019/commit_test_only_bundle_dc-bf00942.log",
        "docs/exec-plans/evidence/KL-019/commit_test_only_bundle_dc-c739273.log",
        "docs/exec-plans/evidence/KL-019/commit_test_only_bundle_dc-ff073d0.log",
        "docs/exec-plans/evidence/KL-019/entry-audit-base-62e75ba.json",
        "docs/exec-plans/evidence/KL-019/entry-audit.json",
        "docs/exec-plans/evidence/KL-019/entry-audit.py",
        "docs/exec-plans/evidence/KL-019/environment-600c901.json",
        "docs/exec-plans/evidence/KL-019/environment-8af107b.json",
        "docs/exec-plans/evidence/KL-019/environment-949820c.json",
        "docs/exec-plans/evidence/KL-019/environment-b47e710.json",
        "docs/exec-plans/evidence/KL-019/environment-ff073d0.json",
        "docs/exec-plans/evidence/KL-019/execution_ack_loss_replay_dc-600c901.log",
        "docs/exec-plans/evidence/KL-019/execution_ack_loss_replay_dc-8af107b.log",
        "docs/exec-plans/evidence/KL-019/execution_ack_loss_replay_dc-949820c.log",
        "docs/exec-plans/evidence/KL-019/execution_ack_loss_replay_dc-b47e710.log",
        "docs/exec-plans/evidence/KL-019/execution_ack_loss_replay_dc-bf00942.log",
        "docs/exec-plans/evidence/KL-019/execution_ack_loss_replay_dc-c739273.log",
        "docs/exec-plans/evidence/KL-019/execution_ack_loss_replay_dc-ff073d0.log",
        "docs/exec-plans/evidence/KL-019/execution_atomic_rollback_dc-600c901.log",
        "docs/exec-plans/evidence/KL-019/execution_atomic_rollback_dc-8af107b.log",
        "docs/exec-plans/evidence/KL-019/execution_atomic_rollback_dc-949820c.log",
        "docs/exec-plans/evidence/KL-019/execution_atomic_rollback_dc-b47e710.log",
        "docs/exec-plans/evidence/KL-019/execution_atomic_rollback_dc-bf00942.log",
        "docs/exec-plans/evidence/KL-019/execution_atomic_rollback_dc-ff073d0.log",
        "docs/exec-plans/evidence/KL-019/execution_current_start_denial_dc-600c901.log",
        "docs/exec-plans/evidence/KL-019/execution_current_start_denial_dc-8af107b.log",
        "docs/exec-plans/evidence/KL-019/execution_current_start_denial_dc-949820c.log",
        "docs/exec-plans/evidence/KL-019/execution_current_start_denial_dc-b47e710.log",
        "docs/exec-plans/evidence/KL-019/execution_current_start_denial_dc-bf00942.log",
        "docs/exec-plans/evidence/KL-019/execution_current_start_denial_dc-c739273.log",
        "docs/exec-plans/evidence/KL-019/execution_current_start_denial_dc-ff073d0.log",
        "docs/exec-plans/evidence/KL-019/execution_db_suite_passes-600c901.log",
        "docs/exec-plans/evidence/KL-019/execution_db_suite_passes-8af107b.log",
        "docs/exec-plans/evidence/KL-019/execution_db_suite_passes-949820c.log",
        "docs/exec-plans/evidence/KL-019/execution_db_suite_passes-b47e710.log",
        "docs/exec-plans/evidence/KL-019/execution_db_suite_passes-bf00942.log",
        "docs/exec-plans/evidence/KL-019/execution_db_suite_passes-ff073d0.log",
        "docs/exec-plans/evidence/KL-019/execution_first_use_contention_dc-600c901.log",
        "docs/exec-plans/evidence/KL-019/execution_first_use_contention_dc-8af107b.log",
        "docs/exec-plans/evidence/KL-019/execution_first_use_contention_dc-949820c.log",
        "docs/exec-plans/evidence/KL-019/execution_first_use_contention_dc-b47e710.log",
        "docs/exec-plans/evidence/KL-019/execution_first_use_contention_dc-bf00942.log",
        "docs/exec-plans/evidence/KL-019/execution_first_use_contention_dc-ff073d0.log",
        "docs/exec-plans/evidence/KL-019/execution_fixture_namespace_isolation_pu-600c901.log",
        "docs/exec-plans/evidence/KL-019/execution_fixture_namespace_isolation_pu-7cdee15.log",
        "docs/exec-plans/evidence/KL-019/execution_fixture_namespace_isolation_pu-8af107b.log",
        "docs/exec-plans/evidence/KL-019/execution_fixture_namespace_isolation_pu-949820c.log",
        "docs/exec-plans/evidence/KL-019/execution_fixture_namespace_isolation_pu-b47e710.log",
        "docs/exec-plans/evidence/KL-019/execution_fixture_namespace_isolation_pu-bf00942.log",
        "docs/exec-plans/evidence/KL-019/execution_fixture_namespace_isolation_pu-c739273.log",
        "docs/exec-plans/evidence/KL-019/execution_fixture_namespace_isolation_pu-ff073d0.log",
        "docs/exec-plans/evidence/KL-019/execution_identity_and_wire_pu-600c901.log",
        "docs/exec-plans/evidence/KL-019/execution_identity_and_wire_pu-7cdee15.log",
        "docs/exec-plans/evidence/KL-019/execution_identity_and_wire_pu-8af107b.log",
        "docs/exec-plans/evidence/KL-019/execution_identity_and_wire_pu-949820c.log",
        "docs/exec-plans/evidence/KL-019/execution_identity_and_wire_pu-b47e710.log",
        "docs/exec-plans/evidence/KL-019/execution_identity_and_wire_pu-bf00942.log",
        "docs/exec-plans/evidence/KL-019/execution_identity_and_wire_pu-c739273.log",
        "docs/exec-plans/evidence/KL-019/execution_identity_and_wire_pu-ff073d0.log",
        "docs/exec-plans/evidence/KL-019/execution_stale_commit_basis_dc-600c901.log",
        "docs/exec-plans/evidence/KL-019/execution_stale_commit_basis_dc-8af107b.log",
        "docs/exec-plans/evidence/KL-019/execution_stale_commit_basis_dc-949820c.log",
        "docs/exec-plans/evidence/KL-019/execution_stale_commit_basis_dc-b47e710.log",
        "docs/exec-plans/evidence/KL-019/execution_stale_commit_basis_dc-bf00942.log",
        "docs/exec-plans/evidence/KL-019/execution_stale_commit_basis_dc-c739273.log",
        "docs/exec-plans/evidence/KL-019/execution_stale_commit_basis_dc-ff073d0.log",
        "docs/exec-plans/evidence/KL-019/execution_unit_suite_passes-600c901.log",
        "docs/exec-plans/evidence/KL-019/execution_unit_suite_passes-8af107b.log",
        "docs/exec-plans/evidence/KL-019/execution_unit_suite_passes-949820c.log",
        "docs/exec-plans/evidence/KL-019/execution_unit_suite_passes-b47e710.log",
        "docs/exec-plans/evidence/KL-019/execution_unit_suite_passes-bf00942.log",
        "docs/exec-plans/evidence/KL-019/execution_unit_suite_passes-ff073d0.log",
        "docs/exec-plans/evidence/KL-019/full_harness_regressions_pass-600c901.log",
        "docs/exec-plans/evidence/KL-019/full_harness_regressions_pass-949820c.log",
        "docs/exec-plans/evidence/KL-019/full_harness_regressions_pass-b47e710.log",
        "docs/exec-plans/evidence/KL-019/full_harness_regressions_pass-bf00942.log",
        "docs/exec-plans/evidence/KL-019/full_harness_regressions_pass-ff073d0.log",
        "docs/exec-plans/evidence/KL-019/full_unit_regressions_pass-600c901.log",
        "docs/exec-plans/evidence/KL-019/full_unit_regressions_pass-8af107b.log",
        "docs/exec-plans/evidence/KL-019/full_unit_regressions_pass-949820c.log",
        "docs/exec-plans/evidence/KL-019/full_unit_regressions_pass-b47e710.log",
        "docs/exec-plans/evidence/KL-019/full_unit_regressions_pass-bf00942.log",
        "docs/exec-plans/evidence/KL-019/full_unit_regressions_pass-ff073d0.log",
        "docs/exec-plans/evidence/KL-019/harness_validation_passes-600c901.log",
        "docs/exec-plans/evidence/KL-019/harness_validation_passes-949820c.log",
        "docs/exec-plans/evidence/KL-019/harness_validation_passes-b47e710.log",
        "docs/exec-plans/evidence/KL-019/harness_validation_passes-bf00942.log",
        "docs/exec-plans/evidence/KL-019/harness_validation_passes-ff073d0.log",
        "docs/exec-plans/evidence/KL-019/ledger_prerequisite_regressions_pass-600c901.log",
        "docs/exec-plans/evidence/KL-019/ledger_prerequisite_regressions_pass-8af107b.log",
        "docs/exec-plans/evidence/KL-019/ledger_prerequisite_regressions_pass-949820c.log",
        "docs/exec-plans/evidence/KL-019/ledger_prerequisite_regressions_pass-b47e710.log",
        "docs/exec-plans/evidence/KL-019/ledger_prerequisite_regressions_pass-bf00942.log",
        "docs/exec-plans/evidence/KL-019/ledger_prerequisite_regressions_pass-ff073d0.log",
        "docs/exec-plans/evidence/KL-019/lint_passes-600c901.log",
        "docs/exec-plans/evidence/KL-019/lint_passes-949820c.log",
        "docs/exec-plans/evidence/KL-019/lint_passes-b47e710.log",
        "docs/exec-plans/evidence/KL-019/lint_passes-bf00942.log",
        "docs/exec-plans/evidence/KL-019/lint_passes-ff073d0.log",
        "docs/exec-plans/evidence/KL-019/planning_prerequisite_regressions_pass-600c901.log",
        "docs/exec-plans/evidence/KL-019/planning_prerequisite_regressions_pass-8af107b.log",
        "docs/exec-plans/evidence/KL-019/planning_prerequisite_regressions_pass-949820c.log",
        "docs/exec-plans/evidence/KL-019/planning_prerequisite_regressions_pass-b47e710.log",
        "docs/exec-plans/evidence/KL-019/planning_prerequisite_regressions_pass-bf00942.log",
        "docs/exec-plans/evidence/KL-019/planning_prerequisite_regressions_pass-ff073d0.log",
        "docs/exec-plans/evidence/KL-019/publish_ready_build_dc-600c901.log",
        "docs/exec-plans/evidence/KL-019/publish_ready_build_dc-7cdee15.log",
        "docs/exec-plans/evidence/KL-019/publish_ready_build_dc-8af107b.log",
        "docs/exec-plans/evidence/KL-019/publish_ready_build_dc-949820c.log",
        "docs/exec-plans/evidence/KL-019/publish_ready_build_dc-b47e710.log",
        "docs/exec-plans/evidence/KL-019/publish_ready_build_dc-bf00942.log",
        "docs/exec-plans/evidence/KL-019/publish_ready_build_dc-c739273.log",
        "docs/exec-plans/evidence/KL-019/publish_ready_build_dc-ff073d0.log",
        "docs/exec-plans/evidence/KL-019/result-before-HG037-base-update-949820c.yaml",
        "docs/exec-plans/evidence/KL-019/result-before-base-update-9cb6451.yaml",
        "docs/exec-plans/evidence/KL-019/result-before-review-repairs-07a6ba6.yaml",
        "docs/exec-plans/evidence/KL-019/review-DB_CONCURRENCY-07a6ba6.json",
        "docs/exec-plans/evidence/KL-019/review-DB_CONCURRENCY-9cb6451.json",
        "docs/exec-plans/evidence/KL-019/review-GENERAL-07a6ba6.json",
        "docs/exec-plans/evidence/KL-019/review-GENERAL-9cb6451.json",
        "docs/exec-plans/evidence/KL-019/review-PROTOCOL-07a6ba6.json",
        "docs/exec-plans/evidence/KL-019/review-PROTOCOL-9cb6451.json",
        "docs/exec-plans/evidence/KL-019/run-checks.py",
        "docs/exec-plans/evidence/KL-019/scope-audit-600c901.json",
        "docs/exec-plans/evidence/KL-019/scope-audit-949820c.json",
        "docs/exec-plans/evidence/KL-019/scope-audit-b47e710.json",
        "docs/exec-plans/evidence/KL-019/start_new_session_dc-600c901.log",
        "docs/exec-plans/evidence/KL-019/start_new_session_dc-8af107b.log",
        "docs/exec-plans/evidence/KL-019/start_new_session_dc-949820c.log",
        "docs/exec-plans/evidence/KL-019/start_new_session_dc-b47e710.log",
        "docs/exec-plans/evidence/KL-019/start_new_session_dc-bf00942.log",
        "docs/exec-plans/evidence/KL-019/start_new_session_dc-c739273.log",
        "docs/exec-plans/evidence/KL-019/start_new_session_dc-ff073d0.log",
        "docs/exec-plans/evidence/KL-019/transaction_owner_regressions_pass-600c901.log",
        "docs/exec-plans/evidence/KL-019/transaction_owner_regressions_pass-8af107b.log",
        "docs/exec-plans/evidence/KL-019/transaction_owner_regressions_pass-949820c.log",
        "docs/exec-plans/evidence/KL-019/transaction_owner_regressions_pass-b47e710.log",
        "docs/exec-plans/evidence/KL-019/transaction_owner_regressions_pass-bf00942.log",
        "docs/exec-plans/evidence/KL-019/transaction_owner_regressions_pass-ff073d0.log",
        "docs/exec-plans/evidence/KL-019/typecheck_passes-600c901.log",
        "docs/exec-plans/evidence/KL-019/typecheck_passes-949820c.log",
        "docs/exec-plans/evidence/KL-019/typecheck_passes-b47e710.log",
        "docs/exec-plans/evidence/KL-019/typecheck_passes-bf00942.log",
        "docs/exec-plans/evidence/KL-019/typecheck_passes-ff073d0.log",
        "docs/exec-plans/reviews/KL-019/DB_CONCURRENCY.json",
        "docs/exec-plans/reviews/KL-019/GENERAL.json",
        "docs/exec-plans/reviews/KL-019/PROTOCOL.json",
        "src/kineticloop/persistence/protocol_execution.py",
        "src/kineticloop/persistence/transactions.py",
        "src/kineticloop/protocol/execution.py",
        "tests/db/test_call_ledger.py",
        "tests/db/test_planning.py",
        "tests/db/test_protocol_execution.py",
        "tests/unit/protocol/test_execution.py"
      ],
      "decisions": [
        "Current indexed authorities and eight merged prerequisite result/review/integration records plus M2 were independently re-audited on the normally merged HG037 base before this revision first reset; docs/exec-plans/evidence/KL-019/entry-audit-base-62e75ba.json records that audit. Entry audit verified indexed authorities, merged prerequisite PASS results/integrations and specialist reviews, M2 closure and actual KL025 API/fixture bytes before the first real local reset. Latest protected master including the unrelated KL047 and HG037 merges was incorporated before final testing; the complete twenty-check suite was rerun after rebase.",
        "Keep publication as separate typed request without authorization_scope; preserve all frozen strict wire/role/subject-scope/migration/owner-matrix bytes. Authenticated identity is supplied separately and exact TEST subject/policy/environment/principal bindings are reread under S51/S01.",
        "Reuse existing T3/T6/T7 transaction owners, SafetyRegistry coordination and certificate/current-eligibility evaluators. Add only exact first-use S38/S44 and immutable prepared/current-basis accessors/checks to transactions.py; no generic insert grants or caller-writable timestamps.",
        "First head calendar derives from immutable policy timezone and trusted database time, exact real intent day, null parent/revision zero then guarded revision one; S01 serializes missing natural keys. First session is APP_STARTED and exact immutable START binding, server accepted_at and revision one complete atomically.",
        "Bootstrap only registered upstream TEST S01/policy/program/artifacts/SEALED factset/projections/READY candidate. Actual service T3 creates Manifest/projection bindings. Actual KL024 admission/acquire creates intent/request/attempt/root budgets/fence/lease. Missing upstream owners require explicitly synthetic S26/current COMMIT_READY plus S34-S37 certificate input setup outside target transactions.",
        "Finite issuance certificate is server-computed with every exact persisted dependency identity/bound, complete transitive artifact/TIMELESS approval and minimum verified independently. Caller may only shorten. Every historical publish/commit/START replay returns original IDs and executable=false, including authority loss/expiry/revocation.",
        "Preserve transaction fixture complete bytes and mechanically exact planning/ledger namespace transformations. Namespace proof runs before real lifecycle; four distinct lowercase tested-SHA/resolved-worktree-derived namespaces are inventoried and cleanup uses selected targets only. Broader tests/db runs only unchanged hosted ubuntu-latest CI.",
        "Preserve c739273 ACK-loss setup and 7cdee15 oracle-query failure logs as historical evidence. The superseded bf00942 candidate passed all twenty checks; final TEST_ONLY policy scope and exact first-use day/session defenses were added before the final full run."
      ],
      "known_limitations": [
        "No RecordSnapshot/AdvanceAttempt owner, evidence-resolution/semantic-validation engine, full workflow/model loop, production activation, executable real-data shadow or provider command authority is implemented. Synthetic upstream inputs demonstrate no owner-driven planning progress.",
        "Trusted ingress must authenticate ExecutionIdentity and supply existing privileged internal owner connections. This task compares canonical registered TEST principal metadata; it does not implement a new authentication system or grant subject-session privileges.",
        "I01/I02/I04/I07 and every A03@DC product obligation remain NOT_RUN; passing task PU/DC checks does not meet KL027/KL028 or full integration/release trajectories.",
        "This pre-review result records task PASS/UNMERGED. Independent reviews, unchanged hosted full database/quality CI and selected-task merge gate remain separate prerequisites."
      ],
      "follow_up_tasks": [
        "Complete fresh SHA-bound GENERAL/PROTOCOL/DB_CONCURRENCY reviews; only own review-record-only append is allowed afterward. Any substantive repair requires all exact checks and fresh reviews again.",
        "Require unchanged hosted full database/quality CI and selected-task merge gate PASS, then normal merge and ff-only clean master synchronization; preserve unrelated worktrees/resources.",
        "Missing upstream owners/full workflow and independent product/release acceptance belong to downstream packets; do not infer them from this task."
      ],
      "spec_change_request": null,
      "review_repair_resolution": {
        "prior_reviewed_commit": "07a6ba6e33e0fc20169268d07cf6167778db992a",
        "historical_findings": [
          "docs/exec-plans/evidence/KL-019/review-GENERAL-07a6ba6.json",
          "docs/exec-plans/evidence/KL-019/review-PROTOCOL-07a6ba6.json",
          "docs/exec-plans/evidence/KL-019/review-DB_CONCURRENCY-07a6ba6.json"
        ],
        "resolutions": [
          "Outer owner finish now rejects first-use S38/S44 unless the complete RestrictedSqlSession outcome validation and succeeded receipt/bookkeeping finished; real PostgreSQL bare callbacks prove exact rollback for both row types.",
          "An actual preflight miss can race original commit then revocation/expiry/membership loss. The fresh path rolls back before the unchanged receipt-only owner rereads history, while authentication/registration remain mandatory. Real bounded barriers prove under-S01 history for all three unchanged-authority commands and receipt-only fallback after loss, original IDs/non-executable result and byte-identical persisted state.",
          "Actual ApplyControl fixtures now persist canonical S18 ACTIVE and S17 HOLD/STOP. The existing owner proves exact current control states and existing controls_are_eligible denies them. Real read-only execution observation is denied after mandatory T2 epoch advance, and fresh START has zero effects; no epoch/registry guard is suppressed.",
          "Correct requirement bookkeeping to concrete assigned layer IDs I01@DC/I02@DC/I04@DC/I04@WF/I07@DC/A03@DC, all NOT_RUN; normal harness validation and full CLI/unit regressions verify the canonical known-requirement mapping"
        ]
      }
    },
    "reviews": [
      {
        "path": "docs/exec-plans/reviews/KL-019/GENERAL.json",
        "sha256": "c356cff93491ca7c972b2648627bb542ba3471e046ea798ba053ef2b7ba74d65",
        "type": "GENERAL",
        "status": "PASS",
        "reviewed_head_sha": "4fa4e6c661697fb3024c891c35b307dbff391f8f"
      },
      {
        "path": "docs/exec-plans/reviews/KL-019/DB_CONCURRENCY.json",
        "sha256": "1e7def19c8f2a326b961fb0ca3c62fd85466863e29089e27fd99f7801cdb3883",
        "type": "DB_CONCURRENCY",
        "status": "PASS",
        "reviewed_head_sha": "4fa4e6c661697fb3024c891c35b307dbff391f8f"
      },
      {
        "path": "docs/exec-plans/reviews/KL-019/PROTOCOL.json",
        "sha256": "998a17a7a21a4093649574656850d958b137e89ab2c4684fb90030e746aaddae",
        "type": "PROTOCOL",
        "status": "PASS",
        "reviewed_head_sha": "4fa4e6c661697fb3024c891c35b307dbff391f8f"
      }
    ],
    "integration": {
      "task_identity": "harness-backlog-v0.2/KL-019",
      "display_task_id": "KL-019",
      "result_commit": "4fa4e6c661697fb3024c891c35b307dbff391f8f",
      "reviewed_head_sha": "4fa4e6c661697fb3024c891c35b307dbff391f8f",
      "review_record_commit": "b7f14f00e2f1fcc0524d23afa0769740851d4c2c",
      "merge_commit": "cfbfae0c366e654060d5d52f961a37abf956f2a0",
      "integration_status": "MERGED"
    },
    "normal_merge_parents": [
      "62e75bac61c8f3e9b3de6cdc6d19a84ce2776908",
      "b7f14f00e2f1fcc0524d23afa0769740851d4c2c"
    ]
  },
  {
    "task": "harness-backlog-v0.2/KL-022",
    "actual_result": {
      "task_identity": "harness-backlog-v0.2/KL-022",
      "display_task_id": "KL-022",
      "task_definition_version": "v0.2",
      "base_commit": "08e743c3ada23ea226bfaacb1dae5e080b6a71bb",
      "tested_commit": "fa228db83f8151f52bc4c78f43c5a7e17e0b8c48",
      "merge_commit": null,
      "task_status": "PASS",
      "task_checks_status": "PASS",
      "integration_status": "UNMERGED",
      "summary": "Added a reusable pure Authorization validity/executability evaluator and wired it into the existing T6 and T7 repository owners. T6 now persists one deterministic finite certificate whose end is the exact minimum of requested, manifest, resolution, admission-freshness, validation, projection, transitive artifact, policy TTL, request deadline and calendar bounds, using each persisted dependency's authoritative start and canonical UTC timestamp representation; missing, future-effective, or invalid basis denies atomically, and approved TIMELESS artifacts contribute no artificial end. T7 rereads exact subject, content, scope, epoch, targeted S43, applicable S18/S17, policy, session/head, dependency and database-time facts under the existing S51-to-S01 gate, returning only a non-bearer current observation. Isolated PostgreSQL interleavings prove committed transitive revocation is seen after lock wait while unrelated revocation does not deny. The TEST-subject E2E uses canonical trusted-admin registration, an isolated policy/environment and TEST_ONLY scope, and stops without writing an execution binding.",
      "commands_run": [
        {
          "check_id": "validity_closure_minimum_and_missing_values_pu",
          "command": "uv run pytest -q tests/unit/protocol/test_authorization.py::test_validity_closure_uses_every_bound_and_denies_missing_or_elapsed_basis",
          "result": "PASS",
          "evidence_ref": "docs/exec-plans/evidence/KL-022/checks-fa228db.log"
        },
        {
          "check_id": "timeless_policy_dependency_closure_pu",
          "command": "uv run pytest -q tests/unit/protocol/test_authorization.py::test_timeless_dependency_requires_auditable_policy_in_same_transitive_closure",
          "result": "PASS",
          "evidence_ref": "docs/exec-plans/evidence/KL-022/checks-fa228db.log"
        },
        {
          "check_id": "executable_guard_dimensions_and_time_boundary_pu",
          "command": "uv run pytest -q tests/unit/protocol/test_authorization.py::test_is_executable_requires_subject_content_scope_epoch_control_and_strict_time",
          "result": "PASS",
          "evidence_ref": "docs/exec-plans/evidence/KL-022/checks-fa228db.log"
        },
        {
          "check_id": "t6_certificate_and_minimum_closure_dc",
          "command": "uv run pytest -q tests/db/test_transaction_interfaces.py::test_t6_authorization_evaluator_persists_exact_minimum_certificate",
          "result": "PASS",
          "evidence_ref": "docs/exec-plans/evidence/KL-022/checks-fa228db.log"
        },
        {
          "check_id": "t6_t7_transitive_revoke_and_current_registry_dc",
          "command": "uv run pytest -q tests/db/test_transaction_interfaces.py::test_t6_t7_deny_revoked_transitive_dependency_after_current_registry_read",
          "result": "PASS",
          "evidence_ref": "docs/exec-plans/evidence/KL-022/checks-fa228db.log"
        },
        {
          "check_id": "t7_current_epoch_scope_control_and_time_dc",
          "command": "uv run pytest -q tests/db/test_transaction_interfaces.py::test_t7_executability_rereads_epoch_scope_control_and_time",
          "result": "PASS",
          "evidence_ref": "docs/exec-plans/evidence/KL-022/checks-fa228db.log"
        },
        {
          "check_id": "test_subject_current_non_bearer_eligibility_e2e",
          "command": "uv run pytest -q tests/e2e/test_authorization_evaluator.py::test_test_subject_eligibility_query_is_current_and_non_bearer",
          "result": "PASS",
          "evidence_ref": "docs/exec-plans/evidence/KL-022/checks-fa228db.log"
        },
        {
          "check_id": "authorization_unit_suite_passes",
          "command": "uv run pytest -q tests/unit/protocol/test_authorization.py",
          "result": "PASS",
          "evidence_ref": "docs/exec-plans/evidence/KL-022/checks-fa228db.log"
        },
        {
          "check_id": "transaction_interface_db_suite_passes",
          "command": "uv run pytest -q tests/db/test_transaction_interfaces.py",
          "result": "PASS",
          "evidence_ref": "docs/exec-plans/evidence/KL-022/checks-fa228db.log"
        },
        {
          "check_id": "authorization_e2e_suite_passes",
          "command": "uv run pytest -q tests/e2e/test_authorization_evaluator.py",
          "result": "PASS",
          "evidence_ref": "docs/exec-plans/evidence/KL-022/checks-fa228db.log"
        },
        {
          "check_id": "harness_validation_passes",
          "command": "uv run kl check-harness",
          "result": "PASS",
          "evidence_ref": "docs/exec-plans/evidence/KL-022/checks-fa228db.log"
        }
      ],
      "requirements_covered": [],
      "files_changed": [
        "src/kineticloop/protocol/__init__.py",
        "src/kineticloop/protocol/authorization.py",
        "src/kineticloop/persistence/transactions.py",
        "tests/unit/protocol/test_authorization.py",
        "tests/db/test_transaction_interfaces.py",
        "tests/e2e/test_authorization_evaluator.py",
        "docs/exec-plans/evidence/KL-022/checks-28974c5.log",
        "docs/exec-plans/evidence/KL-022/checks-e8be895.log",
        "docs/exec-plans/evidence/KL-022/checks-fa228db.log",
        "docs/exec-plans/completed/KL-022_RESULT.yaml"
      ],
      "decisions": [
        "Reuse the merged CommitBundle/Reauthorize and StartSession/ResumeSession/ContinueSession owners and their command-specific registry routines; add no second owner, registry gate, authorization store or migration.",
        "Compute certificate material only from authoritative database reads made while the existing S51-to-S01 transaction guard is held; caller-requested expiry can only shorten the finite result.",
        "Preserve each dependency's authoritative persisted validity start in the certificate and deny future-effective manifest, resolution, validation, or projection rows.",
        "Canonicalize every certificate and artifact-closure instant to UTC RFC3339 Z before JSON hashing so connection TimeZone cannot change an immutable digest.",
        "Model TIMELESS as a revocable exact artifact with a nonempty reason and an explicit POLICY or POLICY_BUNDLE dependency in the same transitive certificate closure; never synthesize an infinite S42 end.",
        "Interpret the existing synchronous S18 projection narrowly and fail closed for an unknown, cross-wired or noncanonical S18/S17 state.",
        "Return current T7 eligibility as an immutable non-bearer observation; command mutation still re-evaluates through the owner and cannot consume a cached query result as authority.",
        "Use isolated Compose/database namespaces and PostgreSQL pg_blocking_pids with bounded joins for the concurrency oracle; use no sleep as a correctness oracle.",
        "Preserve product requirement status separately; KL-022 claims no product requirement PASS."
      ],
      "known_limitations": [
        "The public eligibility E2E uses a canonically registered isolated TEST subject and intentionally stops before S45 or any execution mutation; KL-019 and KL-027 retain ownership of their broader trajectories.",
        "Current controls are derived from the existing S18/S17 projection and policy-derived exact execution scope; this task adds no new control taxonomy or service.",
        "Task PASS does not imply product requirement PASS, independent review PASS, CI PASS or MERGED state."
      ],
      "follow_up_tasks": [
        "Obtain fresh SHA-bound GENERAL, PROTOCOL and DB_CONCURRENCY independent reviews on the immutable result head."
      ],
      "spec_change_request": null
    },
    "reviews": [
      {
        "path": "docs/exec-plans/reviews/KL-022/GENERAL.json",
        "sha256": "2c6516f6cb5e01a46f1590040e2fb178d029706ebc66a6547b6a420d952744f5",
        "type": "GENERAL",
        "status": "PASS",
        "reviewed_head_sha": "63f9decb1482c7f01c7170cdf6bf3778ed4cc063"
      },
      {
        "path": "docs/exec-plans/reviews/KL-022/DB_CONCURRENCY.json",
        "sha256": "12292acc1a809ae267065d176a402bc5179f151b1bba21c53b709cf77b3de1de",
        "type": "DB_CONCURRENCY",
        "status": "PASS",
        "reviewed_head_sha": "63f9decb1482c7f01c7170cdf6bf3778ed4cc063"
      },
      {
        "path": "docs/exec-plans/reviews/KL-022/PROTOCOL.json",
        "sha256": "df90b600cca1e0f9f9a2ee1deafb2ed3d3fb6c1691d4316c3f051630e3cda307",
        "type": "PROTOCOL",
        "status": "PASS",
        "reviewed_head_sha": "63f9decb1482c7f01c7170cdf6bf3778ed4cc063"
      }
    ],
    "integration": {
      "task_identity": "harness-backlog-v0.2/KL-022",
      "display_task_id": "KL-022",
      "result_commit": "63f9decb1482c7f01c7170cdf6bf3778ed4cc063",
      "reviewed_head_sha": "63f9decb1482c7f01c7170cdf6bf3778ed4cc063",
      "review_record_commit": "6cd0f6fa4d3d35792a9802e68a456ebb89c6306e",
      "merge_commit": "88adc5be3f7c567413be671a2b3dc5e6c802ffe8",
      "integration_status": "MERGED"
    },
    "normal_merge_parents": [
      "08e743c3ada23ea226bfaacb1dae5e080b6a71bb",
      "6cd0f6fa4d3d35792a9802e68a456ebb89c6306e"
    ]
  },
  {
    "task": "harness-backlog-v0.2/KL-023",
    "actual_result": {
      "task_identity": "harness-backlog-v0.2/KL-023",
      "display_task_id": "KL-023",
      "task_definition_version": "v0.2",
      "base_commit": "e97a0488515f16e840b3328c13e4b5bba6196ccf",
      "tested_commit": "077c383e6a825bc6f55ece4d4311531e0bb0411f",
      "merge_commit": null,
      "task_status": "PASS",
      "task_checks_status": "PASS",
      "integration_status": "UNMERGED",
      "summary": "Implemented typed subject/builder-bound CanonicalViewService over the KL-015 owner: complete selected evidence basis, deterministic bounded FULL/DELTA SET/REMOVE reconstruction with policy-bound FULL checkpoint fallback, closed digest/count/certificate, durable build replay, immutable READY and SEALED-only canonical reads, and atomic T2-SEAL frontier/epoch/program/policy/basis validation without member scans under S01. Real migrated PostgreSQL tests prove builder/key conflicts, completion/writer exclusion in both serial orders, T2-IN frontier/epoch races in both serial orders, rollback, and historical seal replay after a newer head. Natural Complete/Seal replay preserves the original completion across transport keys and newer heads; duplicate Begin replay survives concurrent frontier advancement; evaluation actors cannot use this live canonical path. A lowered active policy depth compacts a valid historical parent using its original immutable bound into a new FULL checkpoint, preserving complete logical membership/digest/count.",
      "commands_run": [
        {
          "check_id": "factset_reconstruction_and_closed_digest_pu",
          "command": "uv run pytest -q tests/unit/protocol/test_factsets.py::test_full_delta_reconstruction_and_digest",
          "result": "PASS",
          "evidence_ref": "docs/exec-plans/evidence/KL-023/factset_reconstruction_and_closed_digest_pu-077c383.log"
        },
        {
          "check_id": "factset_build_idempotency_and_canonical_reads_dc",
          "command": "uv run pytest -q tests/db/test_factsets.py::test_build_replay_and_sealed_only_reads",
          "result": "PASS",
          "evidence_ref": "docs/exec-plans/evidence/KL-023/factset_build_idempotency_and_canonical_reads_dc-077c383.log"
        },
        {
          "check_id": "factset_complete_writer_interleaving_dc",
          "command": "uv run pytest -q tests/db/test_factsets.py::test_complete_serializes_with_candidate_writer",
          "result": "PASS",
          "evidence_ref": "docs/exec-plans/evidence/KL-023/factset_complete_writer_interleaving_dc-077c383.log"
        },
        {
          "check_id": "factset_seal_frontier_atomicity_and_replay_dc",
          "command": "uv run pytest -q tests/db/test_factsets.py::test_seal_frontier_atomicity_and_old_replay",
          "result": "PASS",
          "evidence_ref": "docs/exec-plans/evidence/KL-023/factset_seal_frontier_atomicity_and_replay_dc-077c383.log"
        },
        {
          "check_id": "factset_unit_suite_passes",
          "command": "uv run pytest -q tests/unit/protocol/test_factsets.py",
          "result": "PASS",
          "evidence_ref": "docs/exec-plans/evidence/KL-023/factset_unit_suite_passes-077c383.log"
        },
        {
          "check_id": "factset_db_suite_passes",
          "command": "uv run pytest -q tests/db/test_factsets.py",
          "result": "PASS",
          "evidence_ref": "docs/exec-plans/evidence/KL-023/factset_db_suite_passes-077c383.log"
        },
        {
          "check_id": "transaction_owner_regressions_pass",
          "command": "KINETICLOOP_KL022_COMPOSE_PROJECT=\"kineticloop-kl023-reg-$(git rev-parse --short HEAD)\" KINETICLOOP_KL022_DATABASE=\"kineticloop_kl023_reg_$(git rev-parse --short HEAD)\" uv run pytest -q tests/db/test_transaction_interfaces.py tests/unit/persistence/test_transactions.py",
          "result": "PASS",
          "evidence_ref": "docs/exec-plans/evidence/KL-023/transaction_owner_regressions_pass-077c383.log"
        },
        {
          "check_id": "lint_passes",
          "command": "uv run kl lint",
          "result": "PASS",
          "evidence_ref": "docs/exec-plans/evidence/KL-023/lint_passes-077c383.log"
        },
        {
          "check_id": "typecheck_passes",
          "command": "uv run kl typecheck",
          "result": "PASS",
          "evidence_ref": "docs/exec-plans/evidence/KL-023/typecheck_passes-077c383.log"
        },
        {
          "check_id": "harness_validation_passes",
          "command": "uv run kl check-harness",
          "result": "PASS",
          "evidence_ref": "docs/exec-plans/evidence/KL-023/harness_validation_passes-077c383.log"
        }
      ],
      "requirements_covered": [],
      "files_changed": [
        "docs/contracts/factsets.md",
        "docs/exec-plans/completed/KL-023_RESULT.yaml",
        "docs/exec-plans/evidence/KL-023/checks-077c383.json",
        "docs/exec-plans/evidence/KL-023/checks-188f716.json",
        "docs/exec-plans/evidence/KL-023/checks-1f52e6a.json",
        "docs/exec-plans/evidence/KL-023/checks-d611ac8.json",
        "docs/exec-plans/evidence/KL-023/factset_build_idempotency_and_canonical_reads_dc-077c383.log",
        "docs/exec-plans/evidence/KL-023/factset_build_idempotency_and_canonical_reads_dc-188f716.log",
        "docs/exec-plans/evidence/KL-023/factset_build_idempotency_and_canonical_reads_dc-1f52e6a.log",
        "docs/exec-plans/evidence/KL-023/factset_build_idempotency_and_canonical_reads_dc-d611ac8.log",
        "docs/exec-plans/evidence/KL-023/factset_complete_writer_interleaving_dc-077c383.log",
        "docs/exec-plans/evidence/KL-023/factset_complete_writer_interleaving_dc-188f716.log",
        "docs/exec-plans/evidence/KL-023/factset_complete_writer_interleaving_dc-1f52e6a.log",
        "docs/exec-plans/evidence/KL-023/factset_complete_writer_interleaving_dc-d611ac8.log",
        "docs/exec-plans/evidence/KL-023/factset_db_suite_passes-077c383.log",
        "docs/exec-plans/evidence/KL-023/factset_db_suite_passes-188f716.log",
        "docs/exec-plans/evidence/KL-023/factset_db_suite_passes-1f52e6a.log",
        "docs/exec-plans/evidence/KL-023/factset_db_suite_passes-d611ac8.log",
        "docs/exec-plans/evidence/KL-023/factset_reconstruction_and_closed_digest_pu-077c383.log",
        "docs/exec-plans/evidence/KL-023/factset_reconstruction_and_closed_digest_pu-188f716.log",
        "docs/exec-plans/evidence/KL-023/factset_reconstruction_and_closed_digest_pu-1f52e6a.log",
        "docs/exec-plans/evidence/KL-023/factset_reconstruction_and_closed_digest_pu-d611ac8.log",
        "docs/exec-plans/evidence/KL-023/factset_seal_frontier_atomicity_and_replay_dc-077c383.log",
        "docs/exec-plans/evidence/KL-023/factset_seal_frontier_atomicity_and_replay_dc-188f716.log",
        "docs/exec-plans/evidence/KL-023/factset_seal_frontier_atomicity_and_replay_dc-1f52e6a.log",
        "docs/exec-plans/evidence/KL-023/factset_seal_frontier_atomicity_and_replay_dc-d611ac8.log",
        "docs/exec-plans/evidence/KL-023/factset_unit_suite_passes-077c383.log",
        "docs/exec-plans/evidence/KL-023/factset_unit_suite_passes-188f716.log",
        "docs/exec-plans/evidence/KL-023/factset_unit_suite_passes-1f52e6a.log",
        "docs/exec-plans/evidence/KL-023/factset_unit_suite_passes-d611ac8.log",
        "docs/exec-plans/evidence/KL-023/harness_validation_passes-077c383.log",
        "docs/exec-plans/evidence/KL-023/harness_validation_passes-188f716.log",
        "docs/exec-plans/evidence/KL-023/harness_validation_passes-1f52e6a.log",
        "docs/exec-plans/evidence/KL-023/lint_passes-077c383.log",
        "docs/exec-plans/evidence/KL-023/lint_passes-188f716.log",
        "docs/exec-plans/evidence/KL-023/lint_passes-1f52e6a.log",
        "docs/exec-plans/evidence/KL-023/review-202999d-DB_CONCURRENCY.json",
        "docs/exec-plans/evidence/KL-023/review-202999d-GENERAL.json",
        "docs/exec-plans/evidence/KL-023/review-202999d-PROTOCOL.json",
        "docs/exec-plans/evidence/KL-023/review-ee461b9-DB_CONCURRENCY.json",
        "docs/exec-plans/evidence/KL-023/review-ee461b9-GENERAL.json",
        "docs/exec-plans/evidence/KL-023/review-ee461b9-PROTOCOL.json",
        "docs/exec-plans/evidence/KL-023/transaction_owner_regressions_pass-077c383.log",
        "docs/exec-plans/evidence/KL-023/transaction_owner_regressions_pass-188f716.log",
        "docs/exec-plans/evidence/KL-023/transaction_owner_regressions_pass-1f52e6a.log",
        "docs/exec-plans/evidence/KL-023/transaction_owner_regressions_pass-d611ac8.log",
        "docs/exec-plans/evidence/KL-023/typecheck_passes-077c383.log",
        "docs/exec-plans/evidence/KL-023/typecheck_passes-188f716.log",
        "docs/exec-plans/evidence/KL-023/typecheck_passes-1f52e6a.log",
        "src/kineticloop/persistence/factsets.py",
        "src/kineticloop/persistence/transactions.py",
        "src/kineticloop/protocol/factsets.py",
        "tests/db/test_factsets.py",
        "tests/unit/protocol/test_factsets.py"
      ],
      "decisions": [
        "Reuse the single KL-015 owner and existing S15/S16 storage; add no migration, owner, or frozen-baseline change.",
        "Bind ingress-authenticated RoleIdentity and subject to the registered namespace and freeze the unique builder at BeginBuild.",
        "Keep S01 snapshot capture in a separate short read transaction; serialize missing BeginBuild identity with S15-local advisory locking and persist exact command hashes/outcomes in immutable build content.",
        "Reconstruct one repeatable-read candidate snapshot and validate all typed references before acquiring S15; Complete rejects any changed member revision.",
        "At policy factset_max_delta_depth, capture a complete FULL checkpoint in existing S15 typed content, drop parent dependency, and overlay subsequent S16 SET/REMOVE operations.",
        "Seal reads only fixed scalar certificate fields and stored basis digest, validates current frontier/epoch/program/policy, and commits S15/S01/S02/S03/S04 through the existing T2-SEAL owner.",
        "Keep the initial d611ac8 raw evidence, including the regression failure that led to restoring separate snapshot capture; final PASS evidence is bound exclusively to tested_commit.",
        "Bind Complete natural replay to the immutable closed completion and Seal natural replay to the original successful subject/build/builder completion through bounded S03/S02 lookup; do not create alias receipts or repoint later heads.",
        "Defer stale Begin snapshot rejection until after the advisory-locked durable replay recheck so an ACK-loss duplicate survives concurrent frontier advancement.",
        "Allow SUBJECT/TEST builders only; evaluation evidence cannot enter the live canonical build/seal path.",
        "Integrate the latest merged KL-050 master without conflict and rerun every exact packet check on the final implementation revision. Preserve earlier review findings as historical evidence; require fresh reviews of this corrected implementation/result.",
        "Reconstruct historical sealed parents under their own immutable bound, then apply the selected policy bound to the new storage plan; verify depth-1 to depth-0 policy decrease through owner-driven active-policy change, completion and seal."
      ],
      "known_limitations": [
        "B01-B03/I08, product/release acceptance and production activation remain unchanged; this task promotes no product requirement or release gate to PASS.",
        "Trusted ingress must authenticate and bind BuilderIdentity; the Python value object is not an authentication token.",
        "Policy bundles must explicitly supply factset_max_delta_depth for this service; unsupported/missing configuration fails closed.",
        "Association/admission/mapping selection and downstream qualification belong to their command owners/resolver; this service retains and validates the complete explicitly selected basis."
      ],
      "follow_up_tasks": [
        "KL-024 must start from merged KL-023 after parent integration/sync; shared transaction_interfaces/user_coordination remain serialized.",
        "KL-032 owns downstream product acceptance B01-B03/I08; no downstream task was launched."
      ],
      "spec_change_request": null
    },
    "reviews": [
      {
        "path": "docs/exec-plans/reviews/KL-023/GENERAL.json",
        "sha256": "115b2f0a8c27006e693d9072e425129e2ea60b93352f82e9b552f7611704f5fb",
        "type": "GENERAL",
        "status": "PASS",
        "reviewed_head_sha": "6cd15b03cb0206156b8e295d34516f457c7b046a"
      },
      {
        "path": "docs/exec-plans/reviews/KL-023/DB_CONCURRENCY.json",
        "sha256": "83a9757d7875dde71f9824dba5ab68fa946c41e6d512a397a5ca3aa9a6fc7433",
        "type": "DB_CONCURRENCY",
        "status": "PASS",
        "reviewed_head_sha": "6cd15b03cb0206156b8e295d34516f457c7b046a"
      },
      {
        "path": "docs/exec-plans/reviews/KL-023/PROTOCOL.json",
        "sha256": "ff168f2baf35c7a17c664770ada1ee1c4c9e75c9c9b3eb6299c6a7c7a2abe05d",
        "type": "PROTOCOL",
        "status": "PASS",
        "reviewed_head_sha": "6cd15b03cb0206156b8e295d34516f457c7b046a"
      }
    ],
    "integration": {
      "task_identity": "harness-backlog-v0.2/KL-023",
      "display_task_id": "KL-023",
      "result_commit": "6cd15b03cb0206156b8e295d34516f457c7b046a",
      "reviewed_head_sha": "6cd15b03cb0206156b8e295d34516f457c7b046a",
      "review_record_commit": "01ff68828efa8007fc88def7765e14de87b582e5",
      "merge_commit": "8df9d8851cdc8f68e1f6429149b420604d6aa1b5",
      "integration_status": "MERGED"
    },
    "normal_merge_parents": [
      "e97a0488515f16e840b3328c13e4b5bba6196ccf",
      "01ff68828efa8007fc88def7765e14de87b582e5"
    ]
  },
  {
    "task": "harness-backlog-v0.2/KL-074",
    "actual_result": {
      "task_identity": "harness-backlog-v0.2/KL-074",
      "display_task_id": "KL-074",
      "task_definition_version": "v0.2",
      "base_commit": "cfbfae0c366e654060d5d52f961a37abf956f2a0",
      "tested_commit": "d7537c140729a4aafd2f4d5ce89d324ffa7bbeb7",
      "merge_commit": null,
      "task_status": "PASS",
      "task_checks_status": "PASS",
      "integration_status": "UNMERGED",
      "summary": "Repaired PostgreSQL final-server readiness using the exact ratified lifecycle candidate, explicit container loopback TCP probes and aligned Compose healthcheck. Deterministic tests fail the protected old code and prove bounded unready behavior, exact owned reset SQL, unchanged socket authentication and no SQL replay. Three dedicated hosted coldstarts verified actual socket-only initialization, shutdown and final TCP startup with zero measured lifecycle SQL before final readiness, identical image/entrypoint provenance, existing two-phase migrated bootstrap, reset sentinel removal and owned cleanup. The exact hosted full repository command passed 912 tests; all ten task command/oracle checks pass at tested_commit.",
      "commands_run": [
        {
          "check_id": "temporary_socket_ready_not_final_ready",
          "command": "uv run pytest -q tests/db/test_lifecycle.py -k temporary_socket",
          "result": "PASS",
          "evidence_ref": "docs/exec-plans/evidence/KL-074/temporary_socket_ready_not_final_ready-d7537c140729a4aafd2f4d5ce89d324ffa7bbeb7.json"
        },
        {
          "check_id": "permanent_tcp_unready_bounded",
          "command": "uv run pytest -q tests/db/test_lifecycle.py -k permanent_tcp",
          "result": "PASS",
          "evidence_ref": "docs/exec-plans/evidence/KL-074/permanent_tcp_unready_bounded-d7537c140729a4aafd2f4d5ce89d324ffa7bbeb7.json"
        },
        {
          "check_id": "delayed_final_ready_exact_reset",
          "command": "uv run pytest -q tests/db/test_lifecycle.py -k delayed_final",
          "result": "PASS",
          "evidence_ref": "docs/exec-plans/evidence/KL-074/delayed_final_ready_exact_reset-d7537c140729a4aafd2f4d5ce89d324ffa7bbeb7.json"
        },
        {
          "check_id": "sql_failure_no_replay",
          "command": "uv run pytest -q tests/db/test_lifecycle.py -k sql_failure",
          "result": "PASS",
          "evidence_ref": "docs/exec-plans/evidence/KL-074/sql_failure_no_replay-d7537c140729a4aafd2f4d5ce89d324ffa7bbeb7.json"
        },
        {
          "check_id": "compose_and_lifecycle_tcp_alignment",
          "command": "uv run pytest -q tests/db/test_startup_readiness.py",
          "result": "PASS",
          "evidence_ref": "docs/exec-plans/evidence/KL-074/compose_and_lifecycle_tcp_alignment-d7537c140729a4aafd2f4d5ce89d324ffa7bbeb7.json"
        },
        {
          "check_id": "isolated_migrated_coldstart",
          "command": "uv run python tools/db/verify_startup_readiness.py --iterations 3 --startup-timeout 60 --total-timeout 300",
          "result": "PASS",
          "evidence_ref": "docs/exec-plans/evidence/KL-074/hosted-d7537c140729a4aafd2f4d5ce89d324ffa7bbeb7/VERIFIED.json"
        },
        {
          "check_id": "lifecycle_regressions",
          "command": "uv run pytest -q tests/db/test_lifecycle.py tests/db/test_startup_readiness.py",
          "result": "PASS",
          "evidence_ref": "docs/exec-plans/evidence/KL-074/lifecycle_regressions-d7537c140729a4aafd2f4d5ce89d324ffa7bbeb7.json"
        },
        {
          "check_id": "full_repository_regressions",
          "command": "uv run pytest -q -p no:cacheprovider",
          "result": "PASS",
          "evidence_ref": "docs/exec-plans/evidence/KL-074/hosted-d7537c140729a4aafd2f4d5ce89d324ffa7bbeb7/VERIFIED.json"
        },
        {
          "check_id": "quality_and_harness",
          "command": "uv run kl lint && uv run kl typecheck && uv run kl test-harness && uv run kl check-harness",
          "result": "PASS",
          "evidence_ref": "docs/exec-plans/evidence/KL-074/quality_and_harness-d7537c140729a4aafd2f4d5ce89d324ffa7bbeb7.json"
        },
        {
          "check_id": "hosted_entrypoint_and_evidence",
          "command": "uv run pytest -q tests/db/test_startup_readiness.py -k hosted_entrypoint",
          "result": "PASS",
          "evidence_ref": "docs/exec-plans/evidence/KL-074/acceptance-d7537c140729a4aafd2f4d5ce89d324ffa7bbeb7.json"
        }
      ],
      "requirements_covered": [],
      "files_changed": [
        ".github/workflows/kl074-readiness.yml",
        "compose.yaml",
        "docs/exec-plans/completed/KL-074_RESULT.yaml",
        "docs/exec-plans/evidence/KL-074/acceptance-d7537c140729a4aafd2f4d5ce89d324ffa7bbeb7.json",
        "docs/exec-plans/evidence/KL-074/compose_and_lifecycle_tcp_alignment-c3d1ba59af0f8ea54ab50c79fda86294949e1fcf.json",
        "docs/exec-plans/evidence/KL-074/compose_and_lifecycle_tcp_alignment-d7537c140729a4aafd2f4d5ce89d324ffa7bbeb7.json",
        "docs/exec-plans/evidence/KL-074/delayed_final_ready_exact_reset-c3d1ba59af0f8ea54ab50c79fda86294949e1fcf.json",
        "docs/exec-plans/evidence/KL-074/delayed_final_ready_exact_reset-d7537c140729a4aafd2f4d5ce89d324ffa7bbeb7.json",
        "docs/exec-plans/evidence/KL-074/draft-merge-gate-36818856270.json",
        "docs/exec-plans/evidence/KL-074/draft-merge-gate-36819284907.json",
        "docs/exec-plans/evidence/KL-074/failed-hosted-c3d1ba59af0f8ea54ab50c79fda86294949e1fcf/IDENTITY.json",
        "docs/exec-plans/evidence/KL-074/failed-hosted-c3d1ba59af0f8ea54ab50c79fda86294949e1fcf/archive.envelope.json",
        "docs/exec-plans/evidence/KL-074/failed-hosted-c3d1ba59af0f8ea54ab50c79fda86294949e1fcf/artifact-metadata.envelope.json",
        "docs/exec-plans/evidence/KL-074/failed-hosted-c3d1ba59af0f8ea54ab50c79fda86294949e1fcf/artifact/coldstart-summary.json.envelope.json",
        "docs/exec-plans/evidence/KL-074/failed-hosted-c3d1ba59af0f8ea54ab50c79fda86294949e1fcf/artifact/coldstart.log.envelope.json",
        "docs/exec-plans/evidence/KL-074/failed-hosted-c3d1ba59af0f8ea54ab50c79fda86294949e1fcf/artifact/hosted-provenance.json.envelope.json",
        "docs/exec-plans/evidence/KL-074/failed-hosted-c3d1ba59af0f8ea54ab50c79fda86294949e1fcf/artifact/iteration-1/actual-topology.json.envelope.json",
        "docs/exec-plans/evidence/KL-074/failed-hosted-c3d1ba59af0f8ea54ab50c79fda86294949e1fcf/artifact/iteration-1/assertions.json.envelope.json",
        "docs/exec-plans/evidence/KL-074/failed-hosted-c3d1ba59af0f8ea54ab50c79fda86294949e1fcf/artifact/iteration-1/capture-failure.json.envelope.json",
        "docs/exec-plans/evidence/KL-074/failed-hosted-c3d1ba59af0f8ea54ab50c79fda86294949e1fcf/artifact/iteration-1/cleanup.json.envelope.json",
        "docs/exec-plans/evidence/KL-074/failed-hosted-c3d1ba59af0f8ea54ab50c79fda86294949e1fcf/artifact/iteration-1/container-raw-log.json.envelope.json",
        "docs/exec-plans/evidence/KL-074/failed-hosted-c3d1ba59af0f8ea54ab50c79fda86294949e1fcf/artifact/iteration-1/container.log.envelope.json",
        "docs/exec-plans/evidence/KL-074/failed-hosted-c3d1ba59af0f8ea54ab50c79fda86294949e1fcf/artifact/iteration-1/docker-entrypoint.sh.txt.envelope.json",
        "docs/exec-plans/evidence/KL-074/failed-hosted-c3d1ba59af0f8ea54ab50c79fda86294949e1fcf/artifact/iteration-1/events.jsonl.envelope.json",
        "docs/exec-plans/evidence/KL-074/failed-hosted-c3d1ba59af0f8ea54ab50c79fda86294949e1fcf/artifact/iteration-1/image-provenance.json.envelope.json",
        "docs/exec-plans/evidence/KL-074/failed-hosted-c3d1ba59af0f8ea54ab50c79fda86294949e1fcf/artifact/iteration-1/ownership-before.json.envelope.json",
        "docs/exec-plans/evidence/KL-074/failed-hosted-c3d1ba59af0f8ea54ab50c79fda86294949e1fcf/run-log.envelope.json",
        "docs/exec-plans/evidence/KL-074/failed-hosted-c3d1ba59af0f8ea54ab50c79fda86294949e1fcf/run.envelope.json",
        "docs/exec-plans/evidence/KL-074/hosted-d7537c140729a4aafd2f4d5ce89d324ffa7bbeb7/VERIFIED.json",
        "docs/exec-plans/evidence/KL-074/hosted-d7537c140729a4aafd2f4d5ce89d324ffa7bbeb7/archive.envelope.json",
        "docs/exec-plans/evidence/KL-074/hosted-d7537c140729a4aafd2f4d5ce89d324ffa7bbeb7/artifact-metadata.envelope.json",
        "docs/exec-plans/evidence/KL-074/hosted-d7537c140729a4aafd2f4d5ce89d324ffa7bbeb7/artifact/coldstart-summary.json.envelope.json",
        "docs/exec-plans/evidence/KL-074/hosted-d7537c140729a4aafd2f4d5ce89d324ffa7bbeb7/artifact/coldstart.log.envelope.json",
        "docs/exec-plans/evidence/KL-074/hosted-d7537c140729a4aafd2f4d5ce89d324ffa7bbeb7/artifact/full-repository.log.envelope.json",
        "docs/exec-plans/evidence/KL-074/hosted-d7537c140729a4aafd2f4d5ce89d324ffa7bbeb7/artifact/hosted-provenance.json.envelope.json",
        "docs/exec-plans/evidence/KL-074/hosted-d7537c140729a4aafd2f4d5ce89d324ffa7bbeb7/artifact/iteration-1/actual-topology.json.envelope.json",
        "docs/exec-plans/evidence/KL-074/hosted-d7537c140729a4aafd2f4d5ce89d324ffa7bbeb7/artifact/iteration-1/assertions.json.envelope.json",
        "docs/exec-plans/evidence/KL-074/hosted-d7537c140729a4aafd2f4d5ce89d324ffa7bbeb7/artifact/iteration-1/cleanup.json.envelope.json",
        "docs/exec-plans/evidence/KL-074/hosted-d7537c140729a4aafd2f4d5ce89d324ffa7bbeb7/artifact/iteration-1/container-raw-log.json.envelope.json",
        "docs/exec-plans/evidence/KL-074/hosted-d7537c140729a4aafd2f4d5ce89d324ffa7bbeb7/artifact/iteration-1/container.log.envelope.json",
        "docs/exec-plans/evidence/KL-074/hosted-d7537c140729a4aafd2f4d5ce89d324ffa7bbeb7/artifact/iteration-1/docker-entrypoint.sh.txt.envelope.json",
        "docs/exec-plans/evidence/KL-074/hosted-d7537c140729a4aafd2f4d5ce89d324ffa7bbeb7/artifact/iteration-1/events.jsonl.envelope.json",
        "docs/exec-plans/evidence/KL-074/hosted-d7537c140729a4aafd2f4d5ce89d324ffa7bbeb7/artifact/iteration-1/image-provenance.json.envelope.json",
        "docs/exec-plans/evidence/KL-074/hosted-d7537c140729a4aafd2f4d5ce89d324ffa7bbeb7/artifact/iteration-1/ordering.json.envelope.json",
        "docs/exec-plans/evidence/KL-074/hosted-d7537c140729a4aafd2f4d5ce89d324ffa7bbeb7/artifact/iteration-1/ownership-before.json.envelope.json",
        "docs/exec-plans/evidence/KL-074/hosted-d7537c140729a4aafd2f4d5ce89d324ffa7bbeb7/artifact/iteration-1/socket-tcp-observer.json.envelope.json",
        "docs/exec-plans/evidence/KL-074/hosted-d7537c140729a4aafd2f4d5ce89d324ffa7bbeb7/artifact/iteration-2/actual-topology.json.envelope.json",
        "docs/exec-plans/evidence/KL-074/hosted-d7537c140729a4aafd2f4d5ce89d324ffa7bbeb7/artifact/iteration-2/assertions.json.envelope.json",
        "docs/exec-plans/evidence/KL-074/hosted-d7537c140729a4aafd2f4d5ce89d324ffa7bbeb7/artifact/iteration-2/cleanup.json.envelope.json",
        "docs/exec-plans/evidence/KL-074/hosted-d7537c140729a4aafd2f4d5ce89d324ffa7bbeb7/artifact/iteration-2/container-raw-log.json.envelope.json",
        "docs/exec-plans/evidence/KL-074/hosted-d7537c140729a4aafd2f4d5ce89d324ffa7bbeb7/artifact/iteration-2/container.log.envelope.json",
        "docs/exec-plans/evidence/KL-074/hosted-d7537c140729a4aafd2f4d5ce89d324ffa7bbeb7/artifact/iteration-2/docker-entrypoint.sh.txt.envelope.json",
        "docs/exec-plans/evidence/KL-074/hosted-d7537c140729a4aafd2f4d5ce89d324ffa7bbeb7/artifact/iteration-2/events.jsonl.envelope.json",
        "docs/exec-plans/evidence/KL-074/hosted-d7537c140729a4aafd2f4d5ce89d324ffa7bbeb7/artifact/iteration-2/image-provenance.json.envelope.json",
        "docs/exec-plans/evidence/KL-074/hosted-d7537c140729a4aafd2f4d5ce89d324ffa7bbeb7/artifact/iteration-2/ordering.json.envelope.json",
        "docs/exec-plans/evidence/KL-074/hosted-d7537c140729a4aafd2f4d5ce89d324ffa7bbeb7/artifact/iteration-2/ownership-before.json.envelope.json",
        "docs/exec-plans/evidence/KL-074/hosted-d7537c140729a4aafd2f4d5ce89d324ffa7bbeb7/artifact/iteration-2/socket-tcp-observer.json.envelope.json",
        "docs/exec-plans/evidence/KL-074/hosted-d7537c140729a4aafd2f4d5ce89d324ffa7bbeb7/artifact/iteration-3/actual-topology.json.envelope.json",
        "docs/exec-plans/evidence/KL-074/hosted-d7537c140729a4aafd2f4d5ce89d324ffa7bbeb7/artifact/iteration-3/assertions.json.envelope.json",
        "docs/exec-plans/evidence/KL-074/hosted-d7537c140729a4aafd2f4d5ce89d324ffa7bbeb7/artifact/iteration-3/cleanup.json.envelope.json",
        "docs/exec-plans/evidence/KL-074/hosted-d7537c140729a4aafd2f4d5ce89d324ffa7bbeb7/artifact/iteration-3/container-raw-log.json.envelope.json",
        "docs/exec-plans/evidence/KL-074/hosted-d7537c140729a4aafd2f4d5ce89d324ffa7bbeb7/artifact/iteration-3/container.log.envelope.json",
        "docs/exec-plans/evidence/KL-074/hosted-d7537c140729a4aafd2f4d5ce89d324ffa7bbeb7/artifact/iteration-3/docker-entrypoint.sh.txt.envelope.json",
        "docs/exec-plans/evidence/KL-074/hosted-d7537c140729a4aafd2f4d5ce89d324ffa7bbeb7/artifact/iteration-3/events.jsonl.envelope.json",
        "docs/exec-plans/evidence/KL-074/hosted-d7537c140729a4aafd2f4d5ce89d324ffa7bbeb7/artifact/iteration-3/image-provenance.json.envelope.json",
        "docs/exec-plans/evidence/KL-074/hosted-d7537c140729a4aafd2f4d5ce89d324ffa7bbeb7/artifact/iteration-3/ordering.json.envelope.json",
        "docs/exec-plans/evidence/KL-074/hosted-d7537c140729a4aafd2f4d5ce89d324ffa7bbeb7/artifact/iteration-3/ownership-before.json.envelope.json",
        "docs/exec-plans/evidence/KL-074/hosted-d7537c140729a4aafd2f4d5ce89d324ffa7bbeb7/artifact/iteration-3/socket-tcp-observer.json.envelope.json",
        "docs/exec-plans/evidence/KL-074/hosted-d7537c140729a4aafd2f4d5ce89d324ffa7bbeb7/jobs.envelope.json",
        "docs/exec-plans/evidence/KL-074/hosted-d7537c140729a4aafd2f4d5ce89d324ffa7bbeb7/run-log.envelope.json",
        "docs/exec-plans/evidence/KL-074/hosted-d7537c140729a4aafd2f4d5ce89d324ffa7bbeb7/run.envelope.json",
        "docs/exec-plans/evidence/KL-074/hosted_entrypoint_and_evidence-c3d1ba59af0f8ea54ab50c79fda86294949e1fcf.json",
        "docs/exec-plans/evidence/KL-074/hosted_entrypoint_and_evidence-d7537c140729a4aafd2f4d5ce89d324ffa7bbeb7.json",
        "docs/exec-plans/evidence/KL-074/lifecycle_regressions-c3d1ba59af0f8ea54ab50c79fda86294949e1fcf.json",
        "docs/exec-plans/evidence/KL-074/lifecycle_regressions-d7537c140729a4aafd2f4d5ce89d324ffa7bbeb7.json",
        "docs/exec-plans/evidence/KL-074/normal-ci-d7537c140729a4aafd2f4d5ce89d324ffa7bbeb7.json",
        "docs/exec-plans/evidence/KL-074/observer-repair-diagnostics.json",
        "docs/exec-plans/evidence/KL-074/permanent_tcp_unready_bounded-c3d1ba59af0f8ea54ab50c79fda86294949e1fcf.json",
        "docs/exec-plans/evidence/KL-074/permanent_tcp_unready_bounded-d7537c140729a4aafd2f4d5ce89d324ffa7bbeb7.json",
        "docs/exec-plans/evidence/KL-074/preparation-compose_and_lifecycle_tcp_alignment-16c65fb1a4da0c393f8c7aaadb6ebb6c1c3cbf48.json",
        "docs/exec-plans/evidence/KL-074/preparation-delayed_final_ready_exact_reset-16c65fb1a4da0c393f8c7aaadb6ebb6c1c3cbf48.json",
        "docs/exec-plans/evidence/KL-074/preparation-diagnostics.json",
        "docs/exec-plans/evidence/KL-074/preparation-hosted_entrypoint_and_evidence-16c65fb1a4da0c393f8c7aaadb6ebb6c1c3cbf48.json",
        "docs/exec-plans/evidence/KL-074/preparation-lifecycle_regressions-16c65fb1a4da0c393f8c7aaadb6ebb6c1c3cbf48.json",
        "docs/exec-plans/evidence/KL-074/preparation-permanent_tcp_unready_bounded-16c65fb1a4da0c393f8c7aaadb6ebb6c1c3cbf48.json",
        "docs/exec-plans/evidence/KL-074/preparation-sql_failure_no_replay-16c65fb1a4da0c393f8c7aaadb6ebb6c1c3cbf48.json",
        "docs/exec-plans/evidence/KL-074/preparation-temporary_socket_ready_not_final_ready-16c65fb1a4da0c393f8c7aaadb6ebb6c1c3cbf48.json",
        "docs/exec-plans/evidence/KL-074/quality_and_harness-c3d1ba59af0f8ea54ab50c79fda86294949e1fcf.json",
        "docs/exec-plans/evidence/KL-074/quality_and_harness-d7537c140729a4aafd2f4d5ce89d324ffa7bbeb7.json",
        "docs/exec-plans/evidence/KL-074/sql_failure_no_replay-c3d1ba59af0f8ea54ab50c79fda86294949e1fcf.json",
        "docs/exec-plans/evidence/KL-074/sql_failure_no_replay-d7537c140729a4aafd2f4d5ce89d324ffa7bbeb7.json",
        "docs/exec-plans/evidence/KL-074/temporary_socket_ready_not_final_ready-c3d1ba59af0f8ea54ab50c79fda86294949e1fcf.json",
        "docs/exec-plans/evidence/KL-074/temporary_socket_ready_not_final_ready-d7537c140729a4aafd2f4d5ce89d324ffa7bbeb7.json",
        "docs/exec-plans/evidence/KL-074/verify_downloaded_artifact-d7537c140729a4aafd2f4d5ce89d324ffa7bbeb7.py",
        "src/kineticloop/db/lifecycle.py",
        "tests/db/test_lifecycle.py",
        "tests/db/test_startup_readiness.py",
        "tools/db/verify_startup_readiness.py"
      ],
      "decisions": [
        "Preserve all lifecycle bytes except readiness_lifecycle_candidate(before); retain original SQL/authentication/credentials/image/ports/volume/namespace semantics.",
        "Create only the byte-exact ratified additive kl074-readiness workflow; both existing workflows remain byte-identical.",
        "Use only dedicated GitHub-hosted local Docker for actual-image coldstarts and full legacy DB suites; no developer/shared Docker execution.",
        "Replace coarse socket sampling after its measured-witness failure with a bounded concurrent read-only observer; lifecycle TCP/SQL is not delayed by that observer.",
        "Verify run/job/head/attempt/repository identities and downloaded archive digest before recording PASS; preserve all raw artifact bytes and historical failure diagnostics in envelopes.",
        "Keep product requirements and release gates separate; no product/release/auto-activation PASS is claimed."
      ],
      "known_limitations": [
        "The first hosted candidate failed because coarse observations missed the short socket-only window; its full-suite step was NOT_RUN. Its verified raw failure artifact is retained separately and never counted as PASS.",
        "Evidence pins the actual configured PostgreSQL image and entrypoint observed at tested_commit; no inference-only or production claim is made.",
        "The draft evidence-collection heads correctly failed the missing-result merge gate. Fresh independent reviews, the review-record-only suffix check and every applicable final-head CI/gate must pass before normal merge."
      ],
      "follow_up_tasks": [
        "Complete fresh SHA-bound GENERAL, DB_CONCURRENCY and SECURITY_DATA_BOUNDARY reviews; persist only task-scoped review records afterward.",
        "Verify final relevant-head normal CI, hosted readiness evidence job and selected merge gate before normal merge.",
        "Record post-merge integration separately without modifying this reviewed result."
      ],
      "spec_change_request": null
    },
    "reviews": [
      {
        "path": "docs/exec-plans/reviews/KL-074/GENERAL.json",
        "sha256": "bbb1fa4def23c42beb0dffae4d1bd9ca48db25f5178d55406a0e3419816115b2",
        "type": "GENERAL",
        "status": "PASS",
        "reviewed_head_sha": "7327e653d25b5aaba56fe96f8b2cd309d4a4aaf4"
      },
      {
        "path": "docs/exec-plans/reviews/KL-074/SECURITY_DATA_BOUNDARY.json",
        "sha256": "5cac4dc562202fd87ed3ab03afd2602d12cc1f5b5e974e109c52a54fcaf27417",
        "type": "SECURITY_DATA_BOUNDARY",
        "status": "PASS",
        "reviewed_head_sha": "7327e653d25b5aaba56fe96f8b2cd309d4a4aaf4"
      },
      {
        "path": "docs/exec-plans/reviews/KL-074/DB_CONCURRENCY.json",
        "sha256": "afe1839ae570c881922333be5990dd4cc578e5d243d06ac1af9f0c5011309645",
        "type": "DB_CONCURRENCY",
        "status": "PASS",
        "reviewed_head_sha": "7327e653d25b5aaba56fe96f8b2cd309d4a4aaf4"
      }
    ],
    "integration": {
      "task_identity": "harness-backlog-v0.2/KL-074",
      "display_task_id": "KL-074",
      "result_commit": "7327e653d25b5aaba56fe96f8b2cd309d4a4aaf4",
      "reviewed_head_sha": "7327e653d25b5aaba56fe96f8b2cd309d4a4aaf4",
      "review_record_commit": "ed7246bd6c74edbec78edc60fe2682fc93df33e6",
      "merge_commit": "3c1312e5946593d73f169f6ea1ce559c27523bd2",
      "integration_status": "MERGED"
    },
    "normal_merge_parents": [
      "cfbfae0c366e654060d5d52f961a37abf956f2a0",
      "ed7246bd6c74edbec78edc60fe2682fc93df33e6"
    ]
  },
  {
    "M2": {
      "milestone_identity": "harness-backlog-v0.2/M2",
      "display_milestone_id": "M2",
      "closure_status": "PASS",
      "evaluated_commit": "08f3a985e52150a18678d2f913c0a8d6a44792b1",
      "integrations": [
        {
          "task_identity": "harness-backlog-v0.2/KL-010",
          "display_task_id": "KL-010",
          "integration_record": "docs/exec-plans/integrations/KL-010.json",
          "sha256": "9372388a4d9a5a823e5086296704ca39e5b576541199d4a38f963c86fe29a983"
        },
        {
          "task_identity": "harness-backlog-v0.2/KL-011",
          "display_task_id": "KL-011",
          "integration_record": "docs/exec-plans/integrations/KL-011.json",
          "sha256": "b142bee95d295b90d31d2d402e2e790339ef0517f659fceb4eea4182a3763a61"
        },
        {
          "task_identity": "harness-backlog-v0.2/KL-012",
          "display_task_id": "KL-012",
          "integration_record": "docs/exec-plans/integrations/KL-012.json",
          "sha256": "25497ef59c3132e1c82ba62040b7153ad5da49f8d75e1780b581e8dc3396411d"
        },
        {
          "task_identity": "harness-backlog-v0.2/KL-013",
          "display_task_id": "KL-013",
          "integration_record": "docs/exec-plans/integrations/KL-013.json",
          "sha256": "40fba30730669fd696955591c807bdedb6350ef249bd4e4063ced6a1a68a9025"
        },
        {
          "task_identity": "harness-backlog-v0.2/KL-014",
          "display_task_id": "KL-014",
          "integration_record": "docs/exec-plans/integrations/KL-014.json",
          "sha256": "aebc5f5f7961158f3ba88379e7060ae523d78e518859206e8123aec3b560d522"
        },
        {
          "task_identity": "harness-backlog-v0.2/KL-015",
          "display_task_id": "KL-015",
          "integration_record": "docs/exec-plans/integrations/KL-015.json",
          "sha256": "3fa1246ba3848539cfd9fc4af0fcfffc2e4e8dd3c0d5d88a601f0c67e55ba712"
        },
        {
          "task_identity": "harness-backlog-v0.2/KL-016",
          "display_task_id": "KL-016",
          "integration_record": "docs/exec-plans/integrations/KL-016.json",
          "sha256": "646bdae4a773cb0f90eac2c426d78eb71df23c6e1fb3ea9788fd0ca3f5fcb5fb"
        },
        {
          "task_identity": "harness-backlog-v0.2/KL-017",
          "display_task_id": "KL-017",
          "integration_record": "docs/exec-plans/integrations/KL-017.json",
          "sha256": "a07eef618e0afa3fbda6699e7619234c79b67aee4355a874933a3ef41ca60148"
        },
        {
          "task_identity": "harness-backlog-v0.2/KL-018",
          "display_task_id": "KL-018",
          "integration_record": "docs/exec-plans/integrations/KL-018.json",
          "sha256": "06e9468f0874de210345455f168348f876a7f2478ccdb458100daac057af1420"
        },
        {
          "task_identity": "harness-backlog-v0.2/KL-055",
          "display_task_id": "KL-055",
          "integration_record": "docs/exec-plans/integrations/KL-055.json",
          "sha256": "ea8bfe1b98ea9ecac98c3c4407e9adbc331fffce9908be14721e9ab3990fc5ba"
        },
        {
          "task_identity": "harness-backlog-v0.2/KL-072",
          "display_task_id": "KL-072",
          "integration_record": "docs/exec-plans/integrations/KL-072.json",
          "sha256": "5db3b6f3721fe5c182c0ae284a2a2c58f450ca0260d79015b136dcf6165176e3"
        },
        {
          "task_identity": "harness-backlog-v0.2/KL-073",
          "display_task_id": "KL-073",
          "integration_record": "docs/exec-plans/integrations/KL-073.json",
          "sha256": "c22c60edffaa0325773a5a0635457c2512b1724662f3aec4cf48e8bd661e4d42"
        }
      ],
      "exit_checks": [
        {
          "check_id": "m2_task_integrations_valid",
          "result": "PASS",
          "evidence": [
            {
              "path": "docs/exec-plans/integrations/KL-010.json",
              "revision": "08f3a985e52150a18678d2f913c0a8d6a44792b1",
              "sha256": "9372388a4d9a5a823e5086296704ca39e5b576541199d4a38f963c86fe29a983"
            },
            {
              "path": "docs/exec-plans/integrations/KL-011.json",
              "revision": "08f3a985e52150a18678d2f913c0a8d6a44792b1",
              "sha256": "b142bee95d295b90d31d2d402e2e790339ef0517f659fceb4eea4182a3763a61"
            },
            {
              "path": "docs/exec-plans/integrations/KL-012.json",
              "revision": "08f3a985e52150a18678d2f913c0a8d6a44792b1",
              "sha256": "25497ef59c3132e1c82ba62040b7153ad5da49f8d75e1780b581e8dc3396411d"
            },
            {
              "path": "docs/exec-plans/integrations/KL-013.json",
              "revision": "08f3a985e52150a18678d2f913c0a8d6a44792b1",
              "sha256": "40fba30730669fd696955591c807bdedb6350ef249bd4e4063ced6a1a68a9025"
            },
            {
              "path": "docs/exec-plans/integrations/KL-014.json",
              "revision": "08f3a985e52150a18678d2f913c0a8d6a44792b1",
              "sha256": "aebc5f5f7961158f3ba88379e7060ae523d78e518859206e8123aec3b560d522"
            },
            {
              "path": "docs/exec-plans/integrations/KL-015.json",
              "revision": "08f3a985e52150a18678d2f913c0a8d6a44792b1",
              "sha256": "3fa1246ba3848539cfd9fc4af0fcfffc2e4e8dd3c0d5d88a601f0c67e55ba712"
            },
            {
              "path": "docs/exec-plans/integrations/KL-016.json",
              "revision": "08f3a985e52150a18678d2f913c0a8d6a44792b1",
              "sha256": "646bdae4a773cb0f90eac2c426d78eb71df23c6e1fb3ea9788fd0ca3f5fcb5fb"
            },
            {
              "path": "docs/exec-plans/integrations/KL-017.json",
              "revision": "08f3a985e52150a18678d2f913c0a8d6a44792b1",
              "sha256": "a07eef618e0afa3fbda6699e7619234c79b67aee4355a874933a3ef41ca60148"
            },
            {
              "path": "docs/exec-plans/integrations/KL-018.json",
              "revision": "08f3a985e52150a18678d2f913c0a8d6a44792b1",
              "sha256": "06e9468f0874de210345455f168348f876a7f2478ccdb458100daac057af1420"
            },
            {
              "path": "docs/exec-plans/integrations/KL-055.json",
              "revision": "08f3a985e52150a18678d2f913c0a8d6a44792b1",
              "sha256": "ea8bfe1b98ea9ecac98c3c4407e9adbc331fffce9908be14721e9ab3990fc5ba"
            },
            {
              "path": "docs/exec-plans/integrations/KL-072.json",
              "revision": "08f3a985e52150a18678d2f913c0a8d6a44792b1",
              "sha256": "5db3b6f3721fe5c182c0ae284a2a2c58f450ca0260d79015b136dcf6165176e3"
            },
            {
              "path": "docs/exec-plans/integrations/KL-073.json",
              "revision": "08f3a985e52150a18678d2f913c0a8d6a44792b1",
              "sha256": "c22c60edffaa0325773a5a0635457c2512b1724662f3aec4cf48e8bd661e4d42"
            }
          ]
        },
        {
          "check_id": "m2_regression_suite_passes",
          "result": "PASS",
          "evidence": [
            {
              "path": "docs/exec-plans/evidence/HG-023/m2-regression-307428e.json",
              "revision": "08f3a985e52150a18678d2f913c0a8d6a44792b1",
              "sha256": "6a45fa966bc8d3bc071280885b9c315495bf1441ac118492e54d0eb23ce45ccb"
            }
          ]
        },
        {
          "check_id": "frozen_authority_and_requirement_claims_preserved",
          "result": "PASS",
          "evidence": [
            {
              "path": "FROZEN_BASELINE.json",
              "revision": "08f3a985e52150a18678d2f913c0a8d6a44792b1",
              "sha256": "bb8cd79942d3ca735e38e0363d8f56c5c45bbd79210a6618d29704aac3dd04df"
            },
            {
              "path": "CURRENT_REQUIREMENT_SET.json",
              "revision": "08f3a985e52150a18678d2f913c0a8d6a44792b1",
              "sha256": "c7ce1793c0b5fcbdec99afc8742e33b60e42cb633eacf9424ae84c4639dfa750"
            }
          ]
        },
        {
          "check_id": "schema_rebuild_from_zero",
          "result": "PASS",
          "evidence": [
            {
              "path": "docs/exec-plans/evidence/KL-013/checks-b0c5d4a.log",
              "revision": "2f5174ca5fbdde847f314bd50be067749401a2b0",
              "sha256": "d53b74751796f54fd63c992bbb4f400188ef3b1c832449d158169b393b37aaf7"
            },
            {
              "path": "docs/exec-plans/evidence/KL-017/checks-eb61729.log",
              "revision": "4aa711e0e6aa490e250c8eb3241653b90307df6d",
              "sha256": "f155d3b287ae401581e9c6f4d6b413837f2064da32b82f90987310190ae50c6c"
            },
            {
              "path": "docs/exec-plans/evidence/KL-072/checks-200ae79.log",
              "revision": "decbc03ce0cb895b69a154e4e92b65acce30ab26",
              "sha256": "c9e74d8e9374c8ef6cc2429ad21331aef8ce34079159e4338e004fda7f6e4800"
            }
          ]
        },
        {
          "check_id": "migration_dependency_graph_documented",
          "result": "PASS",
          "evidence": [
            {
              "path": "docs/contracts/physical_schema_topology.md",
              "revision": "08f3a985e52150a18678d2f913c0a8d6a44792b1",
              "sha256": "84230ccb87c0e60d7b36eed0868aec0fa7e2c09d271bfa414f7d55c46bace8bf"
            },
            {
              "path": "docs/exec-plans/evidence/KL-010/checks-178dc5d.log",
              "revision": "6f398ccf411bbe4320ec4e43335944976fff3eee",
              "sha256": "823fd4ce6e072ec564acf40188e9d9a98297ccd1cd334e447848d91d28da340a"
            },
            {
              "path": "docs/exec-plans/evidence/KL-013/checks-b0c5d4a.log",
              "revision": "2f5174ca5fbdde847f314bd50be067749401a2b0",
              "sha256": "d53b74751796f54fd63c992bbb4f400188ef3b1c832449d158169b393b37aaf7"
            }
          ]
        },
        {
          "check_id": "no_writer_bypasses_owner_subject_guard",
          "result": "PASS",
          "evidence": [
            {
              "path": "docs/exec-plans/evidence/KL-012/checks-8568eb4.log",
              "revision": "1a33743a1a34c12f7dc08eca09de2f4651dbee9c",
              "sha256": "916a5060f790092fd3b79dba81d0843e9f60cceaeb0d08e079b00a3b704dd187"
            },
            {
              "path": "docs/exec-plans/evidence/KL-015/checks-cdc6243.log",
              "revision": "a7cf0af8bae32df8b1cd845c9e1d1159049b4b24",
              "sha256": "2bc0d7c3123c5ba9f6b0ddfd9033e7a92c43e658cf059e0cf4bd2e9f4b745a82"
            },
            {
              "path": "docs/exec-plans/evidence/KL-017/checks-eb61729.log",
              "revision": "4aa711e0e6aa490e250c8eb3241653b90307df6d",
              "sha256": "f155d3b287ae401581e9c6f4d6b413837f2064da32b82f90987310190ae50c6c"
            },
            {
              "path": "docs/exec-plans/evidence/KL-072/checks-200ae79.log",
              "revision": "decbc03ce0cb895b69a154e4e92b65acce30ab26",
              "sha256": "c9e74d8e9374c8ef6cc2429ad21331aef8ce34079159e4338e004fda7f6e4800"
            }
          ]
        },
        {
          "check_id": "shadow_registry_gates_precede_affected_contracts",
          "result": "PASS",
          "evidence": [
            {
              "path": "docs/exec-plans/evidence/KL-008/checks-efec610.log",
              "revision": "d0924a71a33a52bd1dc1ad8eb69063b3bc0914e4",
              "sha256": "d7a85f21c41e26a27dc2170134ab2b8251ae45d8185ace14168e48e55b6ba325"
            },
            {
              "path": "docs/exec-plans/evidence/KL-014/checks-b6b6c6c.log",
              "revision": "6ca25b197b1d7c6bdfd59c1c474d33ba53b1e20a",
              "sha256": "c70b0abbe2b03aac7c49d28c6659fdcc4b21f7b54f566f70ea255eccdcdb6176"
            },
            {
              "path": "docs/exec-plans/evidence/KL-015/checks-cdc6243.log",
              "revision": "a7cf0af8bae32df8b1cd845c9e1d1159049b4b24",
              "sha256": "2bc0d7c3123c5ba9f6b0ddfd9033e7a92c43e658cf059e0cf4bd2e9f4b745a82"
            },
            {
              "path": "docs/exec-plans/evidence/KL-016/checks-89727c8.log",
              "revision": "8caf0b6ce6368ddb0b43b81d05029e463232c0f5",
              "sha256": "25bdb5a3de66386d5e5592ae4380c57602bf9f611249dc2500300d9fb846c126"
            },
            {
              "path": "docs/exec-plans/evidence/KL-017/checks-eb61729.log",
              "revision": "4aa711e0e6aa490e250c8eb3241653b90307df6d",
              "sha256": "f155d3b287ae401581e9c6f4d6b413837f2064da32b82f90987310190ae50c6c"
            },
            {
              "path": "docs/exec-plans/evidence/KL-072/checks-200ae79.log",
              "revision": "decbc03ce0cb895b69a154e4e92b65acce30ab26",
              "sha256": "c9e74d8e9374c8ef6cc2429ad21331aef8ce34079159e4338e004fda7f6e4800"
            }
          ]
        }
      ],
      "historical_model_evidence": {
        "status": "UNVERIFIED_HISTORICAL_DECLARATION",
        "independently_reproducible_protocol_model": false
      },
      "product_requirement_pass_claims": []
    },
    "index_hashes_verified": true,
    "tested_to_reviewed_suffix": [
      "docs/exec-plans/completed/KL-078_RESULT.yaml",
      "docs/exec-plans/evidence/KL-078/checks-2a958c4/checks.json",
      "docs/exec-plans/evidence/KL-078/checks-2a958c4/harness_regressions_pass.log",
      "docs/exec-plans/evidence/KL-078/checks-2a958c4/harness_regressions_pass.xml",
      "docs/exec-plans/evidence/KL-078/checks-2a958c4/harness_validation_passes.log",
      "docs/exec-plans/evidence/KL-078/checks-2a958c4/lint_passes.log",
      "docs/exec-plans/evidence/KL-078/checks-2a958c4/preparation_basis_denials_dc.log",
      "docs/exec-plans/evidence/KL-078/checks-2a958c4/preparation_basis_denials_dc.xml",
      "docs/exec-plans/evidence/KL-078/checks-2a958c4/preparation_capability_pu.log",
      "docs/exec-plans/evidence/KL-078/checks-2a958c4/preparation_capability_pu.xml",
      "docs/exec-plans/evidence/KL-078/checks-2a958c4/preparation_duplicate_rollback_dc.log",
      "docs/exec-plans/evidence/KL-078/checks-2a958c4/preparation_duplicate_rollback_dc.xml",
      "docs/exec-plans/evidence/KL-078/checks-2a958c4/preparation_immutable_replay_dc.log",
      "docs/exec-plans/evidence/KL-078/checks-2a958c4/preparation_immutable_replay_dc.xml",
      "docs/exec-plans/evidence/KL-078/checks-2a958c4/preparation_namespace_pu.log",
      "docs/exec-plans/evidence/KL-078/checks-2a958c4/preparation_namespace_pu.xml",
      "docs/exec-plans/evidence/KL-078/checks-2a958c4/preparation_no_authority_dc.log",
      "docs/exec-plans/evidence/KL-078/checks-2a958c4/preparation_no_authority_dc.xml",
      "docs/exec-plans/evidence/KL-078/checks-2a958c4/preparation_owner_pipeline_dc.log",
      "docs/exec-plans/evidence/KL-078/checks-2a958c4/preparation_owner_pipeline_dc.xml",
      "docs/exec-plans/evidence/KL-078/checks-2a958c4/preparation_revision_pu.log",
      "docs/exec-plans/evidence/KL-078/checks-2a958c4/preparation_revision_pu.xml",
      "docs/exec-plans/evidence/KL-078/checks-2a958c4/preparation_suite_dc.log",
      "docs/exec-plans/evidence/KL-078/checks-2a958c4/preparation_suite_dc.xml",
      "docs/exec-plans/evidence/KL-078/checks-2a958c4/typecheck_passes.log",
      "docs/exec-plans/evidence/KL-078/checks-2a958c4/unit_regressions_pass.log",
      "docs/exec-plans/evidence/KL-078/checks-2a958c4/unit_regressions_pass.xml",
      "docs/exec-plans/evidence/KL-078/protocol-impact-2a958c4.json"
    ],
    "base_unstarted": true,
    "scoped_diff": [
      "docs/contracts/preparation.md",
      "docs/exec-plans/completed/KL-078_RESULT.yaml",
      "docs/exec-plans/evidence/KL-078/checks-06e0a48/checks.json",
      "docs/exec-plans/evidence/KL-078/checks-06e0a48/interrupted.json",
      "docs/exec-plans/evidence/KL-078/checks-06e0a48/preparation_capability_pu.log",
      "docs/exec-plans/evidence/KL-078/checks-06e0a48/preparation_capability_pu.xml",
      "docs/exec-plans/evidence/KL-078/checks-06e0a48/preparation_namespace_pu.log",
      "docs/exec-plans/evidence/KL-078/checks-06e0a48/preparation_namespace_pu.xml",
      "docs/exec-plans/evidence/KL-078/checks-06e0a48/preparation_owner_pipeline_dc.log",
      "docs/exec-plans/evidence/KL-078/checks-06e0a48/preparation_owner_pipeline_dc.xml",
      "docs/exec-plans/evidence/KL-078/checks-06e0a48/preparation_revision_pu.log",
      "docs/exec-plans/evidence/KL-078/checks-06e0a48/preparation_revision_pu.xml",
      "docs/exec-plans/evidence/KL-078/checks-2a958c4/checks.json",
      "docs/exec-plans/evidence/KL-078/checks-2a958c4/harness_regressions_pass.log",
      "docs/exec-plans/evidence/KL-078/checks-2a958c4/harness_regressions_pass.xml",
      "docs/exec-plans/evidence/KL-078/checks-2a958c4/harness_validation_passes.log",
      "docs/exec-plans/evidence/KL-078/checks-2a958c4/lint_passes.log",
      "docs/exec-plans/evidence/KL-078/checks-2a958c4/preparation_basis_denials_dc.log",
      "docs/exec-plans/evidence/KL-078/checks-2a958c4/preparation_basis_denials_dc.xml",
      "docs/exec-plans/evidence/KL-078/checks-2a958c4/preparation_capability_pu.log",
      "docs/exec-plans/evidence/KL-078/checks-2a958c4/preparation_capability_pu.xml",
      "docs/exec-plans/evidence/KL-078/checks-2a958c4/preparation_duplicate_rollback_dc.log",
      "docs/exec-plans/evidence/KL-078/checks-2a958c4/preparation_duplicate_rollback_dc.xml",
      "docs/exec-plans/evidence/KL-078/checks-2a958c4/preparation_immutable_replay_dc.log",
      "docs/exec-plans/evidence/KL-078/checks-2a958c4/preparation_immutable_replay_dc.xml",
      "docs/exec-plans/evidence/KL-078/checks-2a958c4/preparation_namespace_pu.log",
      "docs/exec-plans/evidence/KL-078/checks-2a958c4/preparation_namespace_pu.xml",
      "docs/exec-plans/evidence/KL-078/checks-2a958c4/preparation_no_authority_dc.log",
      "docs/exec-plans/evidence/KL-078/checks-2a958c4/preparation_no_authority_dc.xml",
      "docs/exec-plans/evidence/KL-078/checks-2a958c4/preparation_owner_pipeline_dc.log",
      "docs/exec-plans/evidence/KL-078/checks-2a958c4/preparation_owner_pipeline_dc.xml",
      "docs/exec-plans/evidence/KL-078/checks-2a958c4/preparation_revision_pu.log",
      "docs/exec-plans/evidence/KL-078/checks-2a958c4/preparation_revision_pu.xml",
      "docs/exec-plans/evidence/KL-078/checks-2a958c4/preparation_suite_dc.log",
      "docs/exec-plans/evidence/KL-078/checks-2a958c4/preparation_suite_dc.xml",
      "docs/exec-plans/evidence/KL-078/checks-2a958c4/typecheck_passes.log",
      "docs/exec-plans/evidence/KL-078/checks-2a958c4/unit_regressions_pass.log",
      "docs/exec-plans/evidence/KL-078/checks-2a958c4/unit_regressions_pass.xml",
      "docs/exec-plans/evidence/KL-078/checks-c2816f6/checks.json",
      "docs/exec-plans/evidence/KL-078/checks-c2816f6/harness_regressions_pass.log",
      "docs/exec-plans/evidence/KL-078/checks-c2816f6/harness_regressions_pass.xml",
      "docs/exec-plans/evidence/KL-078/checks-c2816f6/harness_validation_passes.log",
      "docs/exec-plans/evidence/KL-078/checks-c2816f6/lint_passes.log",
      "docs/exec-plans/evidence/KL-078/checks-c2816f6/preparation_basis_denials_dc.log",
      "docs/exec-plans/evidence/KL-078/checks-c2816f6/preparation_basis_denials_dc.xml",
      "docs/exec-plans/evidence/KL-078/checks-c2816f6/preparation_capability_pu.log",
      "docs/exec-plans/evidence/KL-078/checks-c2816f6/preparation_capability_pu.xml",
      "docs/exec-plans/evidence/KL-078/checks-c2816f6/preparation_duplicate_rollback_dc.log",
      "docs/exec-plans/evidence/KL-078/checks-c2816f6/preparation_duplicate_rollback_dc.xml",
      "docs/exec-plans/evidence/KL-078/checks-c2816f6/preparation_immutable_replay_dc.log",
      "docs/exec-plans/evidence/KL-078/checks-c2816f6/preparation_immutable_replay_dc.xml",
      "docs/exec-plans/evidence/KL-078/checks-c2816f6/preparation_namespace_pu.log",
      "docs/exec-plans/evidence/KL-078/checks-c2816f6/preparation_namespace_pu.xml",
      "docs/exec-plans/evidence/KL-078/checks-c2816f6/preparation_no_authority_dc.log",
      "docs/exec-plans/evidence/KL-078/checks-c2816f6/preparation_no_authority_dc.xml",
      "docs/exec-plans/evidence/KL-078/checks-c2816f6/preparation_owner_pipeline_dc.log",
      "docs/exec-plans/evidence/KL-078/checks-c2816f6/preparation_owner_pipeline_dc.xml",
      "docs/exec-plans/evidence/KL-078/checks-c2816f6/preparation_revision_pu.log",
      "docs/exec-plans/evidence/KL-078/checks-c2816f6/preparation_revision_pu.xml",
      "docs/exec-plans/evidence/KL-078/checks-c2816f6/preparation_suite_dc.log",
      "docs/exec-plans/evidence/KL-078/checks-c2816f6/preparation_suite_dc.xml",
      "docs/exec-plans/evidence/KL-078/checks-c2816f6/typecheck_passes.log",
      "docs/exec-plans/evidence/KL-078/checks-c2816f6/unit_regressions_pass.log",
      "docs/exec-plans/evidence/KL-078/checks-c2816f6/unit_regressions_pass.xml",
      "docs/exec-plans/evidence/KL-078/checks-c40187d/checks.json",
      "docs/exec-plans/evidence/KL-078/checks-c40187d/harness_regressions_pass.log",
      "docs/exec-plans/evidence/KL-078/checks-c40187d/harness_regressions_pass.xml",
      "docs/exec-plans/evidence/KL-078/checks-c40187d/harness_validation_passes.log",
      "docs/exec-plans/evidence/KL-078/checks-c40187d/lint_passes.log",
      "docs/exec-plans/evidence/KL-078/checks-c40187d/preparation_basis_denials_dc.log",
      "docs/exec-plans/evidence/KL-078/checks-c40187d/preparation_basis_denials_dc.xml",
      "docs/exec-plans/evidence/KL-078/checks-c40187d/preparation_capability_pu.log",
      "docs/exec-plans/evidence/KL-078/checks-c40187d/preparation_capability_pu.xml",
      "docs/exec-plans/evidence/KL-078/checks-c40187d/preparation_duplicate_rollback_dc.log",
      "docs/exec-plans/evidence/KL-078/checks-c40187d/preparation_duplicate_rollback_dc.xml",
      "docs/exec-plans/evidence/KL-078/checks-c40187d/preparation_immutable_replay_dc.log",
      "docs/exec-plans/evidence/KL-078/checks-c40187d/preparation_immutable_replay_dc.xml",
      "docs/exec-plans/evidence/KL-078/checks-c40187d/preparation_namespace_pu.log",
      "docs/exec-plans/evidence/KL-078/checks-c40187d/preparation_namespace_pu.xml",
      "docs/exec-plans/evidence/KL-078/checks-c40187d/preparation_no_authority_dc.log",
      "docs/exec-plans/evidence/KL-078/checks-c40187d/preparation_no_authority_dc.xml",
      "docs/exec-plans/evidence/KL-078/checks-c40187d/preparation_owner_pipeline_dc.log",
      "docs/exec-plans/evidence/KL-078/checks-c40187d/preparation_owner_pipeline_dc.xml",
      "docs/exec-plans/evidence/KL-078/checks-c40187d/preparation_revision_pu.log",
      "docs/exec-plans/evidence/KL-078/checks-c40187d/preparation_revision_pu.xml",
      "docs/exec-plans/evidence/KL-078/checks-c40187d/preparation_suite_dc.log",
      "docs/exec-plans/evidence/KL-078/checks-c40187d/preparation_suite_dc.xml",
      "docs/exec-plans/evidence/KL-078/checks-c40187d/typecheck_passes.log",
      "docs/exec-plans/evidence/KL-078/checks-c40187d/unit_regressions_pass.log",
      "docs/exec-plans/evidence/KL-078/checks-c40187d/unit_regressions_pass.xml",
      "docs/exec-plans/evidence/KL-078/checks-e1ad25c/checks.json",
      "docs/exec-plans/evidence/KL-078/checks-e1ad25c/interrupted.json",
      "docs/exec-plans/evidence/KL-078/checks-e1ad25c/preparation_basis_denials_dc.log",
      "docs/exec-plans/evidence/KL-078/checks-e1ad25c/preparation_basis_denials_dc.xml",
      "docs/exec-plans/evidence/KL-078/checks-e1ad25c/preparation_capability_pu.log",
      "docs/exec-plans/evidence/KL-078/checks-e1ad25c/preparation_capability_pu.xml",
      "docs/exec-plans/evidence/KL-078/checks-e1ad25c/preparation_duplicate_rollback_dc.log",
      "docs/exec-plans/evidence/KL-078/checks-e1ad25c/preparation_duplicate_rollback_dc.xml",
      "docs/exec-plans/evidence/KL-078/checks-e1ad25c/preparation_immutable_replay_dc.log",
      "docs/exec-plans/evidence/KL-078/checks-e1ad25c/preparation_immutable_replay_dc.xml",
      "docs/exec-plans/evidence/KL-078/checks-e1ad25c/preparation_namespace_pu.log",
      "docs/exec-plans/evidence/KL-078/checks-e1ad25c/preparation_namespace_pu.xml",
      "docs/exec-plans/evidence/KL-078/checks-e1ad25c/preparation_no_authority_dc.log",
      "docs/exec-plans/evidence/KL-078/checks-e1ad25c/preparation_no_authority_dc.xml",
      "docs/exec-plans/evidence/KL-078/checks-e1ad25c/preparation_owner_pipeline_dc.log",
      "docs/exec-plans/evidence/KL-078/checks-e1ad25c/preparation_owner_pipeline_dc.xml",
      "docs/exec-plans/evidence/KL-078/checks-e1ad25c/preparation_revision_pu.log",
      "docs/exec-plans/evidence/KL-078/checks-e1ad25c/preparation_revision_pu.xml",
      "docs/exec-plans/evidence/KL-078/checks-e1ad25c/preparation_suite_dc.log",
      "docs/exec-plans/evidence/KL-078/checks-e1ad25c/preparation_suite_dc.xml",
      "docs/exec-plans/evidence/KL-078/checks-f331731/checks.json",
      "docs/exec-plans/evidence/KL-078/checks-f331731/harness_validation_passes.log",
      "docs/exec-plans/evidence/KL-078/checks-f331731/interrupted.json",
      "docs/exec-plans/evidence/KL-078/checks-f331731/preparation_basis_denials_dc.log",
      "docs/exec-plans/evidence/KL-078/checks-f331731/preparation_basis_denials_dc.xml",
      "docs/exec-plans/evidence/KL-078/checks-f331731/preparation_capability_pu.log",
      "docs/exec-plans/evidence/KL-078/checks-f331731/preparation_capability_pu.xml",
      "docs/exec-plans/evidence/KL-078/checks-f331731/preparation_duplicate_rollback_dc.log",
      "docs/exec-plans/evidence/KL-078/checks-f331731/preparation_duplicate_rollback_dc.xml",
      "docs/exec-plans/evidence/KL-078/checks-f331731/preparation_immutable_replay_dc.log",
      "docs/exec-plans/evidence/KL-078/checks-f331731/preparation_immutable_replay_dc.xml",
      "docs/exec-plans/evidence/KL-078/checks-f331731/preparation_namespace_pu.log",
      "docs/exec-plans/evidence/KL-078/checks-f331731/preparation_namespace_pu.xml",
      "docs/exec-plans/evidence/KL-078/checks-f331731/preparation_no_authority_dc.log",
      "docs/exec-plans/evidence/KL-078/checks-f331731/preparation_no_authority_dc.xml",
      "docs/exec-plans/evidence/KL-078/checks-f331731/preparation_owner_pipeline_dc.log",
      "docs/exec-plans/evidence/KL-078/checks-f331731/preparation_owner_pipeline_dc.xml",
      "docs/exec-plans/evidence/KL-078/checks-f331731/preparation_revision_pu.log",
      "docs/exec-plans/evidence/KL-078/checks-f331731/preparation_revision_pu.xml",
      "docs/exec-plans/evidence/KL-078/checks-f331731/preparation_suite_dc.log",
      "docs/exec-plans/evidence/KL-078/checks-f331731/preparation_suite_dc.xml",
      "docs/exec-plans/evidence/KL-078/development-assertions-15a6c19.log",
      "docs/exec-plans/evidence/KL-078/development-race-failure-154171e.log",
      "docs/exec-plans/evidence/KL-078/development-race-pass-154171e.log",
      "docs/exec-plans/evidence/KL-078/entry.json",
      "docs/exec-plans/evidence/KL-078/protocol-impact-2a958c4.json",
      "docs/exec-plans/evidence/KL-078/protocol-impact-c2816f6.json",
      "docs/exec-plans/evidence/KL-078/protocol-impact-c40187d.json",
      "docs/exec-plans/reviews/KL-078/round-154171e/DB_CONCURRENCY-cleanup.json",
      "docs/exec-plans/reviews/KL-078/round-154171e/DB_CONCURRENCY-pu.log",
      "docs/exec-plans/reviews/KL-078/round-154171e/DB_CONCURRENCY-reruns.json",
      "docs/exec-plans/reviews/KL-078/round-154171e/DB_CONCURRENCY-static-provenance.json",
      "docs/exec-plans/reviews/KL-078/round-154171e/DB_CONCURRENCY-suite.log",
      "docs/exec-plans/reviews/KL-078/round-154171e/DB_CONCURRENCY-sync.log",
      "docs/exec-plans/reviews/KL-078/round-154171e/DB_CONCURRENCY-test_basis_denials.log",
      "docs/exec-plans/reviews/KL-078/round-154171e/DB_CONCURRENCY-test_duplicate_rollback.log",
      "docs/exec-plans/reviews/KL-078/round-154171e/DB_CONCURRENCY-test_immutable_replay.log",
      "docs/exec-plans/reviews/KL-078/round-154171e/DB_CONCURRENCY-test_no_authority.log",
      "docs/exec-plans/reviews/KL-078/round-154171e/DB_CONCURRENCY-test_owner_pipeline.log",
      "docs/exec-plans/reviews/KL-078/round-154171e/DB_CONCURRENCY.json",
      "docs/exec-plans/reviews/KL-078/round-154171e/GENERAL-cleanup.log",
      "docs/exec-plans/reviews/KL-078/round-154171e/GENERAL-db-rerun.log",
      "docs/exec-plans/reviews/KL-078/round-154171e/GENERAL-evidence.log",
      "docs/exec-plans/reviews/KL-078/round-154171e/GENERAL-harness.log",
      "docs/exec-plans/reviews/KL-078/round-154171e/GENERAL-lint.log",
      "docs/exec-plans/reviews/KL-078/round-154171e/GENERAL-sync-escalated.log",
      "docs/exec-plans/reviews/KL-078/round-154171e/GENERAL-sync.log",
      "docs/exec-plans/reviews/KL-078/round-154171e/GENERAL-typecheck.log",
      "docs/exec-plans/reviews/KL-078/round-154171e/GENERAL-unit-regressions.log",
      "docs/exec-plans/reviews/KL-078/round-154171e/GENERAL-unit.log",
      "docs/exec-plans/reviews/KL-078/round-154171e/GENERAL.json",
      "docs/exec-plans/reviews/KL-078/round-154171e/PROTOCOL-audit.log",
      "docs/exec-plans/reviews/KL-078/round-154171e/PROTOCOL-cleanup.log",
      "docs/exec-plans/reviews/KL-078/round-154171e/PROTOCOL-db.log",
      "docs/exec-plans/reviews/KL-078/round-154171e/PROTOCOL-guards.log",
      "docs/exec-plans/reviews/KL-078/round-154171e/PROTOCOL-model.log",
      "docs/exec-plans/reviews/KL-078/round-154171e/PROTOCOL-unit.log",
      "docs/exec-plans/reviews/KL-078/round-154171e/PROTOCOL.json",
      "docs/exec-plans/reviews/KL-078/round-15a6c19/DB_CONCURRENCY-audit.log",
      "docs/exec-plans/reviews/KL-078/round-15a6c19/DB_CONCURRENCY-basis_denials.log",
      "docs/exec-plans/reviews/KL-078/round-15a6c19/DB_CONCURRENCY-capabilities.log",
      "docs/exec-plans/reviews/KL-078/round-15a6c19/DB_CONCURRENCY-cleanup.log",
      "docs/exec-plans/reviews/KL-078/round-15a6c19/DB_CONCURRENCY-duplicate_rollback.log",
      "docs/exec-plans/reviews/KL-078/round-15a6c19/DB_CONCURRENCY-immutable_replay.log",
      "docs/exec-plans/reviews/KL-078/round-15a6c19/DB_CONCURRENCY-namespace.log",
      "docs/exec-plans/reviews/KL-078/round-15a6c19/DB_CONCURRENCY-no_authority.log",
      "docs/exec-plans/reviews/KL-078/round-15a6c19/DB_CONCURRENCY-owner_pipeline.log",
      "docs/exec-plans/reviews/KL-078/round-15a6c19/DB_CONCURRENCY-revision.log",
      "docs/exec-plans/reviews/KL-078/round-15a6c19/DB_CONCURRENCY-setup.log",
      "docs/exec-plans/reviews/KL-078/round-15a6c19/DB_CONCURRENCY-suite.log",
      "docs/exec-plans/reviews/KL-078/round-15a6c19/DB_CONCURRENCY.json",
      "docs/exec-plans/reviews/KL-078/round-15a6c19/GENERAL-db-rerun.log",
      "docs/exec-plans/reviews/KL-078/round-15a6c19/GENERAL-db.log",
      "docs/exec-plans/reviews/KL-078/round-15a6c19/GENERAL-evidence.log",
      "docs/exec-plans/reviews/KL-078/round-15a6c19/GENERAL-harness.log",
      "docs/exec-plans/reviews/KL-078/round-15a6c19/GENERAL-lint.log",
      "docs/exec-plans/reviews/KL-078/round-15a6c19/GENERAL-typecheck.log",
      "docs/exec-plans/reviews/KL-078/round-15a6c19/GENERAL-unit-regressions.log",
      "docs/exec-plans/reviews/KL-078/round-15a6c19/GENERAL-unit.log",
      "docs/exec-plans/reviews/KL-078/round-15a6c19/GENERAL.json",
      "docs/exec-plans/reviews/KL-078/round-15a6c19/PROTOCOL-db-sandbox-diagnostic.log",
      "docs/exec-plans/reviews/KL-078/round-15a6c19/PROTOCOL-db.log",
      "docs/exec-plans/reviews/KL-078/round-15a6c19/PROTOCOL-provenance.log",
      "docs/exec-plans/reviews/KL-078/round-15a6c19/PROTOCOL-unit.log",
      "docs/exec-plans/reviews/KL-078/round-15a6c19/PROTOCOL.json",
      "src/kineticloop/persistence/preparation.py",
      "src/kineticloop/persistence/transactions.py",
      "tests/db/test_preparation.py",
      "tests/unit/persistence/test_preparation.py"
    ],
    "fourteen_committed_checks": {
      "tested_commit": "2a958c45cc2f25605b57a5ec60e3c46327999269",
      "commands_run": [
        {
          "check_id": "preparation_revision_pu",
          "command": "uv run pytest -q tests/unit/persistence/test_preparation.py::test_server_revision",
          "result": "PASS",
          "exit_code": 0,
          "elapsed_seconds": 0.48905037506483495,
          "evidence_ref": "docs/exec-plans/evidence/KL-078/checks-2a958c4/preparation_revision_pu.log",
          "tested_commit": "2a958c45cc2f25605b57a5ec60e3c46327999269",
          "collected_and_executed": 1,
          "skipped": 0,
          "failures": 0,
          "junit_ref": "docs/exec-plans/evidence/KL-078/checks-2a958c4/preparation_revision_pu.xml"
        },
        {
          "check_id": "preparation_capability_pu",
          "command": "uv run pytest -q tests/unit/persistence/test_preparation.py::test_exact_capabilities",
          "result": "PASS",
          "exit_code": 0,
          "elapsed_seconds": 0.38373533310368657,
          "evidence_ref": "docs/exec-plans/evidence/KL-078/checks-2a958c4/preparation_capability_pu.log",
          "tested_commit": "2a958c45cc2f25605b57a5ec60e3c46327999269",
          "collected_and_executed": 1,
          "skipped": 0,
          "failures": 0,
          "junit_ref": "docs/exec-plans/evidence/KL-078/checks-2a958c4/preparation_capability_pu.xml"
        },
        {
          "check_id": "preparation_namespace_pu",
          "command": "uv run pytest -q tests/unit/persistence/test_preparation.py::test_namespace",
          "result": "PASS",
          "exit_code": 0,
          "elapsed_seconds": 0.7813327920157462,
          "evidence_ref": "docs/exec-plans/evidence/KL-078/checks-2a958c4/preparation_namespace_pu.log",
          "tested_commit": "2a958c45cc2f25605b57a5ec60e3c46327999269",
          "collected_and_executed": 1,
          "skipped": 0,
          "failures": 0,
          "junit_ref": "docs/exec-plans/evidence/KL-078/checks-2a958c4/preparation_namespace_pu.xml"
        },
        {
          "check_id": "preparation_owner_pipeline_dc",
          "command": "uv run pytest -q tests/db/test_preparation.py::test_owner_pipeline",
          "result": "PASS",
          "exit_code": 0,
          "elapsed_seconds": 3.76073733298108,
          "evidence_ref": "docs/exec-plans/evidence/KL-078/checks-2a958c4/preparation_owner_pipeline_dc.log",
          "tested_commit": "2a958c45cc2f25605b57a5ec60e3c46327999269",
          "collected_and_executed": 1,
          "skipped": 0,
          "failures": 0,
          "junit_ref": "docs/exec-plans/evidence/KL-078/checks-2a958c4/preparation_owner_pipeline_dc.xml"
        },
        {
          "check_id": "preparation_basis_denials_dc",
          "command": "uv run pytest -q tests/db/test_preparation.py::test_basis_denials",
          "result": "PASS",
          "exit_code": 0,
          "elapsed_seconds": 5.560131208971143,
          "evidence_ref": "docs/exec-plans/evidence/KL-078/checks-2a958c4/preparation_basis_denials_dc.log",
          "tested_commit": "2a958c45cc2f25605b57a5ec60e3c46327999269",
          "collected_and_executed": 1,
          "skipped": 0,
          "failures": 0,
          "junit_ref": "docs/exec-plans/evidence/KL-078/checks-2a958c4/preparation_basis_denials_dc.xml"
        },
        {
          "check_id": "preparation_immutable_replay_dc",
          "command": "uv run pytest -q tests/db/test_preparation.py::test_immutable_replay",
          "result": "PASS",
          "exit_code": 0,
          "elapsed_seconds": 4.039599874988198,
          "evidence_ref": "docs/exec-plans/evidence/KL-078/checks-2a958c4/preparation_immutable_replay_dc.log",
          "tested_commit": "2a958c45cc2f25605b57a5ec60e3c46327999269",
          "collected_and_executed": 1,
          "skipped": 0,
          "failures": 0,
          "junit_ref": "docs/exec-plans/evidence/KL-078/checks-2a958c4/preparation_immutable_replay_dc.xml"
        },
        {
          "check_id": "preparation_duplicate_rollback_dc",
          "command": "uv run pytest -q tests/db/test_preparation.py::test_duplicate_rollback",
          "result": "PASS",
          "exit_code": 0,
          "elapsed_seconds": 4.429327666992322,
          "evidence_ref": "docs/exec-plans/evidence/KL-078/checks-2a958c4/preparation_duplicate_rollback_dc.log",
          "tested_commit": "2a958c45cc2f25605b57a5ec60e3c46327999269",
          "collected_and_executed": 1,
          "skipped": 0,
          "failures": 0,
          "junit_ref": "docs/exec-plans/evidence/KL-078/checks-2a958c4/preparation_duplicate_rollback_dc.xml"
        },
        {
          "check_id": "preparation_no_authority_dc",
          "command": "uv run pytest -q tests/db/test_preparation.py::test_no_authority",
          "result": "PASS",
          "exit_code": 0,
          "elapsed_seconds": 4.098351083928719,
          "evidence_ref": "docs/exec-plans/evidence/KL-078/checks-2a958c4/preparation_no_authority_dc.log",
          "tested_commit": "2a958c45cc2f25605b57a5ec60e3c46327999269",
          "collected_and_executed": 1,
          "skipped": 0,
          "failures": 0,
          "junit_ref": "docs/exec-plans/evidence/KL-078/checks-2a958c4/preparation_no_authority_dc.xml"
        },
        {
          "check_id": "preparation_suite_dc",
          "command": "uv run pytest -q tests/db/test_preparation.py",
          "result": "PASS",
          "exit_code": 0,
          "elapsed_seconds": 20.178036459023133,
          "evidence_ref": "docs/exec-plans/evidence/KL-078/checks-2a958c4/preparation_suite_dc.log",
          "tested_commit": "2a958c45cc2f25605b57a5ec60e3c46327999269",
          "collected_and_executed": 5,
          "skipped": 0,
          "failures": 0,
          "junit_ref": "docs/exec-plans/evidence/KL-078/checks-2a958c4/preparation_suite_dc.xml"
        },
        {
          "check_id": "harness_validation_passes",
          "command": "uv run kl check-harness",
          "result": "PASS",
          "exit_code": 0,
          "elapsed_seconds": 58.56398483295925,
          "evidence_ref": "docs/exec-plans/evidence/KL-078/checks-2a958c4/harness_validation_passes.log",
          "tested_commit": "2a958c45cc2f25605b57a5ec60e3c46327999269"
        },
        {
          "check_id": "unit_regressions_pass",
          "command": "uv run kl test-unit",
          "result": "PASS",
          "exit_code": 0,
          "elapsed_seconds": 60.53875833307393,
          "evidence_ref": "docs/exec-plans/evidence/KL-078/checks-2a958c4/unit_regressions_pass.log",
          "tested_commit": "2a958c45cc2f25605b57a5ec60e3c46327999269",
          "collected_and_executed": 219,
          "skipped": 0,
          "failures": 0,
          "junit_ref": "docs/exec-plans/evidence/KL-078/checks-2a958c4/unit_regressions_pass.xml"
        },
        {
          "check_id": "harness_regressions_pass",
          "command": "uv run kl test-harness",
          "result": "PASS",
          "exit_code": 0,
          "elapsed_seconds": 207.95334258303046,
          "evidence_ref": "docs/exec-plans/evidence/KL-078/checks-2a958c4/harness_regressions_pass.log",
          "tested_commit": "2a958c45cc2f25605b57a5ec60e3c46327999269",
          "collected_and_executed": 626,
          "skipped": 0,
          "failures": 0,
          "junit_ref": "docs/exec-plans/evidence/KL-078/checks-2a958c4/harness_regressions_pass.xml"
        },
        {
          "check_id": "lint_passes",
          "command": "uv run kl lint",
          "result": "PASS",
          "exit_code": 0,
          "elapsed_seconds": 0.14449416589923203,
          "evidence_ref": "docs/exec-plans/evidence/KL-078/checks-2a958c4/lint_passes.log",
          "tested_commit": "2a958c45cc2f25605b57a5ec60e3c46327999269"
        },
        {
          "check_id": "typecheck_passes",
          "command": "uv run kl typecheck",
          "result": "PASS",
          "exit_code": 0,
          "elapsed_seconds": 0.2567043339367956,
          "evidence_ref": "docs/exec-plans/evidence/KL-078/checks-2a958c4/typecheck_passes.log",
          "tested_commit": "2a958c45cc2f25605b57a5ec60e3c46327999269"
        }
      ]
    },
    "current_result": {
      "task_identity": "harness-backlog-v0.2/KL-078",
      "display_task_id": "KL-078",
      "task_definition_version": "v0.2",
      "base_commit": "7186b3024dcb5a555070391cf138b5e300819db5",
      "tested_commit": "2a958c45cc2f25605b57a5ec60e3c46327999269",
      "merge_commit": null,
      "task_status": "PASS",
      "task_checks_status": "PASS",
      "integration_status": "UNMERGED",
      "summary": "Existing PREPARATION owners now record immutable source-bound S21/S22 and complete locally owned S23 BUILDING to READY from actual CanonicalViewService SEALED inputs. Real T3 publication succeeds through unchanged current-basis, validity, registry and frozen lock-order guards. No execution/production authority or product/layer/release PASS is created.",
      "commands_run": [
        {
          "check_id": "preparation_revision_pu",
          "command": "uv run pytest -q tests/unit/persistence/test_preparation.py::test_server_revision",
          "result": "PASS",
          "evidence_ref": "docs/exec-plans/evidence/KL-078/checks-2a958c4/preparation_revision_pu.log"
        },
        {
          "check_id": "preparation_capability_pu",
          "command": "uv run pytest -q tests/unit/persistence/test_preparation.py::test_exact_capabilities",
          "result": "PASS",
          "evidence_ref": "docs/exec-plans/evidence/KL-078/checks-2a958c4/preparation_capability_pu.log"
        },
        {
          "check_id": "preparation_namespace_pu",
          "command": "uv run pytest -q tests/unit/persistence/test_preparation.py::test_namespace",
          "result": "PASS",
          "evidence_ref": "docs/exec-plans/evidence/KL-078/checks-2a958c4/preparation_namespace_pu.log"
        },
        {
          "check_id": "preparation_owner_pipeline_dc",
          "command": "uv run pytest -q tests/db/test_preparation.py::test_owner_pipeline",
          "result": "PASS",
          "evidence_ref": "docs/exec-plans/evidence/KL-078/checks-2a958c4/preparation_owner_pipeline_dc.log"
        },
        {
          "check_id": "preparation_basis_denials_dc",
          "command": "uv run pytest -q tests/db/test_preparation.py::test_basis_denials",
          "result": "PASS",
          "evidence_ref": "docs/exec-plans/evidence/KL-078/checks-2a958c4/preparation_basis_denials_dc.log"
        },
        {
          "check_id": "preparation_immutable_replay_dc",
          "command": "uv run pytest -q tests/db/test_preparation.py::test_immutable_replay",
          "result": "PASS",
          "evidence_ref": "docs/exec-plans/evidence/KL-078/checks-2a958c4/preparation_immutable_replay_dc.log"
        },
        {
          "check_id": "preparation_duplicate_rollback_dc",
          "command": "uv run pytest -q tests/db/test_preparation.py::test_duplicate_rollback",
          "result": "PASS",
          "evidence_ref": "docs/exec-plans/evidence/KL-078/checks-2a958c4/preparation_duplicate_rollback_dc.log"
        },
        {
          "check_id": "preparation_no_authority_dc",
          "command": "uv run pytest -q tests/db/test_preparation.py::test_no_authority",
          "result": "PASS",
          "evidence_ref": "docs/exec-plans/evidence/KL-078/checks-2a958c4/preparation_no_authority_dc.log"
        },
        {
          "check_id": "preparation_suite_dc",
          "command": "uv run pytest -q tests/db/test_preparation.py",
          "result": "PASS",
          "evidence_ref": "docs/exec-plans/evidence/KL-078/checks-2a958c4/preparation_suite_dc.log"
        },
        {
          "check_id": "harness_validation_passes",
          "command": "uv run kl check-harness",
          "result": "PASS",
          "evidence_ref": "docs/exec-plans/evidence/KL-078/checks-2a958c4/harness_validation_passes.log"
        },
        {
          "check_id": "unit_regressions_pass",
          "command": "uv run kl test-unit",
          "result": "PASS",
          "evidence_ref": "docs/exec-plans/evidence/KL-078/checks-2a958c4/unit_regressions_pass.log"
        },
        {
          "check_id": "harness_regressions_pass",
          "command": "uv run kl test-harness",
          "result": "PASS",
          "evidence_ref": "docs/exec-plans/evidence/KL-078/checks-2a958c4/harness_regressions_pass.log"
        },
        {
          "check_id": "lint_passes",
          "command": "uv run kl lint",
          "result": "PASS",
          "evidence_ref": "docs/exec-plans/evidence/KL-078/checks-2a958c4/lint_passes.log"
        },
        {
          "check_id": "typecheck_passes",
          "command": "uv run kl typecheck",
          "result": "PASS",
          "evidence_ref": "docs/exec-plans/evidence/KL-078/checks-2a958c4/typecheck_passes.log"
        }
      ],
      "requirements_covered": [],
      "files_changed": [
        "docs/contracts/preparation.md",
        "docs/exec-plans/completed/KL-078_RESULT.yaml",
        "docs/exec-plans/evidence/KL-078/checks-06e0a48/checks.json",
        "docs/exec-plans/evidence/KL-078/checks-06e0a48/interrupted.json",
        "docs/exec-plans/evidence/KL-078/checks-06e0a48/preparation_capability_pu.log",
        "docs/exec-plans/evidence/KL-078/checks-06e0a48/preparation_capability_pu.xml",
        "docs/exec-plans/evidence/KL-078/checks-06e0a48/preparation_namespace_pu.log",
        "docs/exec-plans/evidence/KL-078/checks-06e0a48/preparation_namespace_pu.xml",
        "docs/exec-plans/evidence/KL-078/checks-06e0a48/preparation_owner_pipeline_dc.log",
        "docs/exec-plans/evidence/KL-078/checks-06e0a48/preparation_owner_pipeline_dc.xml",
        "docs/exec-plans/evidence/KL-078/checks-06e0a48/preparation_revision_pu.log",
        "docs/exec-plans/evidence/KL-078/checks-06e0a48/preparation_revision_pu.xml",
        "docs/exec-plans/evidence/KL-078/checks-2a958c4/checks.json",
        "docs/exec-plans/evidence/KL-078/checks-2a958c4/harness_regressions_pass.log",
        "docs/exec-plans/evidence/KL-078/checks-2a958c4/harness_regressions_pass.xml",
        "docs/exec-plans/evidence/KL-078/checks-2a958c4/harness_validation_passes.log",
        "docs/exec-plans/evidence/KL-078/checks-2a958c4/lint_passes.log",
        "docs/exec-plans/evidence/KL-078/checks-2a958c4/preparation_basis_denials_dc.log",
        "docs/exec-plans/evidence/KL-078/checks-2a958c4/preparation_basis_denials_dc.xml",
        "docs/exec-plans/evidence/KL-078/checks-2a958c4/preparation_capability_pu.log",
        "docs/exec-plans/evidence/KL-078/checks-2a958c4/preparation_capability_pu.xml",
        "docs/exec-plans/evidence/KL-078/checks-2a958c4/preparation_duplicate_rollback_dc.log",
        "docs/exec-plans/evidence/KL-078/checks-2a958c4/preparation_duplicate_rollback_dc.xml",
        "docs/exec-plans/evidence/KL-078/checks-2a958c4/preparation_immutable_replay_dc.log",
        "docs/exec-plans/evidence/KL-078/checks-2a958c4/preparation_immutable_replay_dc.xml",
        "docs/exec-plans/evidence/KL-078/checks-2a958c4/preparation_namespace_pu.log",
        "docs/exec-plans/evidence/KL-078/checks-2a958c4/preparation_namespace_pu.xml",
        "docs/exec-plans/evidence/KL-078/checks-2a958c4/preparation_no_authority_dc.log",
        "docs/exec-plans/evidence/KL-078/checks-2a958c4/preparation_no_authority_dc.xml",
        "docs/exec-plans/evidence/KL-078/checks-2a958c4/preparation_owner_pipeline_dc.log",
        "docs/exec-plans/evidence/KL-078/checks-2a958c4/preparation_owner_pipeline_dc.xml",
        "docs/exec-plans/evidence/KL-078/checks-2a958c4/preparation_revision_pu.log",
        "docs/exec-plans/evidence/KL-078/checks-2a958c4/preparation_revision_pu.xml",
        "docs/exec-plans/evidence/KL-078/checks-2a958c4/preparation_suite_dc.log",
        "docs/exec-plans/evidence/KL-078/checks-2a958c4/preparation_suite_dc.xml",
        "docs/exec-plans/evidence/KL-078/checks-2a958c4/typecheck_passes.log",
        "docs/exec-plans/evidence/KL-078/checks-2a958c4/unit_regressions_pass.log",
        "docs/exec-plans/evidence/KL-078/checks-2a958c4/unit_regressions_pass.xml",
        "docs/exec-plans/evidence/KL-078/checks-c2816f6/checks.json",
        "docs/exec-plans/evidence/KL-078/checks-c2816f6/harness_regressions_pass.log",
        "docs/exec-plans/evidence/KL-078/checks-c2816f6/harness_regressions_pass.xml",
        "docs/exec-plans/evidence/KL-078/checks-c2816f6/harness_validation_passes.log",
        "docs/exec-plans/evidence/KL-078/checks-c2816f6/lint_passes.log",
        "docs/exec-plans/evidence/KL-078/checks-c2816f6/preparation_basis_denials_dc.log",
        "docs/exec-plans/evidence/KL-078/checks-c2816f6/preparation_basis_denials_dc.xml",
        "docs/exec-plans/evidence/KL-078/checks-c2816f6/preparation_capability_pu.log",
        "docs/exec-plans/evidence/KL-078/checks-c2816f6/preparation_capability_pu.xml",
        "docs/exec-plans/evidence/KL-078/checks-c2816f6/preparation_duplicate_rollback_dc.log",
        "docs/exec-plans/evidence/KL-078/checks-c2816f6/preparation_duplicate_rollback_dc.xml",
        "docs/exec-plans/evidence/KL-078/checks-c2816f6/preparation_immutable_replay_dc.log",
        "docs/exec-plans/evidence/KL-078/checks-c2816f6/preparation_immutable_replay_dc.xml",
        "docs/exec-plans/evidence/KL-078/checks-c2816f6/preparation_namespace_pu.log",
        "docs/exec-plans/evidence/KL-078/checks-c2816f6/preparation_namespace_pu.xml",
        "docs/exec-plans/evidence/KL-078/checks-c2816f6/preparation_no_authority_dc.log",
        "docs/exec-plans/evidence/KL-078/checks-c2816f6/preparation_no_authority_dc.xml",
        "docs/exec-plans/evidence/KL-078/checks-c2816f6/preparation_owner_pipeline_dc.log",
        "docs/exec-plans/evidence/KL-078/checks-c2816f6/preparation_owner_pipeline_dc.xml",
        "docs/exec-plans/evidence/KL-078/checks-c2816f6/preparation_revision_pu.log",
        "docs/exec-plans/evidence/KL-078/checks-c2816f6/preparation_revision_pu.xml",
        "docs/exec-plans/evidence/KL-078/checks-c2816f6/preparation_suite_dc.log",
        "docs/exec-plans/evidence/KL-078/checks-c2816f6/preparation_suite_dc.xml",
        "docs/exec-plans/evidence/KL-078/checks-c2816f6/typecheck_passes.log",
        "docs/exec-plans/evidence/KL-078/checks-c2816f6/unit_regressions_pass.log",
        "docs/exec-plans/evidence/KL-078/checks-c2816f6/unit_regressions_pass.xml",
        "docs/exec-plans/evidence/KL-078/checks-c40187d/checks.json",
        "docs/exec-plans/evidence/KL-078/checks-c40187d/harness_regressions_pass.log",
        "docs/exec-plans/evidence/KL-078/checks-c40187d/harness_regressions_pass.xml",
        "docs/exec-plans/evidence/KL-078/checks-c40187d/harness_validation_passes.log",
        "docs/exec-plans/evidence/KL-078/checks-c40187d/lint_passes.log",
        "docs/exec-plans/evidence/KL-078/checks-c40187d/preparation_basis_denials_dc.log",
        "docs/exec-plans/evidence/KL-078/checks-c40187d/preparation_basis_denials_dc.xml",
        "docs/exec-plans/evidence/KL-078/checks-c40187d/preparation_capability_pu.log",
        "docs/exec-plans/evidence/KL-078/checks-c40187d/preparation_capability_pu.xml",
        "docs/exec-plans/evidence/KL-078/checks-c40187d/preparation_duplicate_rollback_dc.log",
        "docs/exec-plans/evidence/KL-078/checks-c40187d/preparation_duplicate_rollback_dc.xml",
        "docs/exec-plans/evidence/KL-078/checks-c40187d/preparation_immutable_replay_dc.log",
        "docs/exec-plans/evidence/KL-078/checks-c40187d/preparation_immutable_replay_dc.xml",
        "docs/exec-plans/evidence/KL-078/checks-c40187d/preparation_namespace_pu.log",
        "docs/exec-plans/evidence/KL-078/checks-c40187d/preparation_namespace_pu.xml",
        "docs/exec-plans/evidence/KL-078/checks-c40187d/preparation_no_authority_dc.log",
        "docs/exec-plans/evidence/KL-078/checks-c40187d/preparation_no_authority_dc.xml",
        "docs/exec-plans/evidence/KL-078/checks-c40187d/preparation_owner_pipeline_dc.log",
        "docs/exec-plans/evidence/KL-078/checks-c40187d/preparation_owner_pipeline_dc.xml",
        "docs/exec-plans/evidence/KL-078/checks-c40187d/preparation_revision_pu.log",
        "docs/exec-plans/evidence/KL-078/checks-c40187d/preparation_revision_pu.xml",
        "docs/exec-plans/evidence/KL-078/checks-c40187d/preparation_suite_dc.log",
        "docs/exec-plans/evidence/KL-078/checks-c40187d/preparation_suite_dc.xml",
        "docs/exec-plans/evidence/KL-078/checks-c40187d/typecheck_passes.log",
        "docs/exec-plans/evidence/KL-078/checks-c40187d/unit_regressions_pass.log",
        "docs/exec-plans/evidence/KL-078/checks-c40187d/unit_regressions_pass.xml",
        "docs/exec-plans/evidence/KL-078/checks-e1ad25c/checks.json",
        "docs/exec-plans/evidence/KL-078/checks-e1ad25c/interrupted.json",
        "docs/exec-plans/evidence/KL-078/checks-e1ad25c/preparation_basis_denials_dc.log",
        "docs/exec-plans/evidence/KL-078/checks-e1ad25c/preparation_basis_denials_dc.xml",
        "docs/exec-plans/evidence/KL-078/checks-e1ad25c/preparation_capability_pu.log",
        "docs/exec-plans/evidence/KL-078/checks-e1ad25c/preparation_capability_pu.xml",
        "docs/exec-plans/evidence/KL-078/checks-e1ad25c/preparation_duplicate_rollback_dc.log",
        "docs/exec-plans/evidence/KL-078/checks-e1ad25c/preparation_duplicate_rollback_dc.xml",
        "docs/exec-plans/evidence/KL-078/checks-e1ad25c/preparation_immutable_replay_dc.log",
        "docs/exec-plans/evidence/KL-078/checks-e1ad25c/preparation_immutable_replay_dc.xml",
        "docs/exec-plans/evidence/KL-078/checks-e1ad25c/preparation_namespace_pu.log",
        "docs/exec-plans/evidence/KL-078/checks-e1ad25c/preparation_namespace_pu.xml",
        "docs/exec-plans/evidence/KL-078/checks-e1ad25c/preparation_no_authority_dc.log",
        "docs/exec-plans/evidence/KL-078/checks-e1ad25c/preparation_no_authority_dc.xml",
        "docs/exec-plans/evidence/KL-078/checks-e1ad25c/preparation_owner_pipeline_dc.log",
        "docs/exec-plans/evidence/KL-078/checks-e1ad25c/preparation_owner_pipeline_dc.xml",
        "docs/exec-plans/evidence/KL-078/checks-e1ad25c/preparation_revision_pu.log",
        "docs/exec-plans/evidence/KL-078/checks-e1ad25c/preparation_revision_pu.xml",
        "docs/exec-plans/evidence/KL-078/checks-e1ad25c/preparation_suite_dc.log",
        "docs/exec-plans/evidence/KL-078/checks-e1ad25c/preparation_suite_dc.xml",
        "docs/exec-plans/evidence/KL-078/checks-f331731/checks.json",
        "docs/exec-plans/evidence/KL-078/checks-f331731/harness_validation_passes.log",
        "docs/exec-plans/evidence/KL-078/checks-f331731/interrupted.json",
        "docs/exec-plans/evidence/KL-078/checks-f331731/preparation_basis_denials_dc.log",
        "docs/exec-plans/evidence/KL-078/checks-f331731/preparation_basis_denials_dc.xml",
        "docs/exec-plans/evidence/KL-078/checks-f331731/preparation_capability_pu.log",
        "docs/exec-plans/evidence/KL-078/checks-f331731/preparation_capability_pu.xml",
        "docs/exec-plans/evidence/KL-078/checks-f331731/preparation_duplicate_rollback_dc.log",
        "docs/exec-plans/evidence/KL-078/checks-f331731/preparation_duplicate_rollback_dc.xml",
        "docs/exec-plans/evidence/KL-078/checks-f331731/preparation_immutable_replay_dc.log",
        "docs/exec-plans/evidence/KL-078/checks-f331731/preparation_immutable_replay_dc.xml",
        "docs/exec-plans/evidence/KL-078/checks-f331731/preparation_namespace_pu.log",
        "docs/exec-plans/evidence/KL-078/checks-f331731/preparation_namespace_pu.xml",
        "docs/exec-plans/evidence/KL-078/checks-f331731/preparation_no_authority_dc.log",
        "docs/exec-plans/evidence/KL-078/checks-f331731/preparation_no_authority_dc.xml",
        "docs/exec-plans/evidence/KL-078/checks-f331731/preparation_owner_pipeline_dc.log",
        "docs/exec-plans/evidence/KL-078/checks-f331731/preparation_owner_pipeline_dc.xml",
        "docs/exec-plans/evidence/KL-078/checks-f331731/preparation_revision_pu.log",
        "docs/exec-plans/evidence/KL-078/checks-f331731/preparation_revision_pu.xml",
        "docs/exec-plans/evidence/KL-078/checks-f331731/preparation_suite_dc.log",
        "docs/exec-plans/evidence/KL-078/checks-f331731/preparation_suite_dc.xml",
        "docs/exec-plans/evidence/KL-078/development-assertions-15a6c19.log",
        "docs/exec-plans/evidence/KL-078/development-race-failure-154171e.log",
        "docs/exec-plans/evidence/KL-078/development-race-pass-154171e.log",
        "docs/exec-plans/evidence/KL-078/entry.json",
        "docs/exec-plans/evidence/KL-078/protocol-impact-2a958c4.json",
        "docs/exec-plans/evidence/KL-078/protocol-impact-c2816f6.json",
        "docs/exec-plans/evidence/KL-078/protocol-impact-c40187d.json",
        "docs/exec-plans/reviews/KL-078/round-154171e/DB_CONCURRENCY-cleanup.json",
        "docs/exec-plans/reviews/KL-078/round-154171e/DB_CONCURRENCY-pu.log",
        "docs/exec-plans/reviews/KL-078/round-154171e/DB_CONCURRENCY-reruns.json",
        "docs/exec-plans/reviews/KL-078/round-154171e/DB_CONCURRENCY-static-provenance.json",
        "docs/exec-plans/reviews/KL-078/round-154171e/DB_CONCURRENCY-suite.log",
        "docs/exec-plans/reviews/KL-078/round-154171e/DB_CONCURRENCY-sync.log",
        "docs/exec-plans/reviews/KL-078/round-154171e/DB_CONCURRENCY-test_basis_denials.log",
        "docs/exec-plans/reviews/KL-078/round-154171e/DB_CONCURRENCY-test_duplicate_rollback.log",
        "docs/exec-plans/reviews/KL-078/round-154171e/DB_CONCURRENCY-test_immutable_replay.log",
        "docs/exec-plans/reviews/KL-078/round-154171e/DB_CONCURRENCY-test_no_authority.log",
        "docs/exec-plans/reviews/KL-078/round-154171e/DB_CONCURRENCY-test_owner_pipeline.log",
        "docs/exec-plans/reviews/KL-078/round-154171e/DB_CONCURRENCY.json",
        "docs/exec-plans/reviews/KL-078/round-154171e/GENERAL-cleanup.log",
        "docs/exec-plans/reviews/KL-078/round-154171e/GENERAL-db-rerun.log",
        "docs/exec-plans/reviews/KL-078/round-154171e/GENERAL-evidence.log",
        "docs/exec-plans/reviews/KL-078/round-154171e/GENERAL-harness.log",
        "docs/exec-plans/reviews/KL-078/round-154171e/GENERAL-lint.log",
        "docs/exec-plans/reviews/KL-078/round-154171e/GENERAL-sync-escalated.log",
        "docs/exec-plans/reviews/KL-078/round-154171e/GENERAL-sync.log",
        "docs/exec-plans/reviews/KL-078/round-154171e/GENERAL-typecheck.log",
        "docs/exec-plans/reviews/KL-078/round-154171e/GENERAL-unit-regressions.log",
        "docs/exec-plans/reviews/KL-078/round-154171e/GENERAL-unit.log",
        "docs/exec-plans/reviews/KL-078/round-154171e/GENERAL.json",
        "docs/exec-plans/reviews/KL-078/round-154171e/PROTOCOL-audit.log",
        "docs/exec-plans/reviews/KL-078/round-154171e/PROTOCOL-cleanup.log",
        "docs/exec-plans/reviews/KL-078/round-154171e/PROTOCOL-db.log",
        "docs/exec-plans/reviews/KL-078/round-154171e/PROTOCOL-guards.log",
        "docs/exec-plans/reviews/KL-078/round-154171e/PROTOCOL-model.log",
        "docs/exec-plans/reviews/KL-078/round-154171e/PROTOCOL-unit.log",
        "docs/exec-plans/reviews/KL-078/round-154171e/PROTOCOL.json",
        "docs/exec-plans/reviews/KL-078/round-15a6c19/DB_CONCURRENCY-audit.log",
        "docs/exec-plans/reviews/KL-078/round-15a6c19/DB_CONCURRENCY-basis_denials.log",
        "docs/exec-plans/reviews/KL-078/round-15a6c19/DB_CONCURRENCY-capabilities.log",
        "docs/exec-plans/reviews/KL-078/round-15a6c19/DB_CONCURRENCY-cleanup.log",
        "docs/exec-plans/reviews/KL-078/round-15a6c19/DB_CONCURRENCY-duplicate_rollback.log",
        "docs/exec-plans/reviews/KL-078/round-15a6c19/DB_CONCURRENCY-immutable_replay.log",
        "docs/exec-plans/reviews/KL-078/round-15a6c19/DB_CONCURRENCY-namespace.log",
        "docs/exec-plans/reviews/KL-078/round-15a6c19/DB_CONCURRENCY-no_authority.log",
        "docs/exec-plans/reviews/KL-078/round-15a6c19/DB_CONCURRENCY-owner_pipeline.log",
        "docs/exec-plans/reviews/KL-078/round-15a6c19/DB_CONCURRENCY-revision.log",
        "docs/exec-plans/reviews/KL-078/round-15a6c19/DB_CONCURRENCY-setup.log",
        "docs/exec-plans/reviews/KL-078/round-15a6c19/DB_CONCURRENCY-suite.log",
        "docs/exec-plans/reviews/KL-078/round-15a6c19/DB_CONCURRENCY.json",
        "docs/exec-plans/reviews/KL-078/round-15a6c19/GENERAL-db-rerun.log",
        "docs/exec-plans/reviews/KL-078/round-15a6c19/GENERAL-db.log",
        "docs/exec-plans/reviews/KL-078/round-15a6c19/GENERAL-evidence.log",
        "docs/exec-plans/reviews/KL-078/round-15a6c19/GENERAL-harness.log",
        "docs/exec-plans/reviews/KL-078/round-15a6c19/GENERAL-lint.log",
        "docs/exec-plans/reviews/KL-078/round-15a6c19/GENERAL-typecheck.log",
        "docs/exec-plans/reviews/KL-078/round-15a6c19/GENERAL-unit-regressions.log",
        "docs/exec-plans/reviews/KL-078/round-15a6c19/GENERAL-unit.log",
        "docs/exec-plans/reviews/KL-078/round-15a6c19/GENERAL.json",
        "docs/exec-plans/reviews/KL-078/round-15a6c19/PROTOCOL-db-sandbox-diagnostic.log",
        "docs/exec-plans/reviews/KL-078/round-15a6c19/PROTOCOL-db.log",
        "docs/exec-plans/reviews/KL-078/round-15a6c19/PROTOCOL-provenance.log",
        "docs/exec-plans/reviews/KL-078/round-15a6c19/PROTOCOL-unit.log",
        "docs/exec-plans/reviews/KL-078/round-15a6c19/PROTOCOL.json",
        "src/kineticloop/persistence/preparation.py",
        "src/kineticloop/persistence/transactions.py",
        "tests/db/test_preparation.py",
        "tests/unit/persistence/test_preparation.py"
      ],
      "decisions": [
        "Use separately authenticated existing TEST identity primitives and exact registered subject/policy/environment/principal owner binding, with no public wire or owner matrix changes.",
        "Only an internal server plan supplies S21 revision=1; caller revision/provenance stays forbidden and REQUIRED_FIELDS/metadata remain complete. Natural computation identity binds canonical source/dependencies; request provenance binds engine/window/content/validity.",
        "Verify exact same-subject SEALED S15 inside independent short preparation transactions. Record all positive and collection/absence dependencies with S21 atomically, deriving explicit references only from the source.",
        "Owner-local advisory identity locks serialize missing projection/build contenders; only exact S23 row lock completes BUILDING to READY. Immutable history replays before current eligibility and cannot relabel captured basis or restore authority.",
        "Use the unchanged pure artifact activation predicate against source-captured policy/catalog/release closure. Actual T3 independently rechecks current S01 basis, S51 eligibility and trusted time under the unchanged frozen order.",
        "Derive every local Compose/database namespace from KL078, exact tested HEAD first7 and SHA256 of resolved worktree first12; validate constructor/bootstrap/nested reset/start/Compose/final cleanup and preserve peer resources."
      ],
      "known_limitations": [
        "This bounded internal preparation ingress supports registered TEST fixtures only. Production auto-activation remains disabled; EVALUATION shadow ingress has no execution authority.",
        "No Fitness/Demand/Nutrition, S34-S37 workflow, T6/T7 or downstream execution implementation is included. KL076 resumes only after this task is normally merged.",
        "Projection content is computed before persistence by trusted ingress; this task proves source binding/immutability/atomic persistence rather than any new product projection algorithm.",
        "Full legacy DB regressions run only through unchanged hosted CI on a fresh runner; local runs execute the own suite and read-only unit/harness quality checks.",
        "Superseded checks-f331731/checks-c2816f6/checks-e1ad25c/checks-06e0a48/checks-c40187d and round-15a6c19/round-154171e CHANGES_REQUIRED reviews remain diagnostic history; only the fourteen checks-2a958c4 final logs establish this result."
      ],
      "follow_up_tasks": [
        "Coordinator may resume harness-backlog-v0.2/KL-076 after actual normal merge; no downstream task was started."
      ],
      "spec_change_request": null,
      "environment": {
        "resolved_worktree": "/Users/davetian/.codex/worktrees/68f1/KineticLoop",
        "runtime": "/private/tmp/kl078-venv",
        "cache": "/private/tmp/kl078-uv-cache",
        "namespace_root_digest": "0b068b742ff6",
        "migration_revision": "e8c2f1a6b904",
        "command_inventory": "docs/exec-plans/evidence/KL-078/checks-2a958c4/checks.json"
      },
      "evidence_summary": [
        {
          "check_id": "preparation_revision_pu",
          "collected_and_executed": 1,
          "skipped": 0,
          "failures": 0,
          "elapsed_seconds": 0.48905037506483495
        },
        {
          "check_id": "preparation_capability_pu",
          "collected_and_executed": 1,
          "skipped": 0,
          "failures": 0,
          "elapsed_seconds": 0.38373533310368657
        },
        {
          "check_id": "preparation_namespace_pu",
          "collected_and_executed": 1,
          "skipped": 0,
          "failures": 0,
          "elapsed_seconds": 0.7813327920157462
        },
        {
          "check_id": "preparation_owner_pipeline_dc",
          "collected_and_executed": 1,
          "skipped": 0,
          "failures": 0,
          "elapsed_seconds": 3.76073733298108
        },
        {
          "check_id": "preparation_basis_denials_dc",
          "collected_and_executed": 1,
          "skipped": 0,
          "failures": 0,
          "elapsed_seconds": 5.560131208971143
        },
        {
          "check_id": "preparation_immutable_replay_dc",
          "collected_and_executed": 1,
          "skipped": 0,
          "failures": 0,
          "elapsed_seconds": 4.039599874988198
        },
        {
          "check_id": "preparation_duplicate_rollback_dc",
          "collected_and_executed": 1,
          "skipped": 0,
          "failures": 0,
          "elapsed_seconds": 4.429327666992322
        },
        {
          "check_id": "preparation_no_authority_dc",
          "collected_and_executed": 1,
          "skipped": 0,
          "failures": 0,
          "elapsed_seconds": 4.098351083928719
        },
        {
          "check_id": "preparation_suite_dc",
          "collected_and_executed": 5,
          "skipped": 0,
          "failures": 0,
          "elapsed_seconds": 20.178036459023133
        },
        {
          "check_id": "harness_validation_passes",
          "collected_and_executed": null,
          "skipped": null,
          "failures": null,
          "elapsed_seconds": 58.56398483295925
        },
        {
          "check_id": "unit_regressions_pass",
          "collected_and_executed": 219,
          "skipped": 0,
          "failures": 0,
          "elapsed_seconds": 60.53875833307393
        },
        {
          "check_id": "harness_regressions_pass",
          "collected_and_executed": 626,
          "skipped": 0,
          "failures": 0,
          "elapsed_seconds": 207.95334258303046
        },
        {
          "check_id": "lint_passes",
          "collected_and_executed": null,
          "skipped": null,
          "failures": null,
          "elapsed_seconds": 0.14449416589923203
        },
        {
          "check_id": "typecheck_passes",
          "collected_and_executed": null,
          "skipped": null,
          "failures": null,
          "elapsed_seconds": 0.2567043339367956
        }
      ]
    }
  }
]