TESTED_COMMIT=d6bfb285087456a1a43d6c6b856a07eee4e1746d
COMMAND=uv run pytest -q tests/db/test_source_decision_conformance.py::test_owner_trajectories
F.                                                                       [100%]
=================================== FAILURES ===================================
_______________________ test_owner_trajectories[legacy] ________________________

database_urls = {'admin': 'postgresql://kineticloop:kineticloop-local-only@127.0.0.1:58373/kineticloop_kl080_source_d6bfb28_9a070975b0...': 'postgresql://kl_auditor_login:kl072-local-only@127.0.0.1:58373/kineticloop_kl080_source_d6bfb28_9a070975b04f', ...}
full = False

    @pytest.mark.parametrize("full", [False, True], ids=["legacy", "full-fdn"])
    def test_owner_trajectories(database_urls: Any, full: bool) -> None:
        if full:
            seed, request = ready(database_urls)
        else:
            seed = seed_source(database_urls, full=False)
            with connect(database_urls["admin"]) as db:
                P.upstream(db, seed)
                basis, refs = P.begin(db, seed)
                _, refs = L.full_pipeline(db, seed, basis, refs)
                seed["basis"] = basis
                request = legacy_commit_request(db, seed, basis, refs)
        with connect(database_urls["admin"]) as db:
            prepared = P.snapshot(db, auth(seed).subject_id)
            try:
                result = (
                    service(db, seed).commit_full(request)
                    if full
>                   else service(db, seed).commit(request)
                         ^^^^^^^^^^^^^^^^^^^^^^^^^^^^^^^^^
                )

tests/db/test_source_decision_conformance.py:899: 
_ _ _ _ _ _ _ _ _ _ _ _ _ _ _ _ _ _ _ _ _ _ _ _ _ _ _ _ _ _ _ _ _ _ _ _ _ _ _ _ 
src/kineticloop/persistence/protocol_execution.py:242: in commit
    return self._commit(command, requested_valid_until=requested_valid_until)
           ^^^^^^^^^^^^^^^^^^^^^^^^^^^^^^^^^^^^^^^^^^^^^^^^^^^^^^^^^^^^^^^^^^
src/kineticloop/persistence/protocol_execution.py:506: in _commit
    return self._fresh_or_historical(
src/kineticloop/persistence/protocol_execution.py:112: in _fresh_or_historical
    return operation()
           ^^^^^^^^^^^
src/kineticloop/persistence/protocol_execution.py:504: in fresh
    return execute_command(self._connection, "CommitBundle", subject, operation)
           ^^^^^^^^^^^^^^^^^^^^^^^^^^^^^^^^^^^^^^^^^^^^^^^^^^^^^^^^^^^^^^^^^^^^^
src/kineticloop/persistence/transactions.py:5808: in execute_command
    result = operation(transaction)
             ^^^^^^^^^^^^^^^^^^^^^^
src/kineticloop/persistence/protocol_execution.py:472: in operation
    outcome, replayed = tx.idempotent_outcome(
src/kineticloop/persistence/transactions.py:5626: in idempotent_outcome
    self.prepare_authorization_basis(**authorization_basis)
_ _ _ _ _ _ _ _ _ _ _ _ _ _ _ _ _ _ _ _ _ _ _ _ _ _ _ _ _ _ _ _ _ _ _ _ _ _ _ _ 

self = <kineticloop.persistence.transactions.RepositoryTransaction object at 0x10bc14410>

    def prepare_authorization_basis(
        self,
        *,
        validation_id: UUID,
        resolution_id: UUID,
        intent_id: UUID,
        head_id: UUID,
        requested_valid_until: datetime | None = None,
    ) -> tuple[tuple[Mapping[str, Any], ...], str, datetime]:
        """Server-compute the complete bounded T6 certificate basis under held locks."""
    
        if self.command_kind not in {"CommitBundle", "Reauthorize"}:
            raise GuardRequired("authorization basis is exclusive to T6 owners")
        if intent_id != self._coordination_context.get("verified_intent_id"):
            raise GuardRequired("authorization basis must use the verified current intent")
        if validation_id not in self._locked_ids.get("validation_results", set()):
            raise GuardRequired("authorization basis requires the exact validation lock")
        if head_id not in self._locked_ids.get("daily_plan_heads", set()):
            raise GuardRequired("authorization basis requires the exact daily head lock")
        _cursor(self).execute(
            "SELECT manifest.id,manifest.revision,manifest.valid_until,"
            "resolution.id,resolution.revision,resolution.resolution_expires_at,"
            "validation.id,validation.revision,validation.valid_until,validation.result,"
            "request.id,request.request_revision,intent.deadline,head.id,head.local_date,"
            "clock_timestamp(),manifest.typed_payload,"
            "GREATEST(manifest.recorded_at,"
            "COALESCE(manifest.effective_at,manifest.recorded_at)),"
            "GREATEST(resolution.recorded_at,"
            "COALESCE(resolution.effective_at,resolution.recorded_at)),"
            "GREATEST(validation.recorded_at,"
            "COALESCE(validation.effective_at,validation.recorded_at)) "
            "FROM kineticloop.planning_intents intent "
            "JOIN kineticloop.planning_request_revisions request "
            "ON request.subject_id=intent.subject_id AND request.id=intent.current_request_revision_id "
            "JOIN kineticloop.planning_attempts attempt "
            "ON attempt.subject_id=intent.subject_id AND attempt.id=intent.current_attempt_id "
            "JOIN kineticloop.validation_results validation "
            "ON validation.subject_id=intent.subject_id AND validation.id=%s "
            "JOIN kineticloop.evidence_resolutions resolution "
            "ON resolution.subject_id=intent.subject_id AND resolution.id=%s "
            "JOIN kineticloop.decision_manifests manifest "
            "ON manifest.subject_id=intent.subject_id AND manifest.id=%s "
            "JOIN kineticloop.daily_plan_heads head "
            "ON head.subject_id=intent.subject_id AND head.id=%s "
            "WHERE intent.subject_id=%s AND intent.id=%s "
            "AND attempt.id=%s AND attempt.status='COMMIT_READY' "
            "AND attempt.fence_token=intent.fence_token "
            "AND attempt.ref_s24_id=%s AND attempt.captured_epoch=%s "
            "AND manifest.captured_epoch=%s "
            "AND resolution.ref_s24_id=manifest.id "
            "AND resolution.ref_s05_id=%s "
            "AND validation.ref_s24_id=manifest.id "
            "AND validation.ref_s36_id=resolution.id "
            "AND validation.ref_s28_id=request.id "
            "AND validation.ref_s29_id=attempt.id",
            (
                validation_id,
                resolution_id,
                self._coordination_context.get("current_manifest_id"),
                head_id,
                self.subject_id,
                intent_id,
                self._coordination_context.get("verified_attempt_id"),
                self._coordination_context.get("current_manifest_id"),
                self._coordination_context.get("authorization_epoch"),
                self._coordination_context.get("authorization_epoch"),
                self._coordination_context.get("active_policy_bundle_id"),
            ),
        )
        row = _cursor(self).fetchone()
        if row is None or row[9] != "PASS":
            raise GuardRequired("authorization requires a current PASS validation basis")
        if row[14] != self._coordination_context.get("verified_intent_local_date"):
            raise GuardRequired("authorization head day must equal the verified intent day")
        manifest_payload = dict(row[16] or {})
        manifest_closure = manifest_payload.get("artifact_closure_ids")
        manifest_roots = manifest_payload.get("artifact_root_ids")
        verified_artifacts = sorted(str(item) for item in self._verified_artifacts)
        if (
            manifest_closure != verified_artifacts
            or not isinstance(manifest_closure, list)
            or not isinstance(manifest_roots, list)
            or not manifest_roots
            or not set(manifest_roots).issubset(set(manifest_closure))
            or manifest_payload.get("artifact_dependency_closure_hash")
            != self.artifact_closure_digest()
        ):
            raise ArtifactIdentityRequired(
                "T6 registry lease must equal the current manifest artifact closure"
            )
        now = row[15]
        _cursor(self).execute(
            "SELECT revision,typed_payload FROM kineticloop.policy_bundles WHERE id=%s",
            (self._coordination_context.get("active_policy_bundle_id"),),
        )
        policy = _cursor(self).fetchone()
        if policy and policy[1].get("deterministic_fixture", {}).get("contract") == "kl079-full-actions-v1" and not self._coordination_context.get("full_execution_members"):
            raise GuardRequired("full persisted policy requires full execution request; legacy downgrade denied")
        _cursor(self).execute(
            "SELECT resolution.action_type,validation.ref_s35_id,validation.ref_s34_id,"
            "demand.ref_s34_id,demand.revision,proposal.demand_feature_id "
            "FROM kineticloop.validation_results validation "
            "JOIN kineticloop.evidence_resolutions resolution "
            "ON resolution.subject_id=validation.subject_id "
            "AND resolution.id=validation.ref_s36_id "
            "JOIN kineticloop.prescription_demand_features demand "
            "ON demand.subject_id=validation.subject_id AND demand.id=validation.ref_s35_id "
            "JOIN kineticloop.proposal_revisions proposal "
            "ON proposal.subject_id=validation.subject_id AND proposal.id=validation.ref_s34_id "
            "WHERE validation.subject_id=%s AND validation.id=%s",
            (self.subject_id, validation_id),
        )
        demand_basis = _cursor(self).fetchone()
        _cursor(self).execute(
            "SELECT typed_payload FROM kineticloop.daily_plan_heads WHERE subject_id=%s AND id=%s",
            (self.subject_id, head_id),
        )
        calendar = _cursor(self).fetchone()
        if (
            policy is None
            or calendar is None
            or demand_basis is None
            or demand_basis[1] is None
            or demand_basis[2] is None
            or (demand_basis[2] != demand_basis[3] and not self._coordination_context.get("full_execution_members"))
            or demand_basis[1] != demand_basis[5]
        ):
>           raise GuardRequired("policy, demand, and calendar authorization bounds must exist")
E           kineticloop.persistence.transactions.GuardRequired: policy, demand, and calendar authorization bounds must exist

src/kineticloop/persistence/transactions.py:3982: GuardRequired
---------------------------- Captured stdout setup -----------------------------
NAMESPACE_PU DatabaseNamespace(project_name='kineticloop-kl080-source-d6bfb28-9a070975b04f', database_name='kineticloop_kl080_source_d6bfb28_9a070975b04f') negative_controls=foreign_root,sha,digest,label,ambient,nested_cleanup nested_inventory ['bootstrap_two_phase(selected_lifecycle)', 'destroy']
SOURCE_EVIDENCE {"compose": "kineticloop-kl080-source-d6bfb28-9a070975b04f", "database": "kineticloop_kl080_source_d6bfb28_9a070975b04f", "guard_trace": [], "kind": "kl080_namespace", "migration": "e8c2f1a6b904", "nested_bootstrap": "selected lifecycle", "root": "/Users/davetian/.codex/worktrees/59e4/KineticLoop", "tested_commit": "d6bfb285087456a1a43d6c6b856a07eee4e1746d"}
---------------------------- Captured stderr setup -----------------------------
INFO  [alembic.runtime.migration] Context impl PostgresqlImpl.
INFO  [alembic.runtime.migration] Will assume transactional DDL.
INFO  [alembic.runtime.migration] Running upgrade  -> 76fd67f76bd4, frozen S01-S51 baseline
INFO  [alembic.runtime.migration] Context impl PostgresqlImpl.
INFO  [alembic.runtime.migration] Will assume transactional DDL.
INFO  [alembic.runtime.migration] Running upgrade 76fd67f76bd4 -> a3f91c7d2e10, migrated SafetyRegistry integration and role-owner hardening
INFO  [alembic.runtime.migration] Running upgrade a3f91c7d2e10 -> b6e4d8a1c927, trusted artifact registration and bounded dependency admission
INFO  [alembic.runtime.migration] Running upgrade b6e4d8a1c927 -> d4c1a9e7b203, production, test, and evaluation subject namespace isolation
INFO  [alembic.runtime.migration] Running upgrade d4c1a9e7b203 -> e8c2f1a6b904, Materialize frozen S27 active partition uniqueness (legacy PENDING = ADMITTED).
----------------------------- Captured stdout call -----------------------------
SOURCE_EVIDENCE {"cause": "policy, demand, and calendar authorization bounds must exist", "consumer_rule": "S37.ref_s34_id must equal D.ref_s34_id, while owner-produced S37 anchors N and D anchors F", "expected_positive_oracle_not_satisfied": true, "guard_trace": [{"command": "PublishManifest", "guard": "require_test_execution_ingress", "status": "PASSED", "subject": "da6885bc-d2ff-4517-895e-f57e45fd7aef"}, {"command": "PublishManifest", "guard": "require_execution_request", "status": "PASSED", "subject": "da6885bc-d2ff-4517-895e-f57e45fd7aef"}, {"command": "AdvanceAttempt", "guard": "require_current_fence", "status": "PASSED", "subject": "da6885bc-d2ff-4517-895e-f57e45fd7aef"}, {"command": "AdvanceAttempt", "guard": "require_current_fence", "status": "PASSED", "subject": "da6885bc-d2ff-4517-895e-f57e45fd7aef"}, {"command": "AdvanceAttempt", "guard": "_progress_sources", "status": "PASSED", "subject": "da6885bc-d2ff-4517-895e-f57e45fd7aef"}, {"command": "AdvanceAttempt", "guard": "require_current_fence", "status": "PASSED", "subject": "da6885bc-d2ff-4517-895e-f57e45fd7aef"}, {"command": "AdvanceAttempt", "guard": "require_current_fence", "status": "PASSED", "subject": "da6885bc-d2ff-4517-895e-f57e45fd7aef"}, {"command": "AdvanceAttempt", "guard": "_progress_sources", "status": "PASSED", "subject": "da6885bc-d2ff-4517-895e-f57e45fd7aef"}, {"command": "RecordSnapshot", "guard": "require_current_fence", "status": "PASSED", "subject": "da6885bc-d2ff-4517-895e-f57e45fd7aef"}, {"command": "RecordSnapshot", "guard": "require_current_fence", "status": "PASSED", "subject": "da6885bc-d2ff-4517-895e-f57e45fd7aef"}, {"command": "AdvanceAttempt", "guard": "require_current_fence", "status": "PASSED", "subject": "da6885bc-d2ff-4517-895e-f57e45fd7aef"}, {"command": "AdvanceAttempt", "guard": "require_current_fence", "status": "PASSED", "subject": "da6885bc-d2ff-4517-895e-f57e45fd7aef"}, {"command": "AdvanceAttempt", "guard": "_progress_sources", "status": "PASSED", "subject": "da6885bc-d2ff-4517-895e-f57e45fd7aef"}, {"command": "RecordProposal", "guard": "require_current_fence", "status": "PASSED", "subject": "da6885bc-d2ff-4517-895e-f57e45fd7aef"}, {"command": "RecordProposal", "guard": "require_current_fence", "status": "PASSED", "subject": "da6885bc-d2ff-4517-895e-f57e45fd7aef"}, {"command": "RecordProposal", "guard": "_progress_sources", "status": "PASSED", "subject": "da6885bc-d2ff-4517-895e-f57e45fd7aef"}, {"command": "AdvanceAttempt", "guard": "require_current_fence", "status": "PASSED", "subject": "da6885bc-d2ff-4517-895e-f57e45fd7aef"}, {"command": "AdvanceAttempt", "guard": "require_current_fence", "status": "PASSED", "subject": "da6885bc-d2ff-4517-895e-f57e45fd7aef"}, {"command": "AdvanceAttempt", "guard": "_progress_sources", "status": "PASSED", "subject": "da6885bc-d2ff-4517-895e-f57e45fd7aef"}, {"command": "RecordDemandFeatures", "guard": "require_current_fence", "status": "PASSED", "subject": "da6885bc-d2ff-4517-895e-f57e45fd7aef"}, {"command": "RecordDemandFeatures", "guard": "require_current_fence", "status": "PASSED", "subject": "da6885bc-d2ff-4517-895e-f57e45fd7aef"}, {"command": "RecordDemandFeatures", "guard": "_progress_sources", "status": "PASSED", "subject": "da6885bc-d2ff-4517-895e-f57e45fd7aef"}, {"command": "AdvanceAttempt", "guard": "require_current_fence", "status": "PASSED", "subject": "da6885bc-d2ff-4517-895e-f57e45fd7aef"}, {"command": "AdvanceAttempt", "guard": "require_current_fence", "status": "PASSED", "subject": "da6885bc-d2ff-4517-895e-f57e45fd7aef"}, {"command": "AdvanceAttempt", "guard": "_progress_sources", "status": "PASSED", "subject": "da6885bc-d2ff-4517-895e-f57e45fd7aef"}, {"command": "RecordProposal", "guard": "require_current_fence", "status": "PASSED", "subject": "da6885bc-d2ff-4517-895e-f57e45fd7aef"}, {"command": "RecordProposal", "guard": "require_current_fence", "status": "PASSED", "subject": "da6885bc-d2ff-4517-895e-f57e45fd7aef"}, {"command": "RecordProposal", "guard": "_progress_sources", "status": "PASSED", "subject": "da6885bc-d2ff-4517-895e-f57e45fd7aef"}, {"command": "AdvanceAttempt", "guard": "require_current_fence", "status": "PASSED", "subject": "da6885bc-d2ff-4517-895e-f57e45fd7aef"}, {"command": "AdvanceAttempt", "guard": "require_current_fence", "status": "PASSED", "subject": "da6885bc-d2ff-4517-895e-f57e45fd7aef"}, {"command": "AdvanceAttempt", "guard": "_progress_sources", "status": "PASSED", "subject": "da6885bc-d2ff-4517-895e-f57e45fd7aef"}, {"command": "ResolveEvidence", "guard": "require_current_fence", "status": "PASSED", "subject": "da6885bc-d2ff-4517-895e-f57e45fd7aef"}, {"command": "ResolveEvidence", "guard": "require_current_fence", "status": "PASSED", "subject": "da6885bc-d2ff-4517-895e-f57e45fd7aef"}, {"command": "ResolveEvidence", "guard": "_progress_sources", "status": "PASSED", "subject": "da6885bc-d2ff-4517-895e-f57e45fd7aef"}, {"command": "RecordValidation", "guard": "require_current_fence", "status": "PASSED", "subject": "da6885bc-d2ff-4517-895e-f57e45fd7aef"}, {"command": "RecordValidation", "guard": "require_current_fence", "status": "PASSED", "subject": "da6885bc-d2ff-4517-895e-f57e45fd7aef"}, {"command": "RecordValidation", "guard": "_progress_sources", "status": "PASSED", "subject": "da6885bc-d2ff-4517-895e-f57e45fd7aef"}, {"command": "AdvanceAttempt", "guard": "require_current_fence", "status": "PASSED", "subject": "da6885bc-d2ff-4517-895e-f57e45fd7aef"}, {"command": "AdvanceAttempt", "guard": "require_current_fence", "status": "PASSED", "subject": "da6885bc-d2ff-4517-895e-f57e45fd7aef"}, {"command": "AdvanceAttempt", "guard": "_progress_sources", "status": "PASSED", "subject": "da6885bc-d2ff-4517-895e-f57e45fd7aef"}, {"command": "CommitBundle", "guard": "require_test_execution_ingress", "status": "PASSED", "subject": "da6885bc-d2ff-4517-895e-f57e45fd7aef"}, {"command": "CommitBundle", "guard": "require_current_fence", "status": "PASSED", "subject": "da6885bc-d2ff-4517-895e-f57e45fd7aef"}], "kind": "kl080_legacy_consumer_scope_blocker", "producer_chain": {"admission_decisions": [[{"action_scope": "TEST_ONLY", "content_hash": "a879f247178f0ff347df88b4937e541000d35f3fe525136cf8e63b2dbd8bb1e2", "content_schema_version": 1, "decision": "ELIGIBLE", "effective_at": null, "hash_scheme_version": 1, "id": "2f184a63-c2fd-440a-a53f-4f988f38ff55", "known_at": null, "recorded_at": "2026-10-02T23:24:07.393127+00:00", "ref_s05_id": "5f2c3e7c-bafb-46b4-8de9-ec65bab09165", "ref_s09_id": "a5eb5d52-d039-4df1-9040-488996976335", "ref_s10_id": "59ddcb74-dda0-4738-b9f6-11cbe103e339", "revision": 1, "status": null, "subject_id": "da6885bc-d2ff-4517-895e-f57e45fd7aef", "typed_payload": {"fixture_admission": "ELIGIBLE", "valid_until": "2026-10-03T00:24:07.383434+00:00"}}]], "authorization_artifact_closure": [], "authorization_events": [[{"causation_key": "44a255d0-0763-4730-9dc6-78353d485318", "content_hash": null, "content_schema_version": 1, "effective_at": null, "event_kind": "EPOCH_INVALIDATED", "hash_scheme_version": 1, "id": "c2d3d4c0-49e5-4a3d-9bf8-648329522fc6", "invalidated_epoch": 1, "known_at": null, "recorded_at": "2026-10-02T23:24:07.456155+00:00", "ref_s02_id": "fca47923-0d37-4a5d-b815-2048c542c168", "ref_s13_id": null, "ref_s17_id": null, "ref_s42_id": null, "revision": 1, "scope": "TEST_ONLY", "status": null, "subject_id": "da6885bc-d2ff-4517-895e-f57e45fd7aef", "typed_payload": {}}]], "authorization_issuances": [], "bundle_prescription_members": [], "candidate_assertions": [[{"assertion_family_identity": "fixture-actual", "content_hash": null, "content_schema_version": 1, "effective_at": null, "hash_scheme_version": 1, "id": "59ddcb74-dda0-4738-b9f6-11cbe103e339", "known_at": null, "predicate": null, "recorded_at": "2026-10-02T23:24:07.389686+00:00", "ref_s09_id": "a5eb5d52-d039-4df1-9040-488996976335", "revision": 1, "status": null, "subject_id": "da6885bc-d2ff-4517-895e-f57e45fd7aef", "typed_payload": {}, "unit": null, "value_state": null}]], "canonical_fact_revisions": [[{"content_hash": "3fe425e92857d4285a8197c8bda8c4dd95dfe6ccf6bdede43efb015d49d45c33", "content_schema_version": 1, "effective_at": "2026-10-02T22:24:07.383434+00:00", "fact_kind": "WORKOUT_ACTUAL", "fact_revision": 1, "hash_scheme_version": 1, "id": "44a255d0-0763-4730-9dc6-78353d485318", "known_at": null, "recorded_at": "2026-10-02T23:24:07.456155+00:00", "ref_s10_id": "59ddcb74-dda0-4738-b9f6-11cbe103e339", "ref_s11_id": "ee48ae4d-3d97-4206-8dd3-6772fef6903e", "ref_s13_id": "2f184a63-c2fd-440a-a53f-4f988f38ff55", "revision": 1, "stable_fact_identity": "44a255d0-0763-4730-9dc6-78353d485318", "status": null, "subject_id": "da6885bc-d2ff-4517-895e-f57e45fd7aef", "typed_payload": {"association_id": "e9d60503-1b8f-40f9-8553-73e41e2c48d9", "contradicts": false, "exercise": "fixture:cycle", "lower_minutes": 10, "replaces_slot": "prior-slot", "retracted": false, "semantic_class": "ACTUAL_EXECUTION", "upper_minutes": 10}}]], "command_receipts": [[{"actor_scope": "test:3940f128-3cf9-4080-bdce-e03311b19c17", "client_key": "publish", "command_kind": "PublishManifest", "content_hash": null, "content_schema_version": 1, "effective_at": null, "hash_scheme_version": 1, "id": "06180a3e-bcce-44c0-9259-82b2f7ea38aa", "known_at": null, "recorded_at": "2026-10-02T23:24:07.556297+00:00", "request_hash": "ae00cc7c516d71c2f79b55a4a0d8c81ebb77115f6283598840f2c424730f0fd2", "revision": 1, "status": "SUCCEEDED", "subject_id": "da6885bc-d2ff-4517-895e-f57e45fd7aef", "typed_payload": {"outcome": {"event_id": "04909e60-4ff4-417f-b50b-54bdb1b3459c", "executable": false, "generation": 1, "manifest_id": "b6866368-44f0-4fbd-9c3a-478166ecf5e4", "receipt_id": "06180a3e-bcce-44c0-9259-82b2f7ea38aa"}}}], [{"actor_scope": "test:3940f128-3cf9-4080-bdce-e03311b19c17", "client_key": "lease-ba8120ab-3ad0-401d-bed2-531bceab08fd", "command_kind": "AcquireLease", "content_hash": null, "content_schema_version": 1, "effective_at": null, "hash_scheme_version": 1, "id": "2292eeee-1625-4e5a-b422-a32b5a1e92b0", "known_at": null, "recorded_at": "2026-10-02T23:24:07.608801+00:00", "request_hash": "37a285b18262c95d3a872c7691073b77e2d95187556bb7a109fdc2a98a17c140", "revision": 1, "status": "SUCCEEDED", "subject_id": "da6885bc-d2ff-4517-895e-f57e45fd7aef", "typed_payload": {"outcome": {"attempt_id": "ba8120ab-3ad0-401d-bed2-531bceab08fd", "fence": 1, "intent_id": "f411822d-17e2-46f2-8c59-aa45fc2684a6", "lease_expires_at": "2026-10-02T23:34:07.612770+00:00", "owner": "test:3940f128-3cf9-4080-bdce-e03311b19c17", "request_revision": 1}}}], [{"actor_scope": "test:3940f128-3cf9-4080-bdce-e03311b19c17", "client_key": "FITNESS-ba8120ab-3ad0-401d-bed2-531bceab08fd", "command_kind": "RecordProposal", "content_hash": null, "content_schema_version": 1, "effective_at": null, "hash_scheme_version": 1, "id": "39f94824-de0a-4782-aa13-c66f59520c09", "known_at": null, "recorded_at": "2026-10-02T23:24:07.691699+00:00", "request_hash": "b210a70ad50f5e191389d25083a54df1ebd4fe8122dd0b30bde793dd2bd784cc", "revision": 1, "status": "SUCCEEDED", "subject_id": "da6885bc-d2ff-4517-895e-f57e45fd7aef", "typed_payload": {"outcome": {"attempt_id": "ba8120ab-3ad0-401d-bed2-531bceab08fd", "executable": false, "hash": "d33b6bd3a4e1f764afc6e66ff124373c663db32703671101fdec9c86ede37a51", "id": "662616f6-4f46-5967-a554-91c5f2ebd81d", "kind": "FITNESS", "lock_trace": [[20, "S01"], [40, "S27:f411822d-17e2-46f2-8c59-aa45fc2684a6"], [80, "S02:test:3940f128-3cf9-4080-bdce-e03311b19c17:RecordProposal:FITNESS-ba8120ab-3ad0-401d-bed2-531bceab08fd"], [90, "S29:ba8120ab-3ad0-401d-bed2-531bceab08fd"]]}}}], [{"actor_scope": "test:3940f128-3cf9-4080-bdce-e03311b19c17", "client_key": "stage-ba8120ab-3ad0-401d-bed2-531bceab08fd-context", "command_kind": "AdvanceAttempt", "content_hash": null, "content_schema_version": 1, "effective_at": null, "hash_scheme_version": 1, "id": "3fb0183b-95d6-4de9-b160-7e786426bd89", "known_at": null, "recorded_at": "2026-10-02T23:24:07.634041+00:00", "request_hash": "3510da38a5a29d8d718d196781475653f0e75139ea64563c30900a5283e6cfa3", "revision": 1, "status": "SUCCEEDED", "subject_id": "da6885bc-d2ff-4517-895e-f57e45fd7aef", "typed_payload": {"outcome": {"attempt_id": "ba8120ab-3ad0-401d-bed2-531bceab08fd", "executable": false, "lock_trace": [[20, "S01"], [40, "S27:f411822d-17e2-46f2-8c59-aa45fc2684a6"], [80, "S02:test:3940f128-3cf9-4080-bdce-e03311b19c17:AdvanceAttempt:stage-ba8120ab-3ad0-401d-bed2-531bceab08fd-context"], [90, "S29:ba8120ab-3ad0-401d-bed2-531bceab08fd"]], "snapshot_id": null, "state": "BUILDING_CONTEXT"}}}], [{"actor_scope": "test:3940f128-3cf9-4080-bdce-e03311b19c17", "client_key": "advance-662616f6-4f46-5967-a554-91c5f2ebd81d", "command_kind": "AdvanceAttempt", "content_hash": null, "content_schema_version": 1, "effective_at": null, "hash_scheme_version": 1, "id": "88a13674-db0d-40e3-9f46-efcecea23d6a", "known_at": null, "recorded_at": "2026-10-02T23:24:07.707208+00:00", "request_hash": "5cfda01b76790c0cb58e892def34adbee725f84c33d265fcc139ea2dc3bea221", "revision": 1, "status": "SUCCEEDED", "subject_id": "da6885bc-d2ff-4517-895e-f57e45fd7aef", "typed_payload": {"outcome": {"attempt_id": "ba8120ab-3ad0-401d-bed2-531bceab08fd", "executable": false, "lock_trace": [[20, "S01"], [40, "S27:f411822d-17e2-46f2-8c59-aa45fc2684a6"], [80, "S02:test:3940f128-3cf9-4080-bdce-e03311b19c17:AdvanceAttempt:advance-662616f6-4f46-5967-a554-91c5f2ebd81d"], [90, "S29:ba8120ab-3ad0-401d-bed2-531bceab08fd"]], "snapshot_id": "f4f92f6f-503b-42d1-b5fe-c3d11f2d9219", "state": "DEMAND_FEATURES"}}}], [{"actor_scope": "test:3940f128-3cf9-4080-bdce-e03311b19c17", "client_key": "DEMAND-ba8120ab-3ad0-401d-bed2-531bceab08fd", "command_kind": "RecordDemandFeatures", "content_hash": null, "content_schema_version": 1, "effective_at": null, "hash_scheme_version": 1, "id": "a31367a3-9bba-4907-878b-347d727ec68b", "known_at": null, "recorded_at": "2026-10-02T23:24:07.740497+00:00", "request_hash": "e1a132cdffdea89ec5668afb599110097966f24b1208bbf86edc5e1b3ae086c1", "revision": 1, "status": "SUCCEEDED", "subject_id": "da6885bc-d2ff-4517-895e-f57e45fd7aef", "typed_payload": {"outcome": {"attempt_id": "ba8120ab-3ad0-401d-bed2-531bceab08fd", "executable": false, "hash": "d64019022153aab0e117a2931f8b15fff0e42b3704561951160be1a4a80b8b35", "id": "456accf0-e0b6-5d3d-9dde-e1bc02385f3b", "kind": "DEMAND", "lock_trace": [[20, "S01"], [40, "S27:f411822d-17e2-46f2-8c59-aa45fc2684a6"], [80, "S02:test:3940f128-3cf9-4080-bdce-e03311b19c17:RecordDemandFeatures:DEMAND-ba8120ab-3ad0-401d-bed2-531bceab08fd"], [90, "S29:ba8120ab-3ad0-401d-bed2-531bceab08fd"]]}}}], [{"actor_scope": "test:3940f128-3cf9-4080-bdce-e03311b19c17", "client_key": "stage-ba8120ab-3ad0-401d-bed2-531bceab08fd-context-snapshot-fitness", "command_kind": "AdvanceAttempt", "content_hash": null, "content_schema_version": 1, "effective_at": null, "hash_scheme_version": 1, "id": "b63252e1-c56d-4a36-b746-49a774063bc3", "known_at": null, "recorded_at": "2026-10-02T23:24:07.65435+00:00", "request_hash": "c9631e7f0b95d09c39db615462f1346a7c7376816fac7c95989768f442fa0920", "revision": 1, "status": "SUCCEEDED", "subject_id": "da6885bc-d2ff-4517-895e-f57e45fd7aef", "typed_payload": {"outcome": {"attempt_id": "ba8120ab-3ad0-401d-bed2-531bceab08fd", "executable": false, "lock_trace": [[20, "S01"], [40, "S27:f411822d-17e2-46f2-8c59-aa45fc2684a6"], [80, "S02:test:3940f128-3cf9-4080-bdce-e03311b19c17:AdvanceAttempt:stage-ba8120ab-3ad0-401d-bed2-531bceab08fd-context-snapshot-fitness"], [90, "S29:ba8120ab-3ad0-401d-bed2-531bceab08fd"]], "snapshot_id": "f4f92f6f-503b-42d1-b5fe-c3d11f2d9219", "state": "FITNESS"}}}], [{"actor_scope": "test:3940f128-3cf9-4080-bdce-e03311b19c17", "client_key": "admit", "command_kind": "AdmitOrReviseIntent", "content_hash": null, "content_schema_version": 1, "effective_at": null, "hash_scheme_version": 1, "id": "c071a7a7-e6df-40c0-94ad-341275b9caff", "known_at": null, "recorded_at": "2026-10-02T23:24:07.572234+00:00", "request_hash": "a1874b50c80feb09587bc90cb3fb35300d93e7af87d9ee77d6a044536a24e716", "revision": 1, "status": "SUCCEEDED", "subject_id": "da6885bc-d2ff-4517-895e-f57e45fd7aef", "typed_payload": {"outcome": {"attempt_id": "ba8120ab-3ad0-401d-bed2-531bceab08fd", "intent_id": "f411822d-17e2-46f2-8c59-aa45fc2684a6", "mode": "ADMIT", "request_id": "775b6214-31ca-40de-a332-258d8ff196fd", "request_revision": 1}}}], [{"actor_scope": "test:3940f128-3cf9-4080-bdce-e03311b19c17", "client_key": "commit-ready-ba8120ab-3ad0-401d-bed2-531bceab08fd", "command_kind": "AdvanceAttempt", "content_hash": null, "content_schema_version": 1, "effective_at": null, "hash_scheme_version": 1, "id": "c1f41dcb-8fdd-4bf1-a41b-62194883b4b2", "known_at": null, "recorded_at": "2026-10-02T23:24:07.889392+00:00", "request_hash": "1cf17fe2282a9743def064d8aff3ff2f5800e0a53420ff98b808ebd05374286a", "revision": 1, "status": "SUCCEEDED", "subject_id": "da6885bc-d2ff-4517-895e-f57e45fd7aef", "typed_payload": {"outcome": {"attempt_id": "ba8120ab-3ad0-401d-bed2-531bceab08fd", "executable": false, "lock_trace": [[20, "S01"], [40, "S27:f411822d-17e2-46f2-8c59-aa45fc2684a6"], [80, "S02:test:3940f128-3cf9-4080-bdce-e03311b19c17:AdvanceAttempt:commit-ready-ba8120ab-3ad0-401d-bed2-531bceab08fd"], [90, "S29:ba8120ab-3ad0-401d-bed2-531bceab08fd"]], "snapshot_id": "f4f92f6f-503b-42d1-b5fe-c3d11f2d9219", "state": "COMMIT_READY"}}}], [{"actor_scope": "test:3940f128-3cf9-4080-bdce-e03311b19c17", "client_key": "stage-ba8120ab-3ad0-401d-bed2-531bceab08fd-context-snapshot", "command_kind": "RecordSnapshot", "content_hash": null, "content_schema_version": 1, "effective_at": null, "hash_scheme_version": 1, "id": "cc6c5cae-608f-4882-80cb-06fad8265229", "known_at": null, "recorded_at": "2026-10-02T23:24:07.644115+00:00", "request_hash": "f3613c26b8d3015d52d25c5915ffc38f9e26a130906ab8140a1685b011905b68", "revision": 1, "status": "SUCCEEDED", "subject_id": "da6885bc-d2ff-4517-895e-f57e45fd7aef", "typed_payload": {"outcome": {"attempt_id": "ba8120ab-3ad0-401d-bed2-531bceab08fd", "executable": false, "lock_trace": [[20, "S01"], [40, "S27:f411822d-17e2-46f2-8c59-aa45fc2684a6"], [80, "S02:test:3940f128-3cf9-4080-bdce-e03311b19c17:RecordSnapshot:stage-ba8120ab-3ad0-401d-bed2-531bceab08fd-context-snapshot"], [90, "S29:ba8120ab-3ad0-401d-bed2-531bceab08fd"]], "snapshot_id": "f4f92f6f-503b-42d1-b5fe-c3d11f2d9219", "state": "BUILDING_CONTEXT"}}}], [{"actor_scope": "test:3940f128-3cf9-4080-bdce-e03311b19c17", "client_key": "advance-e282a9cb-cf71-5da3-8c15-c0c708a4de60", "command_kind": "AdvanceAttempt", "content_hash": null, "content_schema_version": 1, "effective_at": null, "hash_scheme_version": 1, "id": "d714911f-77c6-4849-900e-0dc71fc91b96", "known_at": null, "recorded_at": "2026-10-02T23:24:07.804594+00:00", "request_hash": "76fdccba31acbb65e32e6d3e2bdef678d3b5bb29f8653b9f6cc9a7367f4c675c", "revision": 1, "status": "SUCCEEDED", "subject_id": "da6885bc-d2ff-4517-895e-f57e45fd7aef", "typed_payload": {"outcome": {"attempt_id": "ba8120ab-3ad0-401d-bed2-531bceab08fd", "executable": false, "lock_trace": [[20, "S01"], [40, "S27:f411822d-17e2-46f2-8c59-aa45fc2684a6"], [80, "S02:test:3940f128-3cf9-4080-bdce-e03311b19c17:AdvanceAttempt:advance-e282a9cb-cf71-5da3-8c15-c0c708a4de60"], [90, "S29:ba8120ab-3ad0-401d-bed2-531bceab08fd"]], "snapshot_id": "f4f92f6f-503b-42d1-b5fe-c3d11f2d9219", "state": "VALIDATING"}}}], [{"actor_scope": "test:3940f128-3cf9-4080-bdce-e03311b19c17", "client_key": "advance-456accf0-e0b6-5d3d-9dde-e1bc02385f3b", "command_kind": "AdvanceAttempt", "content_hash": null, "content_schema_version": 1, "effective_at": null, "hash_scheme_version": 1, "id": "ddb1da09-c8e0-47b0-b25a-78ad3ab050b4", "known_at": null, "recorded_at": "2026-10-02T23:24:07.754882+00:00", "request_hash": "a40d623002f00615009eaad4dd0d8a88c22c305057536732121acdd56e41cbfe", "revision": 1, "status": "SUCCEEDED", "subject_id": "da6885bc-d2ff-4517-895e-f57e45fd7aef", "typed_payload": {"outcome": {"attempt_id": "ba8120ab-3ad0-401d-bed2-531bceab08fd", "executable": false, "lock_trace": [[20, "S01"], [40, "S27:f411822d-17e2-46f2-8c59-aa45fc2684a6"], [80, "S02:test:3940f128-3cf9-4080-bdce-e03311b19c17:AdvanceAttempt:advance-456accf0-e0b6-5d3d-9dde-e1bc02385f3b"], [90, "S29:ba8120ab-3ad0-401d-bed2-531bceab08fd"]], "snapshot_id": "f4f92f6f-503b-42d1-b5fe-c3d11f2d9219", "state": "NUTRITION"}}}], [{"actor_scope": "test:3940f128-3cf9-4080-bdce-e03311b19c17", "client_key": "NUTRITION-ba8120ab-3ad0-401d-bed2-531bceab08fd", "command_kind": "RecordProposal", "content_hash": null, "content_schema_version": 1, "effective_at": null, "hash_scheme_version": 1, "id": "e09ca428-c356-48f0-8a8b-92f7a772e743", "known_at": null, "recorded_at": "2026-10-02T23:24:07.789001+00:00", "request_hash": "b9b02d0beb156396378ddbdb8ef930abd0c37809a4026da5b06e99f887ca6207", "revision": 1, "status": "SUCCEEDED", "subject_id": "da6885bc-d2ff-4517-895e-f57e45fd7aef", "typed_payload": {"outcome": {"attempt_id": "ba8120ab-3ad0-401d-bed2-531bceab08fd", "executable": false, "hash": "8d3097ac51bd3410b4b8cd50e917668e8079c7428bf203a819ecfbcf149746e1", "id": "e282a9cb-cf71-5da3-8c15-c0c708a4de60", "kind": "NUTRITION", "lock_trace": [[20, "S01"], [40, "S27:f411822d-17e2-46f2-8c59-aa45fc2684a6"], [80, "S02:test:3940f128-3cf9-4080-bdce-e03311b19c17:RecordProposal:NUTRITION-ba8120ab-3ad0-401d-bed2-531bceab08fd"], [90, "S29:ba8120ab-3ad0-401d-bed2-531bceab08fd"]]}}}], [{"actor_scope": "test:3940f128-3cf9-4080-bdce-e03311b19c17", "client_key": "seal", "command_kind": "SealFactset", "content_hash": null, "content_schema_version": 1, "effective_at": null, "hash_scheme_version": 1, "id": "e150e90a-f40b-43c1-b140-cc3a3e4c6944", "known_at": null, "recorded_at": "2026-10-02T23:24:07.519951+00:00", "request_hash": "5b11ec121a67ee19dbd731b4a1e3f29e299a08c3779018acc1bd36ffaa072c52", "revision": 1, "status": "SUCCEEDED", "subject_id": "da6885bc-d2ff-4517-895e-f57e45fd7aef", "typed_payload": {"outcome": {"completion": {"build_id": "fa59b152-e819-5117-a6e6-a4f36c5f57b1", "builder_identity": "test:3940f128-3cf9-4080-bdce-e03311b19c17", "captured_epoch": 1, "captured_input_frontier": "b0b5570d4051cfbb9fc2cd78c62ae225334904fa765a964a62e169ba80dd2042", "completed_member_revision": 3, "completion_certificate": "11b383d23501c154a32a2682b77ee182f84e865911558b73304fb38f5b66418b", "completion_identity": "af7ec2c15004dd78cf0ab74b4b2f9d349f536c04749432f2dea5f7728d5ceda5", "domain_basis_digest": "211d87b44e187aabd75feeba197e4a15b64a29c90745e8fe1f4b4f8dbd6aabaf", "mapping_revision_id": null, "max_delta_depth": 1, "member_count": 3, "membership_digest": "a4104b0010fd64981136339899149f889473a18226575e5eb7c4e931d2933790", "parent_factset_id": null, "policy_id": "5f2c3e7c-bafb-46b4-8de9-ec65bab09165", "program_revision_id": "224f1af8-8343-4881-acc2-ae31b125ee1f"}, "completion_identity": "af7ec2c15004dd78cf0ab74b4b2f9d349f536c04749432f2dea5f7728d5ceda5", "factset_id": "fa59b152-e819-5117-a6e6-a4f36c5f57b1"}}}], [{"actor_scope": "test:3940f128-3cf9-4080-bdce-e03311b19c17", "client_key": "RESOLUTION-ba8120ab-3ad0-401d-bed2-531bceab08fd", "command_kind": "ResolveEvidence", "content_hash": null, "content_schema_version": 1, "effective_at": null, "hash_scheme_version": 1, "id": "f77a1304-228e-413a-9b90-18b5d6fde5cd", "known_at": null, "recorded_at": "2026-10-02T23:24:07.834313+00:00", "request_hash": "dce30469c6048888d905aa039a910e5c6ec15bdc0f7a2c4dd05b2b1640c9d514", "revision": 1, "status": "SUCCEEDED", "subject_id": "da6885bc-d2ff-4517-895e-f57e45fd7aef", "typed_payload": {"outcome": {"attempt_id": "ba8120ab-3ad0-401d-bed2-531bceab08fd", "executable": false, "hash": "9679bbf4da7a33930f4a77964cba2f210806b1b99cf29d0c652de317e7daf04c", "id": "65f3aa29-5f1c-54e8-8786-a3f84bbc8c96", "kind": "RESOLUTION", "lock_trace": [[20, "S01"], [40, "S27:f411822d-17e2-46f2-8c59-aa45fc2684a6"], [80, "S02:test:3940f128-3cf9-4080-bdce-e03311b19c17:ResolveEvidence:RESOLUTION-ba8120ab-3ad0-401d-bed2-531bceab08fd"], [90, "S29:ba8120ab-3ad0-401d-bed2-531bceab08fd"]]}}}], [{"actor_scope": "test:3940f128-3cf9-4080-bdce-e03311b19c17", "client_key": "VALIDATION-ba8120ab-3ad0-401d-bed2-531bceab08fd", "command_kind": "RecordValidation", "content_hash": null, "content_schema_version": 1, "effective_at": null, "hash_scheme_version": 1, "id": "f8480401-7af8-4d04-bf3e-cc564eeb04b3", "known_at": null, "recorded_at": "2026-10-02T23:24:07.870929+00:00", "request_hash": "8db0047951a8ed82cfdecc71e6977b9355b0c9d1928b36bee8b41033d87d6dac", "revision": 1, "status": "SUCCEEDED", "subject_id": "da6885bc-d2ff-4517-895e-f57e45fd7aef", "typed_payload": {"outcome": {"attempt_id": "ba8120ab-3ad0-401d-bed2-531bceab08fd", "executable": false, "hash": "17ddd1ad8844a999350cc04e758cb7fe75a4c046262caa859637a3e736d59fa3", "id": "6593d930-4454-5fd6-98cf-d16fd5159704", "kind": "VALIDATION", "lock_trace": [[20, "S01"], [40, "S27:f411822d-17e2-46f2-8c59-aa45fc2684a6"], [80, "S02:test:3940f128-3cf9-4080-bdce-e03311b19c17:RecordValidation:VALIDATION-ba8120ab-3ad0-401d-bed2-531bceab08fd"], [90, "S29:ba8120ab-3ad0-401d-bed2-531bceab08fd"]]}}}], [{"actor_scope": "test:3940f128-3cf9-4080-bdce-e03311b19c17", "client_key": "44a255d0-0763-4730-9dc6-78353d485318", "command_kind": "RecordActualExecution", "content_hash": null, "content_schema_version": 1, "effective_at": null, "hash_scheme_version": 1, "id": "fca47923-0d37-4a5d-b815-2048c542c168", "known_at": null, "recorded_at": "2026-10-02T23:24:07.456155+00:00", "request_hash": "3fe425e92857d4285a8197c8bda8c4dd95dfe6ccf6bdede43efb015d49d45c33", "revision": 1, "status": "SUCCEEDED", "subject_id": "da6885bc-d2ff-4517-895e-f57e45fd7aef", "typed_payload": {"outcome": {"event_id": "0b3622f4-f029-402d-8647-b76044e06888", "fact_id": "44a255d0-0763-4730-9dc6-78353d485318"}}}], [{"actor_scope": "test:3940f128-3cf9-4080-bdce-e03311b19c17", "client_key": "stage-ba8120ab-3ad0-401d-bed2-531bceab08fd", "command_kind": "AdvanceAttempt", "content_hash": null, "content_schema_version": 1, "effective_at": null, "hash_scheme_version": 1, "id": "fcda3a3c-7202-48da-947e-0b423052180d", "known_at": null, "recorded_at": "2026-10-02T23:24:07.623874+00:00", "request_hash": "97e0dd6f0c8a9623dea44cbab1bac8696eee05fcdb6214b3cf0bbddb77ef03a6", "revision": 1, "status": "SUCCEEDED", "subject_id": "da6885bc-d2ff-4517-895e-f57e45fd7aef", "typed_payload": {"outcome": {"attempt_id": "ba8120ab-3ad0-401d-bed2-531bceab08fd", "executable": false, "lock_trace": [[20, "S01"], [40, "S27:f411822d-17e2-46f2-8c59-aa45fc2684a6"], [80, "S02:test:3940f128-3cf9-4080-bdce-e03311b19c17:AdvanceAttempt:stage-ba8120ab-3ad0-401d-bed2-531bceab08fd"], [90, "S29:ba8120ab-3ad0-401d-bed2-531bceab08fd"]], "snapshot_id": null, "state": "LEASED"}}}]], "control_events": [], "control_heads": [], "daily_bundle_revisions": [], "daily_plan_heads": [], "decision_manifests": [[{"captured_epoch": 1, "content_hash": null, "content_schema_version": 1, "dependency_closure_hash": "099cac7ee29b36bd8c4786489030131369f9022cb4153c749785cff373a4f95b", "effective_at": null, "generation": 1, "hash_scheme_version": 1, "id": "b6866368-44f0-4fbd-9c3a-478166ecf5e4", "input_frontier_hash": "b0b5570d4051cfbb9fc2cd78c62ae225334904fa765a964a62e169ba80dd2042", "known_at": null, "manifest_hash": "1638c7dfedb462e97768bb92ec1cb7afb24a4b76bed5bb4ffed77ed5e313911f", "recorded_at": "2026-10-02T23:24:07.556297+00:00", "ref_s05_id": "5f2c3e7c-bafb-46b4-8de9-ec65bab09165", "ref_s06_id": "224f1af8-8343-4881-acc2-ae31b125ee1f", "ref_s15_id": "fa59b152-e819-5117-a6e6-a4f36c5f57b1", "ref_s19_id": null, "ref_s20_id": null, "ref_s23_id": "61c354a1-b74b-546b-972d-80677f11879f", "ref_s49_id": "b6d36ff4-f1cc-44e5-b175-36b2c8408ea2", "registry_revision_at_publish": 0, "registry_state_id": 1, "revision": 1, "status": null, "subject_id": "da6885bc-d2ff-4517-895e-f57e45fd7aef", "typed_payload": {"artifact_closure_ids": ["155965e2-5bcc-45ff-baae-d8075ef0fb93", "279cee0f-4874-4018-8d06-2e7594dc9f6d", "b6d36ff4-f1cc-44e5-b175-36b2c8408ea2", "d4b9071f-07fc-439f-8ce3-d18010c74f2c"], "artifact_dependency_closure_hash": "5f2fc57d3b6e625250860da7b4507f12ec189ce9968e69fe720d8502af7e24df", "artifact_root_ids": ["b6d36ff4-f1cc-44e5-b175-36b2c8408ea2"]}, "valid_until": "2026-10-03T00:24:07.383434+00:00"}]], "decision_snapshots": [[{"captured_epoch": 1, "content_hash": "bf9fc7a3065cbac19640c680f998b5471222ad0c026d51c9166a7cb6322b1344", "content_schema_version": 1, "context_hash": "bf9fc7a3065cbac19640c680f998b5471222ad0c026d51c9166a7cb6322b1344", "effective_at": null, "hash_scheme_version": 1, "id": "f4f92f6f-503b-42d1-b5fe-c3d11f2d9219", "known_at": null, "recorded_at": "2026-10-02T23:24:07.644115+00:00", "ref_s24_id": "b6866368-44f0-4fbd-9c3a-478166ecf5e4", "ref_s28_id": "775b6214-31ca-40de-a332-258d8ff196fd", "ref_s29_id": "ba8120ab-3ad0-401d-bed2-531bceab08fd", "revision": 1, "source_cutoff": "2026-10-02T23:24:07.642439+00:00", "status": null, "subject_id": "da6885bc-d2ff-4517-895e-f57e45fd7aef", "typed_payload": {"accounting": {"budget_units": 65536, "input_units": 1154, "method": "UTF8_BYTE_UPPER_BOUND_V1", "truncated": false}, "attempt_id": "ba8120ab-3ad0-401d-bed2-531bceab08fd", "blocks": {"constraints": {"equipment": [], "minutes": 30}, "data_quality_time": {"status": "TEST_INPUT_ONLY", "value": []}, "overrides": {"status": "TEST_INPUT_ONLY", "value": []}, "program": {}, "progression": {"status": "TEST_INPUT_ONLY", "value": []}, "recent_execution": {"status": "TEST_INPUT_ONLY", "value": ["44a255d0-0763-4730-9dc6-78353d485318"]}, "restrictions_holds": {"status": "TEST_INPUT_ONLY", "value": []}, "sequence": {"status": "TEST_INPUT_ONLY", "value": []}, "target_priorities": {"status": "TEST_INPUT_ONLY", "value": []}}, "builder_hash": "b2757b68a0fa33328a224f6a81549f06036670a3bf7203846527f5b034306f84", "builder_id": "d4b9071f-07fc-439f-8ce3-d18010c74f2c", "context_builder_version": "1", "epoch": 1, "mandatory_context": true, "manifest_hash": "1638c7dfedb462e97768bb92ec1cb7afb24a4b76bed5bb4ffed77ed5e313911f", "manifest_id": "b6866368-44f0-4fbd-9c3a-478166ecf5e4", "policy_id": "5f2c3e7c-bafb-46b4-8de9-ec65bab09165", "program_id": "224f1af8-8343-4881-acc2-ae31b125ee1f", "request_id": "775b6214-31ca-40de-a332-258d8ff196fd", "request_revision": 1, "source_cutoff": "2026-10-02T23:24:07.642439+00:00", "trust_class": "NON_COMMAND_CONTEXT"}}]], "domain_events": [[{"aggregate_identity": "61c354a1-b74b-546b-972d-80677f11879f", "aggregate_revision": 1, "aggregate_type": "MANIFEST", "content_hash": null, "content_schema_version": 1, "correlation_intent_id": null, "effective_at": null, "event_type": "MANIFEST_PUBLISHED", "hash_scheme_version": 1, "id": "04909e60-4ff4-417f-b50b-54bdb1b3459c", "known_at": null, "recorded_at": "2026-10-02T23:24:07.556297+00:00", "ref_s02_id": "06180a3e-bcce-44c0-9259-82b2f7ea38aa", "revision": 1, "status": null, "subject_id": "da6885bc-d2ff-4517-895e-f57e45fd7aef", "typed_payload": {}}], [{"aggregate_identity": "44a255d0-0763-4730-9dc6-78353d485318", "aggregate_revision": 1, "aggregate_type": "FIXTURE_ACTUAL", "content_hash": null, "content_schema_version": 1, "correlation_intent_id": null, "effective_at": null, "event_type": "RecordActualExecution", "hash_scheme_version": 1, "id": "0b3622f4-f029-402d-8647-b76044e06888", "known_at": null, "recorded_at": "2026-10-02T23:24:07.456155+00:00", "ref_s02_id": "fca47923-0d37-4a5d-b815-2048c542c168", "revision": 1, "status": null, "subject_id": "da6885bc-d2ff-4517-895e-f57e45fd7aef", "typed_payload": {}}], [{"aggregate_identity": "7104da58e0b505165e9929d6bbe115af5476e9c6c1429a1d955c57945760fd31", "aggregate_revision": 1, "aggregate_type": "FIXTURE_PREPARATION", "content_hash": null, "content_schema_version": 1, "correlation_intent_id": null, "effective_at": null, "event_type": "RecordProposal", "hash_scheme_version": 1, "id": "103a2311-dec1-4d41-b2b0-dc1493274663", "known_at": null, "recorded_at": "2026-10-02T23:24:07.691699+00:00", "ref_s02_id": "39f94824-de0a-4782-aa13-c66f59520c09", "revision": 1, "status": null, "subject_id": "da6885bc-d2ff-4517-895e-f57e45fd7aef", "typed_payload": {"guard_accepted_at": "2026-10-02T23:24:07.697122+00:00"}}], [{"aggregate_identity": "2de04877b90fb96e8041684853c7acfa9625ccc1d558e84b83218626f7223d16", "aggregate_revision": 1, "aggregate_type": "PLANNING_PROGRESS", "content_hash": null, "content_schema_version": 1, "correlation_intent_id": null, "effective_at": null, "event_type": "AdvanceAttempt", "hash_scheme_version": 1, "id": "2c9783c1-b742-4314-b558-070ed22270bb", "known_at": null, "recorded_at": "2026-10-02T23:24:07.889392+00:00", "ref_s02_id": "c1f41dcb-8fdd-4bf1-a41b-62194883b4b2", "revision": 1, "status": null, "subject_id": "da6885bc-d2ff-4517-895e-f57e45fd7aef", "typed_payload": {"guard_accepted_at": "2026-10-02T23:24:07.892236+00:00"}}], [{"aggregate_identity": "78673a591df34c7f9c730bb40f086e9ea9b9ef626f5cea97f0ff94435453cc49", "aggregate_revision": 1, "aggregate_type": "PLANNING_COMMAND", "content_hash": null, "content_schema_version": 1, "correlation_intent_id": null, "effective_at": null, "event_type": "AcquireLease", "hash_scheme_version": 1, "id": "39492b25-a503-4c9e-bc72-3e867bc3e90f", "known_at": null, "recorded_at": "2026-10-02T23:24:07.608801+00:00", "ref_s02_id": "2292eeee-1625-4e5a-b422-a32b5a1e92b0", "revision": 1, "status": null, "subject_id": "da6885bc-d2ff-4517-895e-f57e45fd7aef", "typed_payload": {}}], [{"aggregate_identity": "02252f39a7e9911900554b0330965d6e1906b9f18bf0cb361a24927044579f70", "aggregate_revision": 1, "aggregate_type": "FIXTURE_PREPARATION", "content_hash": null, "content_schema_version": 1, "correlation_intent_id": null, "effective_at": null, "event_type": "RecordDemandFeatures", "hash_scheme_version": 1, "id": "4f185c3e-0266-4184-a126-6ea847805de0", "known_at": null, "recorded_at": "2026-10-02T23:24:07.740497+00:00", "ref_s02_id": "a31367a3-9bba-4907-878b-347d727ec68b", "revision": 1, "status": null, "subject_id": "da6885bc-d2ff-4517-895e-f57e45fd7aef", "typed_payload": {"guard_accepted_at": "2026-10-02T23:24:07.744426+00:00"}}], [{"aggregate_identity": "ee8a95cb4d061e5817eb7714c59a80e17698c25efda8ff8ca59b1554567439ca", "aggregate_revision": 1, "aggregate_type": "PLANNING_PROGRESS", "content_hash": null, "content_schema_version": 1, "correlation_intent_id": null, "effective_at": null, "event_type": "AdvanceAttempt", "hash_scheme_version": 1, "id": "547f938a-0ade-46d1-9bfa-765199e88213", "known_at": null, "recorded_at": "2026-10-02T23:24:07.804594+00:00", "ref_s02_id": "d714911f-77c6-4849-900e-0dc71fc91b96", "revision": 1, "status": null, "subject_id": "da6885bc-d2ff-4517-895e-f57e45fd7aef", "typed_payload": {"guard_accepted_at": "2026-10-02T23:24:07.808131+00:00"}}], [{"aggregate_identity": "0392d5255985a12e62902f6723bd8188eec83f799885bef0ebf78e83a57d01e3", "aggregate_revision": 1, "aggregate_type": "PLANNING_PROGRESS", "content_hash": null, "content_schema_version": 1, "correlation_intent_id": null, "effective_at": null, "event_type": "AdvanceAttempt", "hash_scheme_version": 1, "id": "6ccb1671-22e6-4dfd-a562-44b8c9744921", "known_at": null, "recorded_at": "2026-10-02T23:24:07.623874+00:00", "ref_s02_id": "fcda3a3c-7202-48da-947e-0b423052180d", "revision": 1, "status": null, "subject_id": "da6885bc-d2ff-4517-895e-f57e45fd7aef", "typed_payload": {"guard_accepted_at": "2026-10-02T23:24:07.628832+00:00"}}], [{"aggregate_identity": "52b5f73c43bb5bfaf80011c85dca3d052cc08d27f2d092478aafb33d075e566b", "aggregate_revision": 1, "aggregate_type": "FIXTURE_PREPARATION", "content_hash": null, "content_schema_version": 1, "correlation_intent_id": null, "effective_at": null, "event_type": "ResolveEvidence", "hash_scheme_version": 1, "id": "6ddc9022-0772-4784-aba1-6f42d1446e87", "known_at": null, "recorded_at": "2026-10-02T23:24:07.834313+00:00", "ref_s02_id": "f77a1304-228e-413a-9b90-18b5d6fde5cd", "revision": 1, "status": null, "subject_id": "da6885bc-d2ff-4517-895e-f57e45fd7aef", "typed_payload": {"guard_accepted_at": "2026-10-02T23:24:07.838030+00:00"}}], [{"aggregate_identity": "fa59b152-e819-5117-a6e6-a4f36c5f57b1", "aggregate_revision": 1, "aggregate_type": "FACTSET", "content_hash": null, "content_schema_version": 1, "correlation_intent_id": null, "effective_at": null, "event_type": "FACTSET_SEALED", "hash_scheme_version": 1, "id": "9a39a818-29d5-4b0d-a1c3-881bcfa9c492", "known_at": null, "recorded_at": "2026-10-02T23:24:07.519951+00:00", "ref_s02_id": "e150e90a-f40b-43c1-b140-cc3a3e4c6944", "revision": 1, "status": null, "subject_id": "da6885bc-d2ff-4517-895e-f57e45fd7aef", "typed_payload": {}}], [{"aggregate_identity": "041ab8ac18ebcd17429c7e5478167a055518a1d3010b4e6d886b575ccb830e99", "aggregate_revision": 1, "aggregate_type": "PLANNING_PROGRESS", "content_hash": null, "content_schema_version": 1, "correlation_intent_id": null, "effective_at": null, "event_type": "RecordSnapshot", "hash_scheme_version": 1, "id": "a0847b65-6a3f-4175-bd35-d1526514890e", "known_at": null, "recorded_at": "2026-10-02T23:24:07.644115+00:00", "ref_s02_id": "cc6c5cae-608f-4882-80cb-06fad8265229", "revision": 1, "status": null, "subject_id": "da6885bc-d2ff-4517-895e-f57e45fd7aef", "typed_payload": {"guard_accepted_at": "2026-10-02T23:24:07.648794+00:00"}}], [{"aggregate_identity": "cc9e7387f9488dbb1a6bd7a465ca730b7df71bac079180ab1a164dc430d500c4", "aggregate_revision": 1, "aggregate_type": "PLANNING_COMMAND", "content_hash": null, "content_schema_version": 1, "correlation_intent_id": null, "effective_at": null, "event_type": "ADMIT", "hash_scheme_version": 1, "id": "bfe13921-8ce9-4067-8f71-b83f4f5209e5", "known_at": null, "recorded_at": "2026-10-02T23:24:07.572234+00:00", "ref_s02_id": "c071a7a7-e6df-40c0-94ad-341275b9caff", "revision": 1, "status": null, "subject_id": "da6885bc-d2ff-4517-895e-f57e45fd7aef", "typed_payload": {}}], [{"aggregate_identity": "edbd973996593fb3e86c2afea573a3c35f79a533123ba8dccf2df796349c3203", "aggregate_revision": 1, "aggregate_type": "PLANNING_PROGRESS", "content_hash": null, "content_schema_version": 1, "correlation_intent_id": null, "effective_at": null, "event_type": "AdvanceAttempt", "hash_scheme_version": 1, "id": "c5ac692a-aa0d-430e-aa30-912f057ffbb9", "known_at": null, "recorded_at": "2026-10-02T23:24:07.634041+00:00", "ref_s02_id": "3fb0183b-95d6-4de9-b160-7e786426bd89", "revision": 1, "status": null, "subject_id": "da6885bc-d2ff-4517-895e-f57e45fd7aef", "typed_payload": {"guard_accepted_at": "2026-10-02T23:24:07.639074+00:00"}}], [{"aggregate_identity": "96ffb7bffae4787d722031eceedcf9b522b370dd2a80a15dfad38ac3fe5ae4fd", "aggregate_revision": 1, "aggregate_type": "FIXTURE_PREPARATION", "content_hash": null, "content_schema_version": 1, "correlation_intent_id": null, "effective_at": null, "event_type": "RecordValidation", "hash_scheme_version": 1, "id": "d33a7915-b48c-4f1f-b4ae-ffdfb61af29c", "known_at": null, "recorded_at": "2026-10-02T23:24:07.870929+00:00", "ref_s02_id": "f8480401-7af8-4d04-bf3e-cc564eeb04b3", "revision": 1, "status": null, "subject_id": "da6885bc-d2ff-4517-895e-f57e45fd7aef", "typed_payload": {"guard_accepted_at": "2026-10-02T23:24:07.874037+00:00"}}], [{"aggregate_identity": "d7a291f86cd2db302fd8fc43f5fcd7de6f65745f0a83f6c857523ac6530f4f67", "aggregate_revision": 1, "aggregate_type": "PLANNING_PROGRESS", "content_hash": null, "content_schema_version": 1, "correlation_intent_id": null, "effective_at": null, "event_type": "AdvanceAttempt", "hash_scheme_version": 1, "id": "e1fa8fd4-eea7-4166-bd0f-8414390cda59", "known_at": null, "recorded_at": "2026-10-02T23:24:07.754882+00:00", "ref_s02_id": "ddb1da09-c8e0-47b0-b25a-78ad3ab050b4", "revision": 1, "status": null, "subject_id": "da6885bc-d2ff-4517-895e-f57e45fd7aef", "typed_payload": {"guard_accepted_at": "2026-10-02T23:24:07.758413+00:00"}}], [{"aggregate_identity": "c560ad0aeb605ab2483ed3dc2e830d1ecf6cdfc418dca71dc932925a065f017c", "aggregate_revision": 1, "aggregate_type": "FIXTURE_PREPARATION", "content_hash": null, "content_schema_version": 1, "correlation_intent_id": null, "effective_at": null, "event_type": "RecordProposal", "hash_scheme_version": 1, "id": "f30c41ca-b5c8-48cd-a300-f7a5137932aa", "known_at": null, "recorded_at": "2026-10-02T23:24:07.789001+00:00", "ref_s02_id": "e09ca428-c356-48f0-8a8b-92f7a772e743", "revision": 1, "status": null, "subject_id": "da6885bc-d2ff-4517-895e-f57e45fd7aef", "typed_payload": {"guard_accepted_at": "2026-10-02T23:24:07.793025+00:00"}}], [{"aggregate_identity": "18280276c793f045aaf98b79e688fa9dde1894e62b0b5c7df93c9946d7151618", "aggregate_revision": 1, "aggregate_type": "PLANNING_PROGRESS", "content_hash": null, "content_schema_version": 1, "correlation_intent_id": null, "effective_at": null, "event_type": "AdvanceAttempt", "hash_scheme_version": 1, "id": "f40c03d9-ff9e-4957-827b-04da8a98edcf", "known_at": null, "recorded_at": "2026-10-02T23:24:07.65435+00:00", "ref_s02_id": "b63252e1-c56d-4a36-b746-49a774063bc3", "revision": 1, "status": null, "subject_id": "da6885bc-d2ff-4517-895e-f57e45fd7aef", "typed_payload": {"guard_accepted_at": "2026-10-02T23:24:07.658454+00:00"}}], [{"aggregate_identity": "2cebb22eef3e9f22bb56129cc6dcae33abb0a25b4b0f3ad664add5b8d9bef52a", "aggregate_revision": 1, "aggregate_type": "PLANNING_PROGRESS", "content_hash": null, "content_schema_version": 1, "correlation_intent_id": null, "effective_at": null, "event_type": "AdvanceAttempt", "hash_scheme_version": 1, "id": "fa191175-1934-43bd-9f67-3f32cae1e4a0", "known_at": null, "recorded_at": "2026-10-02T23:24:07.707208+00:00", "ref_s02_id": "88a13674-db0d-40e3-9f46-efcecea23d6a", "revision": 1, "status": null, "subject_id": "da6885bc-d2ff-4517-895e-f57e45fd7aef", "typed_payload": {"guard_accepted_at": "2026-10-02T23:24:07.712581+00:00"}}]], "event_association_decisions": [[{"association_family_identity": "fixture-event", "association_state": "MATCHED", "content_hash": "511b6d4dcec8f25d1e1535a6bb01b36126b1ab9f9598e704c8b1fc8989d98b73", "content_schema_version": 1, "effective_at": null, "hash_scheme_version": 1, "id": "e9d60503-1b8f-40f9-8553-73e41e2c48d9", "known_at": null, "recorded_at": "2026-10-02T23:24:07.391812+00:00", "ref_s09_id": null, "ref_s11_id": "ee48ae4d-3d97-4206-8dd3-6772fef6903e", "revision": 1, "status": null, "subject_id": "da6885bc-d2ff-4517-895e-f57e45fd7aef", "typed_payload": {"event_id": "ee48ae4d-3d97-4206-8dd3-6772fef6903e", "fixture_association": "MATCHED"}}]], "evidence_resolutions": [[{"action_parameters_hash": "f863709ebb1218374d5c57e23c2de587f9f616ac436ec20eb3d2f983ed1bb000", "action_type": "TRAINING", "content_hash": "9679bbf4da7a33930f4a77964cba2f210806b1b99cf29d0c652de317e7daf04c", "content_schema_version": 1, "effective_at": null, "hash_scheme_version": 1, "id": "65f3aa29-5f1c-54e8-8786-a3f84bbc8c96", "known_at": null, "query_basis_hash": "5647f3cc867369ec0d679239746ff172da6e36e1b285ae3b6f6c3481099de840", "recorded_at": "2026-10-02T23:24:07.834313+00:00", "ref_s05_id": "5f2c3e7c-bafb-46b4-8de9-ec65bab09165", "ref_s09_id": null, "ref_s12_id": null, "ref_s14_id": null, "ref_s24_id": "b6866368-44f0-4fbd-9c3a-478166ecf5e4", "resolution_expires_at": "2026-10-03T00:24:07.383434+00:00", "resolver_version": "kl076-mechanical-test-v1", "revision": 1, "status": null, "subject_id": "da6885bc-d2ff-4517-895e-f57e45fd7aef", "typed_payload": {"action_parameters_hash": "f863709ebb1218374d5c57e23c2de587f9f616ac436ec20eb3d2f983ed1bb000", "action_type": "TRAINING", "attempt_id": "ba8120ab-3ad0-401d-bed2-531bceab08fd", "captured_epoch": 1, "consistency": "CONSISTENT", "context_hash": "bf9fc7a3065cbac19640c680f998b5471222ad0c026d51c9166a7cb6322b1344", "contradicting_events": [], "coverage": "COMPLETE_FOR_POLICY", "event_association_status": "CONFIRMED", "facts": [{"admission": "ELIGIBLE", "admission_hash": "a879f247178f0ff347df88b4937e541000d35f3fe525136cf8e63b2dbd8bb1e2", "admission_id": "2f184a63-c2fd-440a-a53f-4f988f38ff55", "association": "MATCHED", "association_hash": "511b6d4dcec8f25d1e1535a6bb01b36126b1ab9f9598e704c8b1fc8989d98b73", "association_id": "e9d60503-1b8f-40f9-8553-73e41e2c48d9", "contradicts": false, "effective_at": "2026-10-02T22:24:07.383434+00:00", "event_id": "ee48ae4d-3d97-4206-8dd3-6772fef6903e", "exercise": "fixture:cycle", "fact_hash": "3fe425e92857d4285a8197c8bda8c4dd95dfe6ccf6bdede43efb015d49d45c33", "fact_id": "44a255d0-0763-4730-9dc6-78353d485318", "lower_minutes": 10, "policy_id": "5f2c3e7c-bafb-46b4-8de9-ec65bab09165", "replaces_slot": "prior-slot", "retracted": false, "scope": "TEST_ONLY", "semantic_class": "ACTUAL_EXECUTION", "subject_id": "da6885bc-d2ff-4517-895e-f57e45fd7aef", "upper_minutes": 10, "valid_until": "2026-10-03T00:24:07.383434+00:00"}], "fitness_hash": "d33b6bd3a4e1f764afc6e66ff124373c663db32703671101fdec9c86ede37a51", "fitness_id": "662616f6-4f46-5967-a554-91c5f2ebd81d", "id": "65f3aa29-5f1c-54e8-8786-a3f84bbc8c96", "kind": "RESOLUTION", "manifest_hash": "1638c7dfedb462e97768bb92ec1cb7afb24a4b76bed5bb4ffed77ed5e313911f", "manifest_id": "b6866368-44f0-4fbd-9c3a-478166ecf5e4", "policy_hash": "65a7b7118fa1549fa42b945772b748a54be3cd9d952f54e99bfe0c9126368e36", "policy_id": "5f2c3e7c-bafb-46b4-8de9-ec65bab09165", "request_id": "775b6214-31ca-40de-a332-258d8ff196fd", "request_revision": 1, "resolution_expires_at": "2026-10-03T00:24:07.383434+00:00", "root_id": "f411822d-17e2-46f2-8c59-aa45fc2684a6", "snapshot_id": "f4f92f6f-503b-42d1-b5fe-c3d11f2d9219", "source_hash": "d87d194cbbab4cc191a21fa7f46d3e78a9d300f54d4feb875a7bdafae45c8f03", "source_members": ["2f184a63-c2fd-440a-a53f-4f988f38ff55", "44a255d0-0763-4730-9dc6-78353d485318", "e9d60503-1b8f-40f9-8553-73e41e2c48d9"], "source_ranges": ["2026-10-01T23:24:07.383434+00:00", "2026-10-03T00:24:07.383434+00:00"], "subject_id": "da6885bc-d2ff-4517-895e-f57e45fd7aef", "superseded_or_retracted_items": [], "supporting_events": ["ee48ae4d-3d97-4206-8dd3-6772fef6903e"], "truncation_status": "NOT_TRUNCATED", "version": "kl076-mechanical-test-v1"}}]], "evidence_revisions": [[{"command_authority": "NONE", "content_hash": null, "content_schema_version": 1, "effective_at": null, "hash_scheme_version": 1, "id": "a5eb5d52-d039-4df1-9040-488996976335", "known_at": null, "observation_key": null, "recorded_at": "2026-10-02T23:24:07.388676+00:00", "revision": 1, "source_class": "USER", "source_connection_identity": "kl079-test", "source_object_identity": "fixture-actual", "source_object_type": "actual", "source_revision": "1", "status": null, "subject_id": "da6885bc-d2ff-4517-895e-f57e45fd7aef", "trust_class": "USER_REPORTED", "typed_payload": {}}]], "execution_bindings": [], "factset_members": [[{"action_scope": "TEST_ONLY", "content_hash": null, "content_schema_version": 1, "effective_at": null, "hash_scheme_version": 1, "id": "0dd30e77-2950-5894-8693-d0248465aa18", "known_at": null, "logical_member_key": "fixture-event", "member_kind": "ASSOCIATION", "member_operation": "SET", "recorded_at": "2026-10-02T23:24:07.496652+00:00", "ref_s12_id": "e9d60503-1b8f-40f9-8553-73e41e2c48d9", "ref_s13_id": null, "ref_s14_id": null, "ref_s15_id": "fa59b152-e819-5117-a6e6-a4f36c5f57b1", "ref_s20_id": null, "revision": 1, "status": null, "subject_id": "da6885bc-d2ff-4517-895e-f57e45fd7aef", "typed_payload": {}}], [{"action_scope": "TEST_ONLY", "content_hash": null, "content_schema_version": 1, "effective_at": null, "hash_scheme_version": 1, "id": "16bcca67-7e34-5488-8135-cb4c7f381853", "known_at": null, "logical_member_key": "fixture-actual", "member_kind": "FACT", "member_operation": "SET", "recorded_at": "2026-10-02T23:24:07.506747+00:00", "ref_s12_id": null, "ref_s13_id": null, "ref_s14_id": "44a255d0-0763-4730-9dc6-78353d485318", "ref_s15_id": "fa59b152-e819-5117-a6e6-a4f36c5f57b1", "ref_s20_id": null, "revision": 1, "status": null, "subject_id": "da6885bc-d2ff-4517-895e-f57e45fd7aef", "typed_payload": {}}], [{"action_scope": "TEST_ONLY", "content_hash": null, "content_schema_version": 1, "effective_at": null, "hash_scheme_version": 1, "id": "779069cd-bbb8-556f-99f2-46f656fb7e5c", "known_at": null, "logical_member_key": "fixture-admitted", "member_kind": "ADMISSION", "member_operation": "SET", "recorded_at": "2026-10-02T23:24:07.502002+00:00", "ref_s12_id": null, "ref_s13_id": "2f184a63-c2fd-440a-a53f-4f988f38ff55", "ref_s14_id": null, "ref_s15_id": "fa59b152-e819-5117-a6e6-a4f36c5f57b1", "ref_s20_id": null, "revision": 1, "status": null, "subject_id": "da6885bc-d2ff-4517-895e-f57e45fd7aef", "typed_payload": {}}]], "factset_revisions": [[{"completed_member_revision": 3, "content_hash": null, "content_schema_version": 1, "delta_depth": 0, "effective_at": null, "factset_identity": "kl023:source", "hash_scheme_version": 1, "id": "fa59b152-e819-5117-a6e6-a4f36c5f57b1", "known_at": null, "member_revision": 3, "membership_digest": "a4104b0010fd64981136339899149f889473a18226575e5eb7c4e931d2933790", "recorded_at": "2026-10-02T23:24:07.492181+00:00", "ref_s12_id": null, "ref_s13_id": null, "ref_s20_id": null, "revision": 1, "sealed_at": "2026-10-02T23:24:07.522814+00:00", "status": "SEALED", "storage_mode": "FULL", "subject_id": "da6885bc-d2ff-4517-895e-f57e45fd7aef", "typed_payload": {"basis_version": "kl015-v1", "build_replays": {"5de6ca65637a7d32e661cfbd11f0aee665b69467f7789a22ac7b11acbb4020cb": {"outcome": {"build_id": "fa59b152-e819-5117-a6e6-a4f36c5f57b1", "builder_identity": "test:3940f128-3cf9-4080-bdce-e03311b19c17", "captured_epoch": 1, "captured_input_frontier": "b0b5570d4051cfbb9fc2cd78c62ae225334904fa765a964a62e169ba80dd2042", "completed_member_revision": 3, "completion_certificate": "11b383d23501c154a32a2682b77ee182f84e865911558b73304fb38f5b66418b", "completion_identity": "af7ec2c15004dd78cf0ab74b4b2f9d349f536c04749432f2dea5f7728d5ceda5", "domain_basis_digest": "211d87b44e187aabd75feeba197e4a15b64a29c90745e8fe1f4b4f8dbd6aabaf", "mapping_revision_id": null, "max_delta_depth": 1, "member_count": 3, "membership_digest": "a4104b0010fd64981136339899149f889473a18226575e5eb7c4e931d2933790", "parent_factset_id": null, "policy_id": "5f2c3e7c-bafb-46b4-8de9-ec65bab09165", "program_revision_id": "224f1af8-8343-4881-acc2-ae31b125ee1f"}, "request_hash": "d8fc0225ed812826ded8d77ddfd102f12177410533a4d1a8bf91b88293a66a54"}, "76c7c95188e84cec53aee4016598ff1319caa9a8aadd45d44f13a0c2a34b055f": {"outcome": {"build_id": "fa59b152-e819-5117-a6e6-a4f36c5f57b1", "member_id": "0dd30e77-2950-5894-8693-d0248465aa18", "member_revision": 1}, "request_hash": "e9563a87142fe9d6db6491162b893f5fddc6e86eaa9e1a8fdc76049dd12f80b9"}, "89187d8028342bc649e3e49a6910cdb9e5689d7484f134e4acffb5109d84f901": {"outcome": {"build_id": "fa59b152-e819-5117-a6e6-a4f36c5f57b1", "delta_depth": 0, "member_revision": 0, "storage_mode": "FULL"}, "request_hash": "02140dc6c050fbb3f2513f69d304710c6b8e7600ddb716447b3b7cfd2f930b30"}, "c1ebc98239ca16998918ea2a62b0c3f753a49e672ff0eef665447bbe276a88b2": {"outcome": {"build_id": "fa59b152-e819-5117-a6e6-a4f36c5f57b1", "member_id": "779069cd-bbb8-556f-99f2-46f656fb7e5c", "member_revision": 2}, "request_hash": "fe89f805169f57f0bd0dda2b0a83d2e76f8ee6ff63066fb6d101673e598a097a"}, "cf89e37686137ac99fab9f491c1accb9db302079e8acc2675e7bfc3f3f7be071": {"outcome": {"build_id": "fa59b152-e819-5117-a6e6-a4f36c5f57b1", "member_id": "16bcca67-7e34-5488-8135-cb4c7f381853", "member_revision": 3}, "request_hash": "baf8b160185bacbc84d1cb205aaf65f44a03de7e89a33352db6652684efb480e"}}, "builder_identity": "test:3940f128-3cf9-4080-bdce-e03311b19c17", "captured_epoch": 1, "captured_input_frontier": "b0b5570d4051cfbb9fc2cd78c62ae225334904fa765a964a62e169ba80dd2042", "checkpoint": [], "completion_certificate": "11b383d23501c154a32a2682b77ee182f84e865911558b73304fb38f5b66418b", "completion_identity": "af7ec2c15004dd78cf0ab74b4b2f9d349f536c04749432f2dea5f7728d5ceda5", "completion_outcome": {"build_id": "fa59b152-e819-5117-a6e6-a4f36c5f57b1", "builder_identity": "test:3940f128-3cf9-4080-bdce-e03311b19c17", "captured_epoch": 1, "captured_input_frontier": "b0b5570d4051cfbb9fc2cd78c62ae225334904fa765a964a62e169ba80dd2042", "completed_member_revision": 3, "completion_certificate": "11b383d23501c154a32a2682b77ee182f84e865911558b73304fb38f5b66418b", "completion_identity": "af7ec2c15004dd78cf0ab74b4b2f9d349f536c04749432f2dea5f7728d5ceda5", "domain_basis_digest": "211d87b44e187aabd75feeba197e4a15b64a29c90745e8fe1f4b4f8dbd6aabaf", "mapping_revision_id": null, "max_delta_depth": 1, "member_count": 3, "membership_digest": "a4104b0010fd64981136339899149f889473a18226575e5eb7c4e931d2933790", "parent_factset_id": null, "policy_id": "5f2c3e7c-bafb-46b4-8de9-ec65bab09165", "program_revision_id": "224f1af8-8343-4881-acc2-ae31b125ee1f"}, "domain_basis": {"admissions": ["2f184a63-c2fd-440a-a53f-4f988f38ff55"], "associations": ["e9d60503-1b8f-40f9-8553-73e41e2c48d9"], "effective_scope": "TEST_ONLY", "knowledge_boundary": "2026-10-02T23:24:07.383434+00:00", "mappings": []}, "domain_basis_digest": "211d87b44e187aabd75feeba197e4a15b64a29c90745e8fe1f4b4f8dbd6aabaf", "mapping_revision_id": null, "max_delta_depth": 1, "member_count": 3, "parent_factset_id": null, "policy_id": "5f2c3e7c-bafb-46b4-8de9-ec65bab09165", "program_revision_id": "224f1af8-8343-4881-acc2-ae31b125ee1f"}}]], "manifest_builds": [[{"build_identity": "kl078:build", "captured_epoch": 1, "captured_input_frontier": "b0b5570d4051cfbb9fc2cd78c62ae225334904fa765a964a62e169ba80dd2042", "content_hash": null, "content_schema_version": 1, "effective_at": null, "error_code": null, "hash_scheme_version": 1, "id": "61c354a1-b74b-546b-972d-80677f11879f", "known_at": null, "recorded_at": "2026-10-02T23:24:07.541954+00:00", "ref_s05_id": "5f2c3e7c-bafb-46b4-8de9-ec65bab09165", "ref_s06_id": "224f1af8-8343-4881-acc2-ae31b125ee1f", "ref_s15_id": "fa59b152-e819-5117-a6e6-a4f36c5f57b1", "ref_s21_id": "80020a84-c023-5ea1-b512-7414bd53d6c5", "revision": 1, "status": "PUBLISHED", "subject_id": "da6885bc-d2ff-4517-895e-f57e45fd7aef", "typed_payload": {"artifact_closure_ids": ["155965e2-5bcc-45ff-baae-d8075ef0fb93", "279cee0f-4874-4018-8d06-2e7594dc9f6d", "b6d36ff4-f1cc-44e5-b175-36b2c8408ea2", "d4b9071f-07fc-439f-8ce3-d18010c74f2c"], "artifact_dependency_closure_hash": "5f2fc57d3b6e625250860da7b4507f12ec189ce9968e69fe720d8502af7e24df", "artifact_root_ids": ["b6d36ff4-f1cc-44e5-b175-36b2c8408ea2"], "dependency_basis_hash": "ee88b17585d1fbbddaec1409eda7fdb6b178ded4edce162056af4903ce501674", "manifest_hash": "1638c7dfedb462e97768bb92ec1cb7afb24a4b76bed5bb4ffed77ed5e313911f", "preparation": {"begin_outcome": {"build_id": "61c354a1-b74b-546b-972d-80677f11879f", "executable": false, "status": "BUILDING"}, "complete_outcome": {"artifact_dependency_closure_hash": "5f2fc57d3b6e625250860da7b4507f12ec189ce9968e69fe720d8502af7e24df", "build_id": "61c354a1-b74b-546b-972d-80677f11879f", "dependency_basis_hash": "ee88b17585d1fbbddaec1409eda7fdb6b178ded4edce162056af4903ce501674", "executable": false, "manifest_hash": "1638c7dfedb462e97768bb92ec1cb7afb24a4b76bed5bb4ffed77ed5e313911f", "status": "READY"}, "owner": "test:3940f128-3cf9-4080-bdce-e03311b19c17", "request": {"artifact_roots": ["b6d36ff4-f1cc-44e5-b175-36b2c8408ea2"], "bindings": [{"projection_id": "80020a84-c023-5ea1-b512-7414bd53d6c5", "role": "EXPOSURE"}], "key": "build", "source": {"catalog_id": null, "epoch": 1, "factset_id": "fa59b152-e819-5117-a6e6-a4f36c5f57b1", "frontier": "b0b5570d4051cfbb9fc2cd78c62ae225334904fa765a964a62e169ba80dd2042", "mapping_id": null, "policy_id": "5f2c3e7c-bafb-46b4-8de9-ec65bab09165", "program_id": "224f1af8-8343-4881-acc2-ae31b125ee1f", "source_hash": "3f07745df601990daf99230d9a6fc03dd8bebba5e93318856c45d150458d89c7"}}, "request_hash": "0837a63dbfa0fc967f9197aa14af7dbcc520566a2dc12644a70b37df6c616eb6", "version": "kl078-v1"}, "projection_bindings": [{"basis_hash": "9c0eb5aca603c2e41506c3161398c050ffc9411ab62d0c679f427c84edc6836f", "id": "80020a84-c023-5ea1-b512-7414bd53d6c5", "role": "EXPOSURE"}]}}]], "manifest_projection_bindings": [[{"content_hash": null, "content_schema_version": 1, "effective_at": null, "hash_scheme_version": 1, "id": "2668970d-a9f5-43cf-811b-720c738fac77", "known_at": null, "projection_role": "EXPOSURE", "recorded_at": "2026-10-02T23:24:07.556297+00:00", "ref_s21_id": "80020a84-c023-5ea1-b512-7414bd53d6c5", "ref_s24_id": "b6866368-44f0-4fbd-9c3a-478166ecf5e4", "revision": 1, "status": null, "subject_id": "da6885bc-d2ff-4517-895e-f57e45fd7aef", "typed_payload": {}, "unavailable_reason": null, "validated_basis_hash": "9c0eb5aca603c2e41506c3161398c050ffc9411ab62d0c679f427c84edc6836f"}]], "outbox_deliveries": [[{"attempt_count": 0, "content_hash": null, "content_schema_version": 1, "delivery_status": "PENDING", "destination": "planning", "effective_at": null, "hash_scheme_version": 1, "id": "00e8c1b8-431f-43ef-a443-f59962294917", "known_at": null, "next_attempt_at": null, "recorded_at": "2026-10-02T23:24:07.65435+00:00", "ref_s03_id": "f40c03d9-ff9e-4957-827b-04da8a98edcf", "revision": 1, "status": null, "subject_id": "da6885bc-d2ff-4517-895e-f57e45fd7aef", "typed_payload": {}}], [{"attempt_count": 0, "content_hash": null, "content_schema_version": 1, "delivery_status": "PENDING", "destination": "planning", "effective_at": null, "hash_scheme_version": 1, "id": "0baf23f2-a574-44ca-a595-2ac9b85b8187", "known_at": null, "next_attempt_at": null, "recorded_at": "2026-10-02T23:24:07.804594+00:00", "ref_s03_id": "547f938a-0ade-46d1-9bfa-765199e88213", "revision": 1, "status": null, "subject_id": "da6885bc-d2ff-4517-895e-f57e45fd7aef", "typed_payload": {}}], [{"attempt_count": 0, "content_hash": null, "content_schema_version": 1, "delivery_status": "PENDING", "destination": "planning", "effective_at": null, "hash_scheme_version": 1, "id": "157210aa-00f9-46e1-9d6c-c4e1b45e1c2f", "known_at": null, "next_attempt_at": null, "recorded_at": "2026-10-02T23:24:07.870929+00:00", "ref_s03_id": "d33a7915-b48c-4f1f-b4ae-ffdfb61af29c", "revision": 1, "status": null, "subject_id": "da6885bc-d2ff-4517-895e-f57e45fd7aef", "typed_payload": {}}], [{"attempt_count": 0, "content_hash": null, "content_schema_version": 1, "delivery_status": "PENDING", "destination": "evidence", "effective_at": null, "hash_scheme_version": 1, "id": "4e2ef860-70e7-4041-840e-6590d3b29d98", "known_at": null, "next_attempt_at": null, "recorded_at": "2026-10-02T23:24:07.456155+00:00", "ref_s03_id": "0b3622f4-f029-402d-8647-b76044e06888", "revision": 1, "status": null, "subject_id": "da6885bc-d2ff-4517-895e-f57e45fd7aef", "typed_payload": {}}], [{"attempt_count": 0, "content_hash": null, "content_schema_version": 1, "delivery_status": "PENDING", "destination": "execution", "effective_at": null, "hash_scheme_version": 1, "id": "55ccd2d0-9277-46cc-9e34-42712038dc23", "known_at": null, "next_attempt_at": null, "recorded_at": "2026-10-02T23:24:07.556297+00:00", "ref_s03_id": "04909e60-4ff4-417f-b50b-54bdb1b3459c", "revision": 1, "status": null, "subject_id": "da6885bc-d2ff-4517-895e-f57e45fd7aef", "typed_payload": {}}], [{"attempt_count": 0, "content_hash": null, "content_schema_version": 1, "delivery_status": "PENDING", "destination": "planning", "effective_at": null, "hash_scheme_version": 1, "id": "5aea9500-368c-4404-8e07-b1abd4aa791e", "known_at": null, "next_attempt_at": null, "recorded_at": "2026-10-02T23:24:07.789001+00:00", "ref_s03_id": "f30c41ca-b5c8-48cd-a300-f7a5137932aa", "revision": 1, "status": null, "subject_id": "da6885bc-d2ff-4517-895e-f57e45fd7aef", "typed_payload": {}}], [{"attempt_count": 0, "content_hash": null, "content_schema_version": 1, "delivery_status": "PENDING", "destination": "planning", "effective_at": null, "hash_scheme_version": 1, "id": "5dfd103a-48f5-45f4-8579-bd4bfa4c3008", "known_at": null, "next_attempt_at": null, "recorded_at": "2026-10-02T23:24:07.623874+00:00", "ref_s03_id": "6ccb1671-22e6-4dfd-a562-44b8c9744921", "revision": 1, "status": null, "subject_id": "da6885bc-d2ff-4517-895e-f57e45fd7aef", "typed_payload": {}}], [{"attempt_count": 0, "content_hash": null, "content_schema_version": 1, "delivery_status": "PENDING", "destination": "planning", "effective_at": null, "hash_scheme_version": 1, "id": "63d481a8-d627-4b42-87ed-67954be13171", "known_at": null, "next_attempt_at": null, "recorded_at": "2026-10-02T23:24:07.608801+00:00", "ref_s03_id": "39492b25-a503-4c9e-bc72-3e867bc3e90f", "revision": 1, "status": null, "subject_id": "da6885bc-d2ff-4517-895e-f57e45fd7aef", "typed_payload": {}}], [{"attempt_count": 0, "content_hash": null, "content_schema_version": 1, "delivery_status": "PENDING", "destination": "planning", "effective_at": null, "hash_scheme_version": 1, "id": "66e59d40-7641-47f2-91ad-55cb9f4fad7d", "known_at": null, "next_attempt_at": null, "recorded_at": "2026-10-02T23:24:07.691699+00:00", "ref_s03_id": "103a2311-dec1-4d41-b2b0-dc1493274663", "revision": 1, "status": null, "subject_id": "da6885bc-d2ff-4517-895e-f57e45fd7aef", "typed_payload": {}}], [{"attempt_count": 0, "content_hash": null, "content_schema_version": 1, "delivery_status": "PENDING", "destination": "planning", "effective_at": null, "hash_scheme_version": 1, "id": "71a5d196-3639-46ae-b4cf-7409fc7050ac", "known_at": null, "next_attempt_at": null, "recorded_at": "2026-10-02T23:24:07.634041+00:00", "ref_s03_id": "c5ac692a-aa0d-430e-aa30-912f057ffbb9", "revision": 1, "status": null, "subject_id": "da6885bc-d2ff-4517-895e-f57e45fd7aef", "typed_payload": {}}], [{"attempt_count": 0, "content_hash": null, "content_schema_version": 1, "delivery_status": "PENDING", "destination": "planning", "effective_at": null, "hash_scheme_version": 1, "id": "75e6979a-6761-4f3a-927c-8a87bea05203", "known_at": null, "next_attempt_at": null, "recorded_at": "2026-10-02T23:24:07.889392+00:00", "ref_s03_id": "2c9783c1-b742-4314-b558-070ed22270bb", "revision": 1, "status": null, "subject_id": "da6885bc-d2ff-4517-895e-f57e45fd7aef", "typed_payload": {}}], [{"attempt_count": 0, "content_hash": null, "content_schema_version": 1, "delivery_status": "PENDING", "destination": "planning", "effective_at": null, "hash_scheme_version": 1, "id": "7687347f-742a-4713-8b00-022ba428c3e8", "known_at": null, "next_attempt_at": null, "recorded_at": "2026-10-02T23:24:07.572234+00:00", "ref_s03_id": "bfe13921-8ce9-4067-8f71-b83f4f5209e5", "revision": 1, "status": null, "subject_id": "da6885bc-d2ff-4517-895e-f57e45fd7aef", "typed_payload": {}}], [{"attempt_count": 0, "content_hash": null, "content_schema_version": 1, "delivery_status": "PENDING", "destination": "planning", "effective_at": null, "hash_scheme_version": 1, "id": "94bb9d12-881b-4040-9612-960846d6d1ce", "known_at": null, "next_attempt_at": null, "recorded_at": "2026-10-02T23:24:07.644115+00:00", "ref_s03_id": "a0847b65-6a3f-4175-bd35-d1526514890e", "revision": 1, "status": null, "subject_id": "da6885bc-d2ff-4517-895e-f57e45fd7aef", "typed_payload": {}}], [{"attempt_count": 0, "content_hash": null, "content_schema_version": 1, "delivery_status": "PENDING", "destination": "planning", "effective_at": null, "hash_scheme_version": 1, "id": "ab12f042-fb39-461f-9e39-10b8ffdeab1c", "known_at": null, "next_attempt_at": null, "recorded_at": "2026-10-02T23:24:07.707208+00:00", "ref_s03_id": "fa191175-1934-43bd-9f67-3f32cae1e4a0", "revision": 1, "status": null, "subject_id": "da6885bc-d2ff-4517-895e-f57e45fd7aef", "typed_payload": {}}], [{"attempt_count": 0, "content_hash": null, "content_schema_version": 1, "delivery_status": "PENDING", "destination": "planning", "effective_at": null, "hash_scheme_version": 1, "id": "b290c2c0-2fef-403b-8e3e-3b4625500c5a", "known_at": null, "next_attempt_at": null, "recorded_at": "2026-10-02T23:24:07.754882+00:00", "ref_s03_id": "e1fa8fd4-eea7-4166-bd0f-8414390cda59", "revision": 1, "status": null, "subject_id": "da6885bc-d2ff-4517-895e-f57e45fd7aef", "typed_payload": {}}], [{"attempt_count": 0, "content_hash": null, "content_schema_version": 1, "delivery_status": "PENDING", "destination": "planning", "effective_at": null, "hash_scheme_version": 1, "id": "bc9c68a3-7169-4e70-ac66-3589445b0f45", "known_at": null, "next_attempt_at": null, "recorded_at": "2026-10-02T23:24:07.740497+00:00", "ref_s03_id": "4f185c3e-0266-4184-a126-6ea847805de0", "revision": 1, "status": null, "subject_id": "da6885bc-d2ff-4517-895e-f57e45fd7aef", "typed_payload": {}}], [{"attempt_count": 0, "content_hash": null, "content_schema_version": 1, "delivery_status": "PENDING", "destination": "canonical", "effective_at": null, "hash_scheme_version": 1, "id": "bf18efa5-fdd9-46a2-b248-638a165e0097", "known_at": null, "next_attempt_at": null, "recorded_at": "2026-10-02T23:24:07.519951+00:00", "ref_s03_id": "9a39a818-29d5-4b0d-a1c3-881bcfa9c492", "revision": 1, "status": null, "subject_id": "da6885bc-d2ff-4517-895e-f57e45fd7aef", "typed_payload": {}}], [{"attempt_count": 0, "content_hash": null, "content_schema_version": 1, "delivery_status": "PENDING", "destination": "planning", "effective_at": null, "hash_scheme_version": 1, "id": "c5651294-c074-4067-8bce-67813876c08e", "known_at": null, "next_attempt_at": null, "recorded_at": "2026-10-02T23:24:07.834313+00:00", "ref_s03_id": "6ddc9022-0772-4784-aba1-6f42d1446e87", "revision": 1, "status": null, "subject_id": "da6885bc-d2ff-4517-895e-f57e45fd7aef", "typed_payload": {}}]], "planning_attempts": [[{"attempt_no": 1, "captured_epoch": 1, "completed_at": null, "content_hash": null, "content_schema_version": 1, "effective_at": null, "failure_code": null, "fence_token": 1, "hash_scheme_version": 1, "id": "ba8120ab-3ad0-401d-bed2-531bceab08fd", "known_at": null, "recorded_at": "2026-10-02T23:24:07.572234+00:00", "ref_s24_id": "b6866368-44f0-4fbd-9c3a-478166ecf5e4", "ref_s27_id": "f411822d-17e2-46f2-8c59-aa45fc2684a6", "ref_s28_id": "775b6214-31ca-40de-a332-258d8ff196fd", "revision": 1, "snapshot_id": "f4f92f6f-503b-42d1-b5fe-c3d11f2d9219", "started_at": "2026-10-02T23:24:07.628832+00:00", "status": "COMMIT_READY", "subject_id": "da6885bc-d2ff-4517-895e-f57e45fd7aef", "typed_payload": {"progress_sources": {"demand": {"hash": "d64019022153aab0e117a2931f8b15fff0e42b3704561951160be1a4a80b8b35", "id": "456accf0-e0b6-5d3d-9dde-e1bc02385f3b"}, "fitness": {"hash": "d33b6bd3a4e1f764afc6e66ff124373c663db32703671101fdec9c86ede37a51", "id": "662616f6-4f46-5967-a554-91c5f2ebd81d"}, "nutrition": {"hash": "8d3097ac51bd3410b4b8cd50e917668e8079c7428bf203a819ecfbcf149746e1", "id": "e282a9cb-cf71-5da3-8c15-c0c708a4de60"}, "resolution": {"hash": "9679bbf4da7a33930f4a77964cba2f210806b1b99cf29d0c652de317e7daf04c", "id": "65f3aa29-5f1c-54e8-8786-a3f84bbc8c96"}, "snapshot": {"hash": "bf9fc7a3065cbac19640c680f998b5471222ad0c026d51c9166a7cb6322b1344", "id": "f4f92f6f-503b-42d1-b5fe-c3d11f2d9219"}, "validation": {"hash": "17ddd1ad8844a999350cc04e758cb7fe75a4c046262caa859637a3e736d59fa3", "id": "6593d930-4454-5fd6-98cf-d16fd5159704"}}}}]], "planning_intents": [[{"content_hash": null, "content_schema_version": 1, "current_attempt_id": "ba8120ab-3ad0-401d-bed2-531bceab08fd", "current_request_revision_id": "775b6214-31ca-40de-a332-258d8ff196fd", "deadline": "2026-10-03T00:24:07.573557+00:00", "effective_at": null, "fence_token": 1, "hash_scheme_version": 1, "id": "f411822d-17e2-46f2-8c59-aa45fc2684a6", "known_at": null, "lease_expires_at": "2026-10-02T23:34:07.61277+00:00", "lease_owner": "test:3940f128-3cf9-4080-bdce-e03311b19c17", "local_date": "2026-10-02", "purpose": "TRAINING", "recorded_at": "2026-10-02T23:24:07.572234+00:00", "result_authorization_id": null, "result_bundle_revision_id": null, "revision": 1, "root_request_identity": "test:3940f128-3cf9-4080-bdce-e03311b19c17:admit", "stale_restart_count": 0, "status": "RUNNING", "subject_id": "da6885bc-d2ff-4517-895e-f57e45fd7aef", "typed_payload": {"admission_policy_id": "5f2c3e7c-bafb-46b4-8de9-ec65bab09165", "admission_policy_version": "kl024-v1", "limits": {"calls": 3, "tokens": 1000, "tools": 10}, "reserved": {"calls": 0, "tokens": 0, "tools": 0}, "settled": {"calls": 0, "tokens": 0, "tools": 0}}}]], "planning_request_revisions": [[{"constraint_fingerprint": "cdb96d056a58207ead96498c2c39410f5dd2319b2eac02976f88f44487f457b3", "content_hash": null, "content_schema_version": 1, "effective_at": null, "hash_scheme_version": 1, "id": "775b6214-31ca-40de-a332-258d8ff196fd", "known_at": null, "normalization_version": "kl024-v1", "recorded_at": "2026-10-02T23:24:07.572234+00:00", "ref_s02_id": "c071a7a7-e6df-40c0-94ad-341275b9caff", "ref_s27_id": "f411822d-17e2-46f2-8c59-aa45fc2684a6", "request_revision": 1, "revision": 1, "status": null, "subject_id": "da6885bc-d2ff-4517-895e-f57e45fd7aef", "typed_payload": {"calendar_policy": "test:UTC-v1", "constraints": {"equipment": [], "minutes": 30}, "explicit": true, "input_frontier": "b0b5570d4051cfbb9fc2cd78c62ae225334904fa765a964a62e169ba80dd2042", "trigger": "USER_REQUEST"}}]], "prescription_demand_features": [[{"basis_hash": "d33b6bd3a4e1f764afc6e66ff124373c663db32703671101fdec9c86ede37a51", "content_hash": "d64019022153aab0e117a2931f8b15fff0e42b3704561951160be1a4a80b8b35", "content_schema_version": 1, "effective_at": null, "feature_hash": "d64019022153aab0e117a2931f8b15fff0e42b3704561951160be1a4a80b8b35", "hash_scheme_version": 1, "id": "456accf0-e0b6-5d3d-9dde-e1bc02385f3b", "known_at": null, "method_version": "kl076-mechanical-test-v1", "recorded_at": "2026-10-02T23:24:07.740497+00:00", "ref_s34_id": "662616f6-4f46-5967-a554-91c5f2ebd81d", "revision": 1, "status": null, "subject_id": "da6885bc-d2ff-4517-895e-f57e45fd7aef", "typed_payload": {"attempt_id": "ba8120ab-3ad0-401d-bed2-531bceab08fd", "captured_epoch": 1, "context_hash": "bf9fc7a3065cbac19640c680f998b5471222ad0c026d51c9166a7cb6322b1344", "estimate_interval": [60, 61], "fitness_hash": "d33b6bd3a4e1f764afc6e66ff124373c663db32703671101fdec9c86ede37a51", "fitness_id": "662616f6-4f46-5967-a554-91c5f2ebd81d", "id": "456accf0-e0b6-5d3d-9dde-e1bc02385f3b", "kind": "DEMAND", "manifest_id": "b6866368-44f0-4fbd-9c3a-478166ecf5e4", "method_version": "kl076-mechanical-test-v1", "policy_hash": "65a7b7118fa1549fa42b945772b748a54be3cd9d952f54e99bfe0c9126368e36", "policy_id": "5f2c3e7c-bafb-46b4-8de9-ec65bab09165", "prescribed_minutes": 30, "request_id": "775b6214-31ca-40de-a332-258d8ff196fd", "request_revision": 1, "root_id": "f411822d-17e2-46f2-8c59-aa45fc2684a6", "semantic_classes": [["prescribed_minutes", "PRESCRIBED_QUANTITY"], ["target_units", "TARGET"], ["estimate_interval", "ESTIMATE"]], "snapshot_id": "f4f92f6f-503b-42d1-b5fe-c3d11f2d9219", "subject_id": "da6885bc-d2ff-4517-895e-f57e45fd7aef", "target_units": 30, "version": "kl076-mechanical-test-v1", "window": ["2026-10-01T23:24:07.383434+00:00", "2026-10-03T00:24:07.383434+00:00"]}}]], "prescription_revisions": [], "projection_dependencies": [[{"collection_signature": null, "content_hash": null, "content_schema_version": 1, "dependency_kind": "ENGINE", "dependency_semantic_key": "test:kl079-engine-da6885bc-d2ff-4517-895e-f57e45fd7aef:1", "effective_at": null, "hash_scheme_version": 1, "id": "1cba3947-23c4-5dac-88da-5e5fccdc5b4f", "known_at": null, "recorded_at": "2026-10-02T23:24:07.52944+00:00", "ref_s05_id": null, "ref_s06_id": null, "ref_s14_id": null, "ref_s15_id": null, "ref_s19_id": null, "ref_s20_id": null, "ref_s21_id": "80020a84-c023-5ea1-b512-7414bd53d6c5", "revision": 1, "status": null, "subject_id": "da6885bc-d2ff-4517-895e-f57e45fd7aef", "typed_payload": {"collection_digest": null, "source_hash": "3f07745df601990daf99230d9a6fc03dd8bebba5e93318856c45d150458d89c7", "window": ["2026-10-01T23:24:07.383434+00:00", "2026-10-03T00:24:07.383434+00:00"]}}], [{"collection_signature": null, "content_hash": null, "content_schema_version": 1, "dependency_kind": "FACT", "dependency_semantic_key": "actual-member", "effective_at": null, "hash_scheme_version": 1, "id": "900ad528-e645-5c0b-b51d-cb7994d86ede", "known_at": null, "recorded_at": "2026-10-02T23:24:07.52944+00:00", "ref_s05_id": null, "ref_s06_id": null, "ref_s14_id": "44a255d0-0763-4730-9dc6-78353d485318", "ref_s15_id": null, "ref_s19_id": null, "ref_s20_id": null, "ref_s21_id": "80020a84-c023-5ea1-b512-7414bd53d6c5", "revision": 1, "status": null, "subject_id": "da6885bc-d2ff-4517-895e-f57e45fd7aef", "typed_payload": {"collection_digest": null, "source_hash": "3f07745df601990daf99230d9a6fc03dd8bebba5e93318856c45d150458d89c7", "window": ["2026-10-01T23:24:07.383434+00:00", "2026-10-03T00:24:07.383434+00:00"]}}], [{"collection_signature": "all-fixture-facts-and-absence:v1", "content_hash": null, "content_schema_version": 1, "dependency_kind": "COLLECTION", "dependency_semantic_key": "fixture-facts", "effective_at": null, "hash_scheme_version": 1, "id": "9b17e4d1-a091-566b-944a-713d3fe424d2", "known_at": null, "recorded_at": "2026-10-02T23:24:07.52944+00:00", "ref_s05_id": null, "ref_s06_id": null, "ref_s14_id": null, "ref_s15_id": "fa59b152-e819-5117-a6e6-a4f36c5f57b1", "ref_s19_id": null, "ref_s20_id": null, "ref_s21_id": "80020a84-c023-5ea1-b512-7414bd53d6c5", "revision": 1, "status": null, "subject_id": "da6885bc-d2ff-4517-895e-f57e45fd7aef", "typed_payload": {"collection_digest": "3f07745df601990daf99230d9a6fc03dd8bebba5e93318856c45d150458d89c7", "source_hash": "3f07745df601990daf99230d9a6fc03dd8bebba5e93318856c45d150458d89c7", "window": ["2026-10-01T23:24:07.383434+00:00", "2026-10-03T00:24:07.383434+00:00"]}}], [{"collection_signature": null, "content_hash": null, "content_schema_version": 1, "dependency_kind": "FACTSET", "dependency_semantic_key": "sealed-input", "effective_at": null, "hash_scheme_version": 1, "id": "cca7fe6e-9a3c-5132-a090-3210d820c03b", "known_at": null, "recorded_at": "2026-10-02T23:24:07.52944+00:00", "ref_s05_id": null, "ref_s06_id": null, "ref_s14_id": null, "ref_s15_id": "fa59b152-e819-5117-a6e6-a4f36c5f57b1", "ref_s19_id": null, "ref_s20_id": null, "ref_s21_id": "80020a84-c023-5ea1-b512-7414bd53d6c5", "revision": 1, "status": null, "subject_id": "da6885bc-d2ff-4517-895e-f57e45fd7aef", "typed_payload": {"collection_digest": null, "source_hash": "3f07745df601990daf99230d9a6fc03dd8bebba5e93318856c45d150458d89c7", "window": ["2026-10-01T23:24:07.383434+00:00", "2026-10-03T00:24:07.383434+00:00"]}}], [{"collection_signature": null, "content_hash": null, "content_schema_version": 1, "dependency_kind": "PROGRAM", "dependency_semantic_key": "selected-program", "effective_at": null, "hash_scheme_version": 1, "id": "d2cf34cc-429b-56b8-8fb3-925fdf8af40e", "known_at": null, "recorded_at": "2026-10-02T23:24:07.52944+00:00", "ref_s05_id": null, "ref_s06_id": "224f1af8-8343-4881-acc2-ae31b125ee1f", "ref_s14_id": null, "ref_s15_id": null, "ref_s19_id": null, "ref_s20_id": null, "ref_s21_id": "80020a84-c023-5ea1-b512-7414bd53d6c5", "revision": 1, "status": null, "subject_id": "da6885bc-d2ff-4517-895e-f57e45fd7aef", "typed_payload": {"collection_digest": null, "source_hash": "3f07745df601990daf99230d9a6fc03dd8bebba5e93318856c45d150458d89c7", "window": ["2026-10-01T23:24:07.383434+00:00", "2026-10-03T00:24:07.383434+00:00"]}}], [{"collection_signature": null, "content_hash": null, "content_schema_version": 1, "dependency_kind": "POLICY", "dependency_semantic_key": "selected-policy", "effective_at": null, "hash_scheme_version": 1, "id": "edea8d75-f63b-5c95-b8c7-8c2d449fdde0", "known_at": null, "recorded_at": "2026-10-02T23:24:07.52944+00:00", "ref_s05_id": "5f2c3e7c-bafb-46b4-8de9-ec65bab09165", "ref_s06_id": null, "ref_s14_id": null, "ref_s15_id": null, "ref_s19_id": null, "ref_s20_id": null, "ref_s21_id": "80020a84-c023-5ea1-b512-7414bd53d6c5", "revision": 1, "status": null, "subject_id": "da6885bc-d2ff-4517-895e-f57e45fd7aef", "typed_payload": {"collection_digest": null, "source_hash": "3f07745df601990daf99230d9a6fc03dd8bebba5e93318856c45d150458d89c7", "window": ["2026-10-01T23:24:07.383434+00:00", "2026-10-03T00:24:07.383434+00:00"]}}]], "projection_versions": [[{"computed_at": "2026-10-02T23:24:07.537505+00:00", "content_hash": "536a4989a8ac627eda8bff97a3d5a88858e2cc5d1d05c47004823937d7a7c038", "content_schema_version": 1, "effective_at": null, "hash_scheme_version": 1, "id": "80020a84-c023-5ea1-b512-7414bd53d6c5", "input_basis_hash": "9c0eb5aca603c2e41506c3161398c050ffc9411ab62d0c679f427c84edc6836f", "known_at": null, "projection_kind": "EXPOSURE", "recorded_at": "2026-10-02T23:24:07.52944+00:00", "revision": 1, "status": null, "subject_id": "da6885bc-d2ff-4517-895e-f57e45fd7aef", "typed_payload": {"preparation": {"engine": {"artifact_id": "b6d36ff4-f1cc-44e5-b175-36b2c8408ea2", "artifact_identity": "test:kl079-engine-da6885bc-d2ff-4517-895e-f57e45fd7aef", "artifact_kind": "POLICY_BUNDLE", "artifact_version": "1", "content_hash": "65a7b7118fa1549fa42b945772b748a54be3cd9d952f54e99bfe0c9126368e36"}, "outcome": {"dependency_ids": ["1cba3947-23c4-5dac-88da-5e5fccdc5b4f", "900ad528-e645-5c0b-b51d-cb7994d86ede", "9b17e4d1-a091-566b-944a-713d3fe424d2", "cca7fe6e-9a3c-5132-a090-3210d820c03b", "d2cf34cc-429b-56b8-8fb3-925fdf8af40e", "edea8d75-f63b-5c95-b8c7-8c2d449fdde0"], "executable": false, "input_basis_hash": "9c0eb5aca603c2e41506c3161398c050ffc9411ab62d0c679f427c84edc6836f", "projection_id": "80020a84-c023-5ea1-b512-7414bd53d6c5", "revision": 1}, "owner": "test:3940f128-3cf9-4080-bdce-e03311b19c17", "request_hash": "62c465a1a1d95d11ddb02917672f37f158994b2bbbd90b204159331d5792f492", "source": {"catalog_id": null, "epoch": 1, "factset_id": "fa59b152-e819-5117-a6e6-a4f36c5f57b1", "frontier": "b0b5570d4051cfbb9fc2cd78c62ae225334904fa765a964a62e169ba80dd2042", "mapping_id": null, "policy_id": "5f2c3e7c-bafb-46b4-8de9-ec65bab09165", "program_id": "224f1af8-8343-4881-acc2-ae31b125ee1f", "source_hash": "3f07745df601990daf99230d9a6fc03dd8bebba5e93318856c45d150458d89c7"}, "version": "kl078-v1", "window": ["2026-10-01T23:24:07.383434+00:00", "2026-10-03T00:24:07.383434+00:00"]}, "result": {"actual_minutes_lower": 10, "actual_minutes_upper": 10, "dedup_event_ids": ["ee48ae4d-3d97-4206-8dd3-6772fef6903e"], "semantic_class": "ACTUAL_EXECUTION", "source_fact_ids": ["44a255d0-0763-4730-9dc6-78353d485318"]}}, "valid_until": "2026-10-03T00:24:07.383434+00:00"}]], "proposal_revisions": [[{"content_hash": "d33b6bd3a4e1f764afc6e66ff124373c663db32703671101fdec9c86ede37a51", "content_schema_version": 1, "demand_feature_id": null, "effective_at": null, "hash_scheme_version": 1, "id": "662616f6-4f46-5967-a554-91c5f2ebd81d", "known_at": null, "producer_artifact": "279cee0f-4874-4018-8d06-2e7594dc9f6d:kl076-mechanical-test-v1:820f37cf143066068b37be0f4fb014955bc2ce2220228753fe376e2c1ea8cd96", "proposal_family_identity": "f411822d-17e2-46f2-8c59-aa45fc2684a6:FITNESS", "proposal_kind": "FITNESS", "recorded_at": "2026-10-02T23:24:07.691699+00:00", "ref_s26_id": "f4f92f6f-503b-42d1-b5fe-c3d11f2d9219", "ref_s29_id": "ba8120ab-3ad0-401d-bed2-531bceab08fd", "revision": 1, "status": null, "subject_id": "da6885bc-d2ff-4517-895e-f57e45fd7aef", "typed_payload": {"action": {"exercise": "fixture:cycle", "minutes": 30, "semantic_class": "PRESCRIBED_QUANTITY", "slot": "new-fixture-slot"}, "attempt_id": "ba8120ab-3ad0-401d-bed2-531bceab08fd", "captured_epoch": 1, "citations": [], "constraints_hash": "3045491756e10eabd6327d7ddacbd6ba10d54f51c17ec0d55f171b3e671f343a", "context_hash": "bf9fc7a3065cbac19640c680f998b5471222ad0c026d51c9166a7cb6322b1344", "id": "662616f6-4f46-5967-a554-91c5f2ebd81d", "kind": "FITNESS", "manifest_id": "b6866368-44f0-4fbd-9c3a-478166ecf5e4", "parent_hash": null, "parent_id": null, "policy_hash": "65a7b7118fa1549fa42b945772b748a54be3cd9d952f54e99bfe0c9126368e36", "policy_id": "5f2c3e7c-bafb-46b4-8de9-ec65bab09165", "request_id": "775b6214-31ca-40de-a332-258d8ff196fd", "request_revision": 1, "revision": 1, "root_id": "f411822d-17e2-46f2-8c59-aa45fc2684a6", "snapshot_id": "f4f92f6f-503b-42d1-b5fe-c3d11f2d9219", "subject_id": "da6885bc-d2ff-4517-895e-f57e45fd7aef", "version": "kl076-mechanical-test-v1"}}], [{"content_hash": "8d3097ac51bd3410b4b8cd50e917668e8079c7428bf203a819ecfbcf149746e1", "content_schema_version": 1, "demand_feature_id": "456accf0-e0b6-5d3d-9dde-e1bc02385f3b", "effective_at": null, "hash_scheme_version": 1, "id": "e282a9cb-cf71-5da3-8c15-c0c708a4de60", "known_at": null, "producer_artifact": "279cee0f-4874-4018-8d06-2e7594dc9f6d:kl076-mechanical-test-v1:820f37cf143066068b37be0f4fb014955bc2ce2220228753fe376e2c1ea8cd96", "proposal_family_identity": "f411822d-17e2-46f2-8c59-aa45fc2684a6:NUTRITION", "proposal_kind": "NUTRITION", "recorded_at": "2026-10-02T23:24:07.789001+00:00", "ref_s26_id": "f4f92f6f-503b-42d1-b5fe-c3d11f2d9219", "ref_s29_id": "ba8120ab-3ad0-401d-bed2-531bceab08fd", "revision": 1, "status": null, "subject_id": "da6885bc-d2ff-4517-895e-f57e45fd7aef", "typed_payload": {"attempt_id": "ba8120ab-3ad0-401d-bed2-531bceab08fd", "captured_epoch": 1, "context_hash": "bf9fc7a3065cbac19640c680f998b5471222ad0c026d51c9166a7cb6322b1344", "demand_hash": "d64019022153aab0e117a2931f8b15fff0e42b3704561951160be1a4a80b8b35", "demand_id": "456accf0-e0b6-5d3d-9dde-e1bc02385f3b", "fitness_hash": "d33b6bd3a4e1f764afc6e66ff124373c663db32703671101fdec9c86ede37a51", "fitness_id": "662616f6-4f46-5967-a554-91c5f2ebd81d", "fuel_units": 90, "id": "e282a9cb-cf71-5da3-8c15-c0c708a4de60", "kind": "NUTRITION", "manifest_id": "b6866368-44f0-4fbd-9c3a-478166ecf5e4", "policy_hash": "65a7b7118fa1549fa42b945772b748a54be3cd9d952f54e99bfe0c9126368e36", "policy_id": "5f2c3e7c-bafb-46b4-8de9-ec65bab09165", "request_id": "775b6214-31ca-40de-a332-258d8ff196fd", "request_revision": 1, "root_id": "f411822d-17e2-46f2-8c59-aa45fc2684a6", "semantic_class": "TARGET", "snapshot_id": "f4f92f6f-503b-42d1-b5fe-c3d11f2d9219", "subject_id": "da6885bc-d2ff-4517-895e-f57e45fd7aef", "version": "kl076-mechanical-test-v1"}}]], "underlying_events": [[{"content_hash": null, "content_schema_version": 1, "effective_at": null, "event_identity": "fixture-actual-event", "event_kind": null, "hash_scheme_version": 1, "id": "ee48ae4d-3d97-4206-8dd3-6772fef6903e", "known_at": null, "recorded_at": "2026-10-02T23:24:07.390982+00:00", "revision": 1, "status": null, "subject_id": "da6885bc-d2ff-4517-895e-f57e45fd7aef", "typed_payload": {}}]], "user_decision_state": [[{"active_policy_bundle_id": "5f2c3e7c-bafb-46b4-8de9-ec65bab09165", "active_program_id": "224f1af8-8343-4881-acc2-ae31b125ee1f", "authorization_epoch": 1, "current_factset_id": "fa59b152-e819-5117-a6e6-a4f36c5f57b1", "current_manifest_id": "b6866368-44f0-4fbd-9c3a-478166ecf5e4", "decision_generation": 1, "execution_basis_event_id": "0b3622f4-f029-402d-8647-b76044e06888", "input_frontier_hash": "b0b5570d4051cfbb9fc2cd78c62ae225334904fa765a964a62e169ba80dd2042", "last_control_event_id": null, "subject_id": "da6885bc-d2ff-4517-895e-f57e45fd7aef"}]], "validation_results": [[{"content_hash": "17ddd1ad8844a999350cc04e758cb7fe75a4c046262caa859637a3e736d59fa3", "content_schema_version": 1, "effective_at": null, "hash_scheme_version": 1, "id": "6593d930-4454-5fd6-98cf-d16fd5159704", "known_at": null, "recorded_at": "2026-10-02T23:24:07.870929+00:00", "ref_s03_id": "0b3622f4-f029-402d-8647-b76044e06888", "ref_s05_id": "5f2c3e7c-bafb-46b4-8de9-ec65bab09165", "ref_s24_id": "b6866368-44f0-4fbd-9c3a-478166ecf5e4", "ref_s28_id": "775b6214-31ca-40de-a332-258d8ff196fd", "ref_s29_id": "ba8120ab-3ad0-401d-bed2-531bceab08fd", "ref_s34_id": "e282a9cb-cf71-5da3-8c15-c0c708a4de60", "ref_s35_id": "456accf0-e0b6-5d3d-9dde-e1bc02385f3b", "ref_s36_id": "65f3aa29-5f1c-54e8-8786-a3f84bbc8c96", "result": "PASS", "revision": 1, "status": null, "subject_id": "da6885bc-d2ff-4517-895e-f57e45fd7aef", "typed_payload": {"attempt_id": "ba8120ab-3ad0-401d-bed2-531bceab08fd", "captured_epoch": 1, "context_hash": "bf9fc7a3065cbac19640c680f998b5471222ad0c026d51c9166a7cb6322b1344", "deduplicated_events": ["ee48ae4d-3d97-4206-8dd3-6772fef6903e"], "demand_hash": "d64019022153aab0e117a2931f8b15fff0e42b3704561951160be1a4a80b8b35", "execution_basis_event_id": "0b3622f4-f029-402d-8647-b76044e06888", "fitness_hash": "d33b6bd3a4e1f764afc6e66ff124373c663db32703671101fdec9c86ede37a51", "fixture_policy_version": "kl076-mechanical-test-v1", "id": "6593d930-4454-5fd6-98cf-d16fd5159704", "kind": "VALIDATION", "manifest_id": "b6866368-44f0-4fbd-9c3a-478166ecf5e4", "nutrition_hash": "8d3097ac51bd3410b4b8cd50e917668e8079c7428bf203a819ecfbcf149746e1", "policy_envelope": "PASS", "policy_hash": "65a7b7118fa1549fa42b945772b748a54be3cd9d952f54e99bfe0c9126368e36", "policy_id": "5f2c3e7c-bafb-46b4-8de9-ec65bab09165", "replaced_slots": ["prior-slot"], "request_id": "775b6214-31ca-40de-a332-258d8ff196fd", "request_revision": 1, "resolution_hash": "9679bbf4da7a33930f4a77964cba2f210806b1b99cf29d0c652de317e7daf04c", "rolling_minutes": 40, "root_id": "f411822d-17e2-46f2-8c59-aa45fc2684a6", "semantic_validation": "PASS", "snapshot_id": "f4f92f6f-503b-42d1-b5fe-c3d11f2d9219", "source_ranges": ["2026-10-01T23:24:07.383434+00:00", "2026-10-03T00:24:07.383434+00:00"], "subject_id": "da6885bc-d2ff-4517-895e-f57e45fd7aef", "valid_until": "2026-10-03T00:24:07.383434+00:00", "version": "kl076-mechanical-test-v1"}, "valid_until": "2026-10-03T00:24:07.383434+00:00", "validator_artifact": "279cee0f-4874-4018-8d06-2e7594dc9f6d:kl076-mechanical-test-v1:820f37cf143066068b37be0f4fb014955bc2ce2220228753fe376e2c1ea8cd96"}]], "workout_sessions": []}}
--------------------------- Captured stdout teardown ---------------------------
SOURCE_EVIDENCE {"compose": "kineticloop-kl080-source-d6bfb28-9a070975b04f", "database": "kineticloop_kl080_source_d6bfb28_9a070975b04f", "guard_trace": [{"command": "PublishManifest", "guard": "require_test_execution_ingress", "status": "PASSED", "subject": "da6885bc-d2ff-4517-895e-f57e45fd7aef"}, {"command": "PublishManifest", "guard": "require_execution_request", "status": "PASSED", "subject": "da6885bc-d2ff-4517-895e-f57e45fd7aef"}, {"command": "AdvanceAttempt", "guard": "require_current_fence", "status": "PASSED", "subject": "da6885bc-d2ff-4517-895e-f57e45fd7aef"}, {"command": "AdvanceAttempt", "guard": "require_current_fence", "status": "PASSED", "subject": "da6885bc-d2ff-4517-895e-f57e45fd7aef"}, {"command": "AdvanceAttempt", "guard": "_progress_sources", "status": "PASSED", "subject": "da6885bc-d2ff-4517-895e-f57e45fd7aef"}, {"command": "AdvanceAttempt", "guard": "require_current_fence", "status": "PASSED", "subject": "da6885bc-d2ff-4517-895e-f57e45fd7aef"}, {"command": "AdvanceAttempt", "guard": "require_current_fence", "status": "PASSED", "subject": "da6885bc-d2ff-4517-895e-f57e45fd7aef"}, {"command": "AdvanceAttempt", "guard": "_progress_sources", "status": "PASSED", "subject": "da6885bc-d2ff-4517-895e-f57e45fd7aef"}, {"command": "RecordSnapshot", "guard": "require_current_fence", "status": "PASSED", "subject": "da6885bc-d2ff-4517-895e-f57e45fd7aef"}, {"command": "RecordSnapshot", "guard": "require_current_fence", "status": "PASSED", "subject": "da6885bc-d2ff-4517-895e-f57e45fd7aef"}, {"command": "AdvanceAttempt", "guard": "require_current_fence", "status": "PASSED", "subject": "da6885bc-d2ff-4517-895e-f57e45fd7aef"}, {"command": "AdvanceAttempt", "guard": "require_current_fence", "status": "PASSED", "subject": "da6885bc-d2ff-4517-895e-f57e45fd7aef"}, {"command": "AdvanceAttempt", "guard": "_progress_sources", "status": "PASSED", "subject": "da6885bc-d2ff-4517-895e-f57e45fd7aef"}, {"command": "RecordProposal", "guard": "require_current_fence", "status": "PASSED", "subject": "da6885bc-d2ff-4517-895e-f57e45fd7aef"}, {"command": "RecordProposal", "guard": "require_current_fence", "status": "PASSED", "subject": "da6885bc-d2ff-4517-895e-f57e45fd7aef"}, {"command": "RecordProposal", "guard": "_progress_sources", "status": "PASSED", "subject": "da6885bc-d2ff-4517-895e-f57e45fd7aef"}, {"command": "AdvanceAttempt", "guard": "require_current_fence", "status": "PASSED", "subject": "da6885bc-d2ff-4517-895e-f57e45fd7aef"}, {"command": "AdvanceAttempt", "guard": "require_current_fence", "status": "PASSED", "subject": "da6885bc-d2ff-4517-895e-f57e45fd7aef"}, {"command": "AdvanceAttempt", "guard": "_progress_sources", "status": "PASSED", "subject": "da6885bc-d2ff-4517-895e-f57e45fd7aef"}, {"command": "RecordDemandFeatures", "guard": "require_current_fence", "status": "PASSED", "subject": "da6885bc-d2ff-4517-895e-f57e45fd7aef"}, {"command": "RecordDemandFeatures", "guard": "require_current_fence", "status": "PASSED", "subject": "da6885bc-d2ff-4517-895e-f57e45fd7aef"}, {"command": "RecordDemandFeatures", "guard": "_progress_sources", "status": "PASSED", "subject": "da6885bc-d2ff-4517-895e-f57e45fd7aef"}, {"command": "AdvanceAttempt", "guard": "require_current_fence", "status": "PASSED", "subject": "da6885bc-d2ff-4517-895e-f57e45fd7aef"}, {"command": "AdvanceAttempt", "guard": "require_current_fence", "status": "PASSED", "subject": "da6885bc-d2ff-4517-895e-f57e45fd7aef"}, {"command": "AdvanceAttempt", "guard": "_progress_sources", "status": "PASSED", "subject": "da6885bc-d2ff-4517-895e-f57e45fd7aef"}, {"command": "RecordProposal", "guard": "require_current_fence", "status": "PASSED", "subject": "da6885bc-d2ff-4517-895e-f57e45fd7aef"}, {"command": "RecordProposal", "guard": "require_current_fence", "status": "PASSED", "subject": "da6885bc-d2ff-4517-895e-f57e45fd7aef"}, {"command": "RecordProposal", "guard": "_progress_sources", "status": "PASSED", "subject": "da6885bc-d2ff-4517-895e-f57e45fd7aef"}, {"command": "AdvanceAttempt", "guard": "require_current_fence", "status": "PASSED", "subject": "da6885bc-d2ff-4517-895e-f57e45fd7aef"}, {"command": "AdvanceAttempt", "guard": "require_current_fence", "status": "PASSED", "subject": "da6885bc-d2ff-4517-895e-f57e45fd7aef"}, {"command": "AdvanceAttempt", "guard": "_progress_sources", "status": "PASSED", "subject": "da6885bc-d2ff-4517-895e-f57e45fd7aef"}, {"command": "ResolveEvidence", "guard": "require_current_fence", "status": "PASSED", "subject": "da6885bc-d2ff-4517-895e-f57e45fd7aef"}, {"command": "ResolveEvidence", "guard": "require_current_fence", "status": "PASSED", "subject": "da6885bc-d2ff-4517-895e-f57e45fd7aef"}, {"command": "ResolveEvidence", "guard": "_progress_sources", "status": "PASSED", "subject": "da6885bc-d2ff-4517-895e-f57e45fd7aef"}, {"command": "RecordValidation", "guard": "require_current_fence", "status": "PASSED", "subject": "da6885bc-d2ff-4517-895e-f57e45fd7aef"}, {"command": "RecordValidation", "guard": "require_current_fence", "status": "PASSED", "subject": "da6885bc-d2ff-4517-895e-f57e45fd7aef"}, {"command": "RecordValidation", "guard": "_progress_sources", "status": "PASSED", "subject": "da6885bc-d2ff-4517-895e-f57e45fd7aef"}, {"command": "AdvanceAttempt", "guard": "require_current_fence", "status": "PASSED", "subject": "da6885bc-d2ff-4517-895e-f57e45fd7aef"}, {"command": "AdvanceAttempt", "guard": "require_current_fence", "status": "PASSED", "subject": "da6885bc-d2ff-4517-895e-f57e45fd7aef"}, {"command": "AdvanceAttempt", "guard": "_progress_sources", "status": "PASSED", "subject": "da6885bc-d2ff-4517-895e-f57e45fd7aef"}, {"command": "CommitBundle", "guard": "require_test_execution_ingress", "status": "PASSED", "subject": "da6885bc-d2ff-4517-895e-f57e45fd7aef"}, {"command": "CommitBundle", "guard": "require_current_fence", "status": "PASSED", "subject": "da6885bc-d2ff-4517-895e-f57e45fd7aef"}], "inventory": ["bootstrap_two_phase(selected_lifecycle)", "reset", "start", "destroy"], "kind": "kl080_cleanup", "remaining": {"container": "", "network": "", "volume": ""}}
- generated xml file: /Users/davetian/.codex/worktrees/59e4/KineticLoop/docs/exec-plans/evidence/KL-080/d6bfb285087456a1a43d6c6b856a07eee4e1746d/source_owner_trajectories_dc.xml -
=========================== short test summary info ============================
FAILED tests/db/test_source_decision_conformance.py::test_owner_trajectories[legacy]
1 failed, 1 passed in 12.70s

EXIT_CODE=1
