TESTED_COMMIT=15a7167e44b8044c94688cf7e367e2d02a962e31
COMMAND=uv run pytest -q tests/db/test_source_decision_conformance.py::test_owner_trajectories
F.                                                                       [100%]
=================================== FAILURES ===================================
_______________________ test_owner_trajectories[legacy] ________________________

database_urls = {'admin': 'postgresql://kineticloop:kineticloop-local-only@127.0.0.1:58624/kineticloop_kl080_source_15a7167_9a070975b0...': 'postgresql://kl_auditor_login:kl072-local-only@127.0.0.1:58624/kineticloop_kl080_source_15a7167_9a070975b04f', ...}
full = False

    @pytest.mark.parametrize("full", [False, True], ids=["legacy", "full-fdn"])
    def test_owner_trajectories(database_urls: Any, full: bool) -> None:
        if full:
            seed, request = ready(database_urls)
        else:
            seed = seed_source(database_urls, full=False)
            with connect(database_urls["admin"]) as db:
                P.upstream(db, seed)
                basis, refs = P.begin(db, seed)
                _, refs = L.full_pipeline(db, seed, basis, refs)
                seed["basis"] = basis
                request = legacy_commit_request(db, seed, basis, refs)
        with connect(database_urls["admin"]) as db:
            prepared = P.snapshot(db, auth(seed).subject_id)
            try:
                result = (
                    service(db, seed).commit_full(request)
                    if full
>                   else service(db, seed).commit(request)
                         ^^^^^^^^^^^^^^^^^^^^^^^^^^^^^^^^^
                )

tests/db/test_source_decision_conformance.py:992: 
_ _ _ _ _ _ _ _ _ _ _ _ _ _ _ _ _ _ _ _ _ _ _ _ _ _ _ _ _ _ _ _ _ _ _ _ _ _ _ _ 
src/kineticloop/persistence/protocol_execution.py:242: in commit
    return self._commit(command, requested_valid_until=requested_valid_until)
           ^^^^^^^^^^^^^^^^^^^^^^^^^^^^^^^^^^^^^^^^^^^^^^^^^^^^^^^^^^^^^^^^^^
src/kineticloop/persistence/protocol_execution.py:506: in _commit
    return self._fresh_or_historical(
src/kineticloop/persistence/protocol_execution.py:112: in _fresh_or_historical
    return operation()
           ^^^^^^^^^^^
src/kineticloop/persistence/protocol_execution.py:504: in fresh
    return execute_command(self._connection, "CommitBundle", subject, operation)
           ^^^^^^^^^^^^^^^^^^^^^^^^^^^^^^^^^^^^^^^^^^^^^^^^^^^^^^^^^^^^^^^^^^^^^
src/kineticloop/persistence/transactions.py:5808: in execute_command
    result = operation(transaction)
             ^^^^^^^^^^^^^^^^^^^^^^
src/kineticloop/persistence/protocol_execution.py:472: in operation
    outcome, replayed = tx.idempotent_outcome(
src/kineticloop/persistence/transactions.py:5626: in idempotent_outcome
    self.prepare_authorization_basis(**authorization_basis)
_ _ _ _ _ _ _ _ _ _ _ _ _ _ _ _ _ _ _ _ _ _ _ _ _ _ _ _ _ _ _ _ _ _ _ _ _ _ _ _ 

self = <kineticloop.persistence.transactions.RepositoryTransaction object at 0x10972a990>

    def prepare_authorization_basis(
        self,
        *,
        validation_id: UUID,
        resolution_id: UUID,
        intent_id: UUID,
        head_id: UUID,
        requested_valid_until: datetime | None = None,
    ) -> tuple[tuple[Mapping[str, Any], ...], str, datetime]:
        """Server-compute the complete bounded T6 certificate basis under held locks."""
    
        if self.command_kind not in {"CommitBundle", "Reauthorize"}:
            raise GuardRequired("authorization basis is exclusive to T6 owners")
        if intent_id != self._coordination_context.get("verified_intent_id"):
            raise GuardRequired("authorization basis must use the verified current intent")
        if validation_id not in self._locked_ids.get("validation_results", set()):
            raise GuardRequired("authorization basis requires the exact validation lock")
        if head_id not in self._locked_ids.get("daily_plan_heads", set()):
            raise GuardRequired("authorization basis requires the exact daily head lock")
        _cursor(self).execute(
            "SELECT manifest.id,manifest.revision,manifest.valid_until,"
            "resolution.id,resolution.revision,resolution.resolution_expires_at,"
            "validation.id,validation.revision,validation.valid_until,validation.result,"
            "request.id,request.request_revision,intent.deadline,head.id,head.local_date,"
            "clock_timestamp(),manifest.typed_payload,"
            "GREATEST(manifest.recorded_at,"
            "COALESCE(manifest.effective_at,manifest.recorded_at)),"
            "GREATEST(resolution.recorded_at,"
            "COALESCE(resolution.effective_at,resolution.recorded_at)),"
            "GREATEST(validation.recorded_at,"
            "COALESCE(validation.effective_at,validation.recorded_at)) "
            "FROM kineticloop.planning_intents intent "
            "JOIN kineticloop.planning_request_revisions request "
            "ON request.subject_id=intent.subject_id AND request.id=intent.current_request_revision_id "
            "JOIN kineticloop.planning_attempts attempt "
            "ON attempt.subject_id=intent.subject_id AND attempt.id=intent.current_attempt_id "
            "JOIN kineticloop.validation_results validation "
            "ON validation.subject_id=intent.subject_id AND validation.id=%s "
            "JOIN kineticloop.evidence_resolutions resolution "
            "ON resolution.subject_id=intent.subject_id AND resolution.id=%s "
            "JOIN kineticloop.decision_manifests manifest "
            "ON manifest.subject_id=intent.subject_id AND manifest.id=%s "
            "JOIN kineticloop.daily_plan_heads head "
            "ON head.subject_id=intent.subject_id AND head.id=%s "
            "WHERE intent.subject_id=%s AND intent.id=%s "
            "AND attempt.id=%s AND attempt.status='COMMIT_READY' "
            "AND attempt.fence_token=intent.fence_token "
            "AND attempt.ref_s24_id=%s AND attempt.captured_epoch=%s "
            "AND manifest.captured_epoch=%s "
            "AND resolution.ref_s24_id=manifest.id "
            "AND resolution.ref_s05_id=%s "
            "AND validation.ref_s24_id=manifest.id "
            "AND validation.ref_s36_id=resolution.id "
            "AND validation.ref_s28_id=request.id "
            "AND validation.ref_s29_id=attempt.id",
            (
                validation_id,
                resolution_id,
                self._coordination_context.get("current_manifest_id"),
                head_id,
                self.subject_id,
                intent_id,
                self._coordination_context.get("verified_attempt_id"),
                self._coordination_context.get("current_manifest_id"),
                self._coordination_context.get("authorization_epoch"),
                self._coordination_context.get("authorization_epoch"),
                self._coordination_context.get("active_policy_bundle_id"),
            ),
        )
        row = _cursor(self).fetchone()
        if row is None or row[9] != "PASS":
            raise GuardRequired("authorization requires a current PASS validation basis")
        if row[14] != self._coordination_context.get("verified_intent_local_date"):
            raise GuardRequired("authorization head day must equal the verified intent day")
        manifest_payload = dict(row[16] or {})
        manifest_closure = manifest_payload.get("artifact_closure_ids")
        manifest_roots = manifest_payload.get("artifact_root_ids")
        verified_artifacts = sorted(str(item) for item in self._verified_artifacts)
        if (
            manifest_closure != verified_artifacts
            or not isinstance(manifest_closure, list)
            or not isinstance(manifest_roots, list)
            or not manifest_roots
            or not set(manifest_roots).issubset(set(manifest_closure))
            or manifest_payload.get("artifact_dependency_closure_hash")
            != self.artifact_closure_digest()
        ):
            raise ArtifactIdentityRequired(
                "T6 registry lease must equal the current manifest artifact closure"
            )
        now = row[15]
        _cursor(self).execute(
            "SELECT revision,typed_payload FROM kineticloop.policy_bundles WHERE id=%s",
            (self._coordination_context.get("active_policy_bundle_id"),),
        )
        policy = _cursor(self).fetchone()
        if policy and policy[1].get("deterministic_fixture", {}).get("contract") == "kl079-full-actions-v1" and not self._coordination_context.get("full_execution_members"):
            raise GuardRequired("full persisted policy requires full execution request; legacy downgrade denied")
        _cursor(self).execute(
            "SELECT resolution.action_type,validation.ref_s35_id,validation.ref_s34_id,"
            "demand.ref_s34_id,demand.revision,proposal.demand_feature_id "
            "FROM kineticloop.validation_results validation "
            "JOIN kineticloop.evidence_resolutions resolution "
            "ON resolution.subject_id=validation.subject_id "
            "AND resolution.id=validation.ref_s36_id "
            "JOIN kineticloop.prescription_demand_features demand "
            "ON demand.subject_id=validation.subject_id AND demand.id=validation.ref_s35_id "
            "JOIN kineticloop.proposal_revisions proposal "
            "ON proposal.subject_id=validation.subject_id AND proposal.id=validation.ref_s34_id "
            "WHERE validation.subject_id=%s AND validation.id=%s",
            (self.subject_id, validation_id),
        )
        demand_basis = _cursor(self).fetchone()
        _cursor(self).execute(
            "SELECT typed_payload FROM kineticloop.daily_plan_heads WHERE subject_id=%s AND id=%s",
            (self.subject_id, head_id),
        )
        calendar = _cursor(self).fetchone()
        if (
            policy is None
            or calendar is None
            or demand_basis is None
            or demand_basis[1] is None
            or demand_basis[2] is None
            or (demand_basis[2] != demand_basis[3] and not self._coordination_context.get("full_execution_members"))
            or demand_basis[1] != demand_basis[5]
        ):
>           raise GuardRequired("policy, demand, and calendar authorization bounds must exist")
E           kineticloop.persistence.transactions.GuardRequired: policy, demand, and calendar authorization bounds must exist

src/kineticloop/persistence/transactions.py:3982: GuardRequired
---------------------------- Captured stdout setup -----------------------------
NAMESPACE_PU DatabaseNamespace(project_name='kineticloop-kl080-source-15a7167-9a070975b04f', database_name='kineticloop_kl080_source_15a7167_9a070975b04f') negative_controls=foreign_root,sha,digest,label,ambient,nested_cleanup nested_inventory ['bootstrap_two_phase(selected_lifecycle)', 'destroy']
SOURCE_EVIDENCE {"calendar_timezone": "UTC", "compose": "kineticloop-kl080-source-15a7167-9a070975b04f", "database": "kineticloop_kl080_source_15a7167_9a070975b04f", "guard_trace": [], "kind": "kl080_namespace", "migration": "e8c2f1a6b904", "nested_bootstrap": "selected lifecycle", "root": "/Users/davetian/.codex/worktrees/59e4/KineticLoop", "tested_commit": "15a7167e44b8044c94688cf7e367e2d02a962e31"}
---------------------------- Captured stderr setup -----------------------------
INFO  [alembic.runtime.migration] Context impl PostgresqlImpl.
INFO  [alembic.runtime.migration] Will assume transactional DDL.
INFO  [alembic.runtime.migration] Running upgrade  -> 76fd67f76bd4, frozen S01-S51 baseline
INFO  [alembic.runtime.migration] Context impl PostgresqlImpl.
INFO  [alembic.runtime.migration] Will assume transactional DDL.
INFO  [alembic.runtime.migration] Running upgrade 76fd67f76bd4 -> a3f91c7d2e10, migrated SafetyRegistry integration and role-owner hardening
INFO  [alembic.runtime.migration] Running upgrade a3f91c7d2e10 -> b6e4d8a1c927, trusted artifact registration and bounded dependency admission
INFO  [alembic.runtime.migration] Running upgrade b6e4d8a1c927 -> d4c1a9e7b203, production, test, and evaluation subject namespace isolation
INFO  [alembic.runtime.migration] Running upgrade d4c1a9e7b203 -> e8c2f1a6b904, Materialize frozen S27 active partition uniqueness (legacy PENDING = ADMITTED).
----------------------------- Captured stdout call -----------------------------
SOURCE_EVIDENCE {"cause": "policy, demand, and calendar authorization bounds must exist", "consumer_rule": "S37.ref_s34_id must equal D.ref_s34_id, while owner-produced S37 anchors N and D anchors F", "expected_positive_oracle_not_satisfied": true, "guard_trace": [{"command": "PublishManifest", "guard": "require_test_execution_ingress", "status": "PASSED", "subject": "905f5006-9e2c-4809-b2c0-7984ae9ee3b4"}, {"command": "PublishManifest", "guard": "require_execution_request", "status": "PASSED", "subject": "905f5006-9e2c-4809-b2c0-7984ae9ee3b4"}, {"command": "AdvanceAttempt", "guard": "require_current_fence", "status": "PASSED", "subject": "905f5006-9e2c-4809-b2c0-7984ae9ee3b4"}, {"command": "AdvanceAttempt", "guard": "require_current_fence", "status": "PASSED", "subject": "905f5006-9e2c-4809-b2c0-7984ae9ee3b4"}, {"command": "AdvanceAttempt", "guard": "_progress_sources", "status": "PASSED", "subject": "905f5006-9e2c-4809-b2c0-7984ae9ee3b4"}, {"command": "AdvanceAttempt", "guard": "require_current_fence", "status": "PASSED", "subject": "905f5006-9e2c-4809-b2c0-7984ae9ee3b4"}, {"command": "AdvanceAttempt", "guard": "require_current_fence", "status": "PASSED", "subject": "905f5006-9e2c-4809-b2c0-7984ae9ee3b4"}, {"command": "AdvanceAttempt", "guard": "_progress_sources", "status": "PASSED", "subject": "905f5006-9e2c-4809-b2c0-7984ae9ee3b4"}, {"command": "RecordSnapshot", "guard": "require_current_fence", "status": "PASSED", "subject": "905f5006-9e2c-4809-b2c0-7984ae9ee3b4"}, {"command": "RecordSnapshot", "guard": "require_current_fence", "status": "PASSED", "subject": "905f5006-9e2c-4809-b2c0-7984ae9ee3b4"}, {"command": "AdvanceAttempt", "guard": "require_current_fence", "status": "PASSED", "subject": "905f5006-9e2c-4809-b2c0-7984ae9ee3b4"}, {"command": "AdvanceAttempt", "guard": "require_current_fence", "status": "PASSED", "subject": "905f5006-9e2c-4809-b2c0-7984ae9ee3b4"}, {"command": "AdvanceAttempt", "guard": "_progress_sources", "status": "PASSED", "subject": "905f5006-9e2c-4809-b2c0-7984ae9ee3b4"}, {"command": "RecordProposal", "guard": "require_current_fence", "status": "PASSED", "subject": "905f5006-9e2c-4809-b2c0-7984ae9ee3b4"}, {"command": "RecordProposal", "guard": "require_current_fence", "status": "PASSED", "subject": "905f5006-9e2c-4809-b2c0-7984ae9ee3b4"}, {"command": "RecordProposal", "guard": "_progress_sources", "status": "PASSED", "subject": "905f5006-9e2c-4809-b2c0-7984ae9ee3b4"}, {"command": "AdvanceAttempt", "guard": "require_current_fence", "status": "PASSED", "subject": "905f5006-9e2c-4809-b2c0-7984ae9ee3b4"}, {"command": "AdvanceAttempt", "guard": "require_current_fence", "status": "PASSED", "subject": "905f5006-9e2c-4809-b2c0-7984ae9ee3b4"}, {"command": "AdvanceAttempt", "guard": "_progress_sources", "status": "PASSED", "subject": "905f5006-9e2c-4809-b2c0-7984ae9ee3b4"}, {"command": "RecordDemandFeatures", "guard": "require_current_fence", "status": "PASSED", "subject": "905f5006-9e2c-4809-b2c0-7984ae9ee3b4"}, {"command": "RecordDemandFeatures", "guard": "require_current_fence", "status": "PASSED", "subject": "905f5006-9e2c-4809-b2c0-7984ae9ee3b4"}, {"command": "RecordDemandFeatures", "guard": "_progress_sources", "status": "PASSED", "subject": "905f5006-9e2c-4809-b2c0-7984ae9ee3b4"}, {"command": "AdvanceAttempt", "guard": "require_current_fence", "status": "PASSED", "subject": "905f5006-9e2c-4809-b2c0-7984ae9ee3b4"}, {"command": "AdvanceAttempt", "guard": "require_current_fence", "status": "PASSED", "subject": "905f5006-9e2c-4809-b2c0-7984ae9ee3b4"}, {"command": "AdvanceAttempt", "guard": "_progress_sources", "status": "PASSED", "subject": "905f5006-9e2c-4809-b2c0-7984ae9ee3b4"}, {"command": "RecordProposal", "guard": "require_current_fence", "status": "PASSED", "subject": "905f5006-9e2c-4809-b2c0-7984ae9ee3b4"}, {"command": "RecordProposal", "guard": "require_current_fence", "status": "PASSED", "subject": "905f5006-9e2c-4809-b2c0-7984ae9ee3b4"}, {"command": "RecordProposal", "guard": "_progress_sources", "status": "PASSED", "subject": "905f5006-9e2c-4809-b2c0-7984ae9ee3b4"}, {"command": "AdvanceAttempt", "guard": "require_current_fence", "status": "PASSED", "subject": "905f5006-9e2c-4809-b2c0-7984ae9ee3b4"}, {"command": "AdvanceAttempt", "guard": "require_current_fence", "status": "PASSED", "subject": "905f5006-9e2c-4809-b2c0-7984ae9ee3b4"}, {"command": "AdvanceAttempt", "guard": "_progress_sources", "status": "PASSED", "subject": "905f5006-9e2c-4809-b2c0-7984ae9ee3b4"}, {"command": "ResolveEvidence", "guard": "require_current_fence", "status": "PASSED", "subject": "905f5006-9e2c-4809-b2c0-7984ae9ee3b4"}, {"command": "ResolveEvidence", "guard": "require_current_fence", "status": "PASSED", "subject": "905f5006-9e2c-4809-b2c0-7984ae9ee3b4"}, {"command": "ResolveEvidence", "guard": "_progress_sources", "status": "PASSED", "subject": "905f5006-9e2c-4809-b2c0-7984ae9ee3b4"}, {"command": "RecordValidation", "guard": "require_current_fence", "status": "PASSED", "subject": "905f5006-9e2c-4809-b2c0-7984ae9ee3b4"}, {"command": "RecordValidation", "guard": "require_current_fence", "status": "PASSED", "subject": "905f5006-9e2c-4809-b2c0-7984ae9ee3b4"}, {"command": "RecordValidation", "guard": "_progress_sources", "status": "PASSED", "subject": "905f5006-9e2c-4809-b2c0-7984ae9ee3b4"}, {"command": "AdvanceAttempt", "guard": "require_current_fence", "status": "PASSED", "subject": "905f5006-9e2c-4809-b2c0-7984ae9ee3b4"}, {"command": "AdvanceAttempt", "guard": "require_current_fence", "status": "PASSED", "subject": "905f5006-9e2c-4809-b2c0-7984ae9ee3b4"}, {"command": "AdvanceAttempt", "guard": "_progress_sources", "status": "PASSED", "subject": "905f5006-9e2c-4809-b2c0-7984ae9ee3b4"}, {"command": "CommitBundle", "guard": "require_test_execution_ingress", "status": "PASSED", "subject": "905f5006-9e2c-4809-b2c0-7984ae9ee3b4"}, {"command": "CommitBundle", "guard": "require_current_fence", "status": "PASSED", "subject": "905f5006-9e2c-4809-b2c0-7984ae9ee3b4"}], "kind": "kl080_legacy_consumer_scope_blocker", "producer_chain": {"admission_decisions": [[{"action_scope": "TEST_ONLY", "content_hash": "e1c5f4fe140983ef7d9c48f0e37a1a06121ea1a62c1f26d2b73dddb37035debf", "content_schema_version": 1, "decision": "ELIGIBLE", "effective_at": null, "hash_scheme_version": 1, "id": "eb70a5f3-35da-4ce6-bfad-0608d75a6089", "known_at": null, "recorded_at": "2026-10-03T00:13:01.323916+00:00", "ref_s05_id": "56bdb9e9-1cc1-44d7-aee9-7ebb8facaa16", "ref_s09_id": "a1bc9a3e-4d12-49a8-8d00-031ece9a6079", "ref_s10_id": "b28a2985-f446-4010-92fb-f676fb265791", "revision": 1, "status": null, "subject_id": "905f5006-9e2c-4809-b2c0-7984ae9ee3b4", "typed_payload": {"fixture_admission": "ELIGIBLE", "valid_until": "2026-10-03T01:13:01.317095+00:00"}}]], "authorization_artifact_closure": [], "authorization_events": [[{"causation_key": "d02da2eb-844d-42de-aad6-0b8825611639", "content_hash": null, "content_schema_version": 1, "effective_at": null, "event_kind": "EPOCH_INVALIDATED", "hash_scheme_version": 1, "id": "6c5c4417-0c98-4b75-b111-d97a883333f7", "invalidated_epoch": 1, "known_at": null, "recorded_at": "2026-10-03T00:13:01.379833+00:00", "ref_s02_id": "bf496e4b-10b8-4b76-9dd5-8dc637cfd746", "ref_s13_id": null, "ref_s17_id": null, "ref_s42_id": null, "revision": 1, "scope": "TEST_ONLY", "status": null, "subject_id": "905f5006-9e2c-4809-b2c0-7984ae9ee3b4", "typed_payload": {}}]], "authorization_issuances": [], "bundle_prescription_members": [], "candidate_assertions": [[{"assertion_family_identity": "fixture-actual", "content_hash": null, "content_schema_version": 1, "effective_at": null, "hash_scheme_version": 1, "id": "b28a2985-f446-4010-92fb-f676fb265791", "known_at": null, "predicate": null, "recorded_at": "2026-10-03T00:13:01.321707+00:00", "ref_s09_id": "a1bc9a3e-4d12-49a8-8d00-031ece9a6079", "revision": 1, "status": null, "subject_id": "905f5006-9e2c-4809-b2c0-7984ae9ee3b4", "typed_payload": {}, "unit": null, "value_state": null}]], "canonical_fact_revisions": [[{"content_hash": "c0696da55b6f09e873efd96b056c14d8453b190da1dce07d1f26d1912e734f4d", "content_schema_version": 1, "effective_at": "2026-10-02T23:13:01.317095+00:00", "fact_kind": "WORKOUT_ACTUAL", "fact_revision": 1, "hash_scheme_version": 1, "id": "d02da2eb-844d-42de-aad6-0b8825611639", "known_at": null, "recorded_at": "2026-10-03T00:13:01.379833+00:00", "ref_s10_id": "b28a2985-f446-4010-92fb-f676fb265791", "ref_s11_id": "6026d804-09d1-43f9-b509-9135c8dd8834", "ref_s13_id": "eb70a5f3-35da-4ce6-bfad-0608d75a6089", "revision": 1, "stable_fact_identity": "d02da2eb-844d-42de-aad6-0b8825611639", "status": null, "subject_id": "905f5006-9e2c-4809-b2c0-7984ae9ee3b4", "typed_payload": {"association_id": "3646d661-ab0e-4ab6-aaa9-809e83872858", "contradicts": false, "exercise": "fixture:cycle", "lower_minutes": 10, "replaces_slot": "prior-slot", "retracted": false, "semantic_class": "ACTUAL_EXECUTION", "upper_minutes": 10}}]], "command_receipts": [[{"actor_scope": "test:cd27a230-cae6-4b00-8146-fc888f9cd4ee", "client_key": "stage-5494a17f-ce38-496d-90ec-5e04f52af9d2-context-snapshot", "command_kind": "RecordSnapshot", "content_hash": null, "content_schema_version": 1, "effective_at": null, "hash_scheme_version": 1, "id": "1078d15a-70dc-41b4-8234-939f8fa5511f", "known_at": null, "recorded_at": "2026-10-03T00:13:01.534207+00:00", "request_hash": "10f64f030e7ffbf5e26fb8d23032aeff43435373bfc0b43a67ad691fccdb80fc", "revision": 1, "status": "SUCCEEDED", "subject_id": "905f5006-9e2c-4809-b2c0-7984ae9ee3b4", "typed_payload": {"outcome": {"attempt_id": "5494a17f-ce38-496d-90ec-5e04f52af9d2", "executable": false, "lock_trace": [[20, "S01"], [40, "S27:f46b5ae8-12dc-408f-b030-331834cff3e4"], [80, "S02:test:cd27a230-cae6-4b00-8146-fc888f9cd4ee:RecordSnapshot:stage-5494a17f-ce38-496d-90ec-5e04f52af9d2-context-snapshot"], [90, "S29:5494a17f-ce38-496d-90ec-5e04f52af9d2"]], "snapshot_id": "aedaa8de-7b35-49f4-90cc-41e26c8b0f31", "state": "BUILDING_CONTEXT"}}}], [{"actor_scope": "test:cd27a230-cae6-4b00-8146-fc888f9cd4ee", "client_key": "FITNESS-5494a17f-ce38-496d-90ec-5e04f52af9d2", "command_kind": "RecordProposal", "content_hash": null, "content_schema_version": 1, "effective_at": null, "hash_scheme_version": 1, "id": "44be741d-1cdf-4b5a-bd51-a8ade6474fc4", "known_at": null, "recorded_at": "2026-10-03T00:13:01.577837+00:00", "request_hash": "c451d9c5ea3dd17db2809f732fae71de75158f340b9e917febd87214508cf171", "revision": 1, "status": "SUCCEEDED", "subject_id": "905f5006-9e2c-4809-b2c0-7984ae9ee3b4", "typed_payload": {"outcome": {"attempt_id": "5494a17f-ce38-496d-90ec-5e04f52af9d2", "executable": false, "hash": "140cf134d940b8d6b76c47fb1d27b15d6bcd54c2006834b9170320fc5b8fee2f", "id": "7c5aa222-1bdd-569c-a672-c88e541e8924", "kind": "FITNESS", "lock_trace": [[20, "S01"], [40, "S27:f46b5ae8-12dc-408f-b030-331834cff3e4"], [80, "S02:test:cd27a230-cae6-4b00-8146-fc888f9cd4ee:RecordProposal:FITNESS-5494a17f-ce38-496d-90ec-5e04f52af9d2"], [90, "S29:5494a17f-ce38-496d-90ec-5e04f52af9d2"]]}}}], [{"actor_scope": "test:cd27a230-cae6-4b00-8146-fc888f9cd4ee", "client_key": "RESOLUTION-5494a17f-ce38-496d-90ec-5e04f52af9d2", "command_kind": "ResolveEvidence", "content_hash": null, "content_schema_version": 1, "effective_at": null, "hash_scheme_version": 1, "id": "46449ea5-6423-4334-9fe8-f362108209b5", "known_at": null, "recorded_at": "2026-10-03T00:13:01.752641+00:00", "request_hash": "3f84b8b64606f8204d3db33ee1becb4d6d12b9b1e65c515bd93c2f9cd519ad81", "revision": 1, "status": "SUCCEEDED", "subject_id": "905f5006-9e2c-4809-b2c0-7984ae9ee3b4", "typed_payload": {"outcome": {"attempt_id": "5494a17f-ce38-496d-90ec-5e04f52af9d2", "executable": false, "hash": "68b6e0aa0a19099ef23445f5c443e7132d8d141dbac422efe5c35789ebbf5012", "id": "2be28bff-9cad-5fa6-babe-8dbc8d5be1b1", "kind": "RESOLUTION", "lock_trace": [[20, "S01"], [40, "S27:f46b5ae8-12dc-408f-b030-331834cff3e4"], [80, "S02:test:cd27a230-cae6-4b00-8146-fc888f9cd4ee:ResolveEvidence:RESOLUTION-5494a17f-ce38-496d-90ec-5e04f52af9d2"], [90, "S29:5494a17f-ce38-496d-90ec-5e04f52af9d2"]]}}}], [{"actor_scope": "test:cd27a230-cae6-4b00-8146-fc888f9cd4ee", "client_key": "VALIDATION-5494a17f-ce38-496d-90ec-5e04f52af9d2", "command_kind": "RecordValidation", "content_hash": null, "content_schema_version": 1, "effective_at": null, "hash_scheme_version": 1, "id": "476bb210-a63a-44d1-bc25-6fb705006852", "known_at": null, "recorded_at": "2026-10-03T00:13:01.788418+00:00", "request_hash": "f81bbf8f2510c134506740b66f95ac80e29385a6b6356facb3c26583adffcd9c", "revision": 1, "status": "SUCCEEDED", "subject_id": "905f5006-9e2c-4809-b2c0-7984ae9ee3b4", "typed_payload": {"outcome": {"attempt_id": "5494a17f-ce38-496d-90ec-5e04f52af9d2", "executable": false, "hash": "2d3c183337c4ab64aea849ebe7fba60f52f63deb4ab462a556eecb89942b88be", "id": "6e0df3c4-44d1-5522-a168-077f010b25fa", "kind": "VALIDATION", "lock_trace": [[20, "S01"], [40, "S27:f46b5ae8-12dc-408f-b030-331834cff3e4"], [80, "S02:test:cd27a230-cae6-4b00-8146-fc888f9cd4ee:RecordValidation:VALIDATION-5494a17f-ce38-496d-90ec-5e04f52af9d2"], [90, "S29:5494a17f-ce38-496d-90ec-5e04f52af9d2"]]}}}], [{"actor_scope": "test:cd27a230-cae6-4b00-8146-fc888f9cd4ee", "client_key": "advance-94dbb680-fb34-58c4-ac65-e63a4fc0999a", "command_kind": "AdvanceAttempt", "content_hash": null, "content_schema_version": 1, "effective_at": null, "hash_scheme_version": 1, "id": "5a3db943-daf9-469c-82cb-1b341c5bdf58", "known_at": null, "recorded_at": "2026-10-03T00:13:01.64777+00:00", "request_hash": "bea38c739013f1016b577f49b6f1de23aa46107aab3c3b24edfbf9f8ad375d70", "revision": 1, "status": "SUCCEEDED", "subject_id": "905f5006-9e2c-4809-b2c0-7984ae9ee3b4", "typed_payload": {"outcome": {"attempt_id": "5494a17f-ce38-496d-90ec-5e04f52af9d2", "executable": false, "lock_trace": [[20, "S01"], [40, "S27:f46b5ae8-12dc-408f-b030-331834cff3e4"], [80, "S02:test:cd27a230-cae6-4b00-8146-fc888f9cd4ee:AdvanceAttempt:advance-94dbb680-fb34-58c4-ac65-e63a4fc0999a"], [90, "S29:5494a17f-ce38-496d-90ec-5e04f52af9d2"]], "snapshot_id": "aedaa8de-7b35-49f4-90cc-41e26c8b0f31", "state": "NUTRITION"}}}], [{"actor_scope": "test:cd27a230-cae6-4b00-8146-fc888f9cd4ee", "client_key": "stage-5494a17f-ce38-496d-90ec-5e04f52af9d2", "command_kind": "AdvanceAttempt", "content_hash": null, "content_schema_version": 1, "effective_at": null, "hash_scheme_version": 1, "id": "6fbaadaa-ac6a-44d9-be3e-3f15b05d353f", "known_at": null, "recorded_at": "2026-10-03T00:13:01.510949+00:00", "request_hash": "86bea201f2d7afb31bf6dbc8135d0c34262f10ecd14a275fcd83144849ec33a2", "revision": 1, "status": "SUCCEEDED", "subject_id": "905f5006-9e2c-4809-b2c0-7984ae9ee3b4", "typed_payload": {"outcome": {"attempt_id": "5494a17f-ce38-496d-90ec-5e04f52af9d2", "executable": false, "lock_trace": [[20, "S01"], [40, "S27:f46b5ae8-12dc-408f-b030-331834cff3e4"], [80, "S02:test:cd27a230-cae6-4b00-8146-fc888f9cd4ee:AdvanceAttempt:stage-5494a17f-ce38-496d-90ec-5e04f52af9d2"], [90, "S29:5494a17f-ce38-496d-90ec-5e04f52af9d2"]], "snapshot_id": null, "state": "LEASED"}}}], [{"actor_scope": "test:cd27a230-cae6-4b00-8146-fc888f9cd4ee", "client_key": "advance-7c5aa222-1bdd-569c-a672-c88e541e8924", "command_kind": "AdvanceAttempt", "content_hash": null, "content_schema_version": 1, "effective_at": null, "hash_scheme_version": 1, "id": "7ecc2ac4-fa5d-4e87-b76f-150ab84f2a9c", "known_at": null, "recorded_at": "2026-10-03T00:13:01.591871+00:00", "request_hash": "620884736307e7c1b4e58e8f8ebb0413ed9aadb5909715292f56a8cd4b27cdcb", "revision": 1, "status": "SUCCEEDED", "subject_id": "905f5006-9e2c-4809-b2c0-7984ae9ee3b4", "typed_payload": {"outcome": {"attempt_id": "5494a17f-ce38-496d-90ec-5e04f52af9d2", "executable": false, "lock_trace": [[20, "S01"], [40, "S27:f46b5ae8-12dc-408f-b030-331834cff3e4"], [80, "S02:test:cd27a230-cae6-4b00-8146-fc888f9cd4ee:AdvanceAttempt:advance-7c5aa222-1bdd-569c-a672-c88e541e8924"], [90, "S29:5494a17f-ce38-496d-90ec-5e04f52af9d2"]], "snapshot_id": "aedaa8de-7b35-49f4-90cc-41e26c8b0f31", "state": "DEMAND_FEATURES"}}}], [{"actor_scope": "test:cd27a230-cae6-4b00-8146-fc888f9cd4ee", "client_key": "advance-da042370-360d-50c6-bf57-7fe8438ca443", "command_kind": "AdvanceAttempt", "content_hash": null, "content_schema_version": 1, "effective_at": null, "hash_scheme_version": 1, "id": "860e3894-5737-486f-9577-45848416ed27", "known_at": null, "recorded_at": "2026-10-03T00:13:01.716898+00:00", "request_hash": "9220bff46a7338fe5692a19f88308e28be32cac1ad59548ae04dd34ddbd0728b", "revision": 1, "status": "SUCCEEDED", "subject_id": "905f5006-9e2c-4809-b2c0-7984ae9ee3b4", "typed_payload": {"outcome": {"attempt_id": "5494a17f-ce38-496d-90ec-5e04f52af9d2", "executable": false, "lock_trace": [[20, "S01"], [40, "S27:f46b5ae8-12dc-408f-b030-331834cff3e4"], [80, "S02:test:cd27a230-cae6-4b00-8146-fc888f9cd4ee:AdvanceAttempt:advance-da042370-360d-50c6-bf57-7fe8438ca443"], [90, "S29:5494a17f-ce38-496d-90ec-5e04f52af9d2"]], "snapshot_id": "aedaa8de-7b35-49f4-90cc-41e26c8b0f31", "state": "VALIDATING"}}}], [{"actor_scope": "test:cd27a230-cae6-4b00-8146-fc888f9cd4ee", "client_key": "commit-ready-5494a17f-ce38-496d-90ec-5e04f52af9d2", "command_kind": "AdvanceAttempt", "content_hash": null, "content_schema_version": 1, "effective_at": null, "hash_scheme_version": 1, "id": "9996beb6-7e5a-456c-9421-5ad56ae65c95", "known_at": null, "recorded_at": "2026-10-03T00:13:01.805845+00:00", "request_hash": "02d546f6a1fd7f3493a14a30856bfc26919c9a742d544391bae07168f2dc4ea2", "revision": 1, "status": "SUCCEEDED", "subject_id": "905f5006-9e2c-4809-b2c0-7984ae9ee3b4", "typed_payload": {"outcome": {"attempt_id": "5494a17f-ce38-496d-90ec-5e04f52af9d2", "executable": false, "lock_trace": [[20, "S01"], [40, "S27:f46b5ae8-12dc-408f-b030-331834cff3e4"], [80, "S02:test:cd27a230-cae6-4b00-8146-fc888f9cd4ee:AdvanceAttempt:commit-ready-5494a17f-ce38-496d-90ec-5e04f52af9d2"], [90, "S29:5494a17f-ce38-496d-90ec-5e04f52af9d2"]], "snapshot_id": "aedaa8de-7b35-49f4-90cc-41e26c8b0f31", "state": "COMMIT_READY"}}}], [{"actor_scope": "test:cd27a230-cae6-4b00-8146-fc888f9cd4ee", "client_key": "DEMAND-5494a17f-ce38-496d-90ec-5e04f52af9d2", "command_kind": "RecordDemandFeatures", "content_hash": null, "content_schema_version": 1, "effective_at": null, "hash_scheme_version": 1, "id": "a53e67ae-9f13-44a7-b191-efd2a514f7f9", "known_at": null, "recorded_at": "2026-10-03T00:13:01.624682+00:00", "request_hash": "503cc95352ba3bc104068a256c10eed56dc95891c9cf181881c7a7e73294d38c", "revision": 1, "status": "SUCCEEDED", "subject_id": "905f5006-9e2c-4809-b2c0-7984ae9ee3b4", "typed_payload": {"outcome": {"attempt_id": "5494a17f-ce38-496d-90ec-5e04f52af9d2", "executable": false, "hash": "eb0f6f736586785b73f823f970892d566599719834663c53ce7c29850edb53ef", "id": "94dbb680-fb34-58c4-ac65-e63a4fc0999a", "kind": "DEMAND", "lock_trace": [[20, "S01"], [40, "S27:f46b5ae8-12dc-408f-b030-331834cff3e4"], [80, "S02:test:cd27a230-cae6-4b00-8146-fc888f9cd4ee:RecordDemandFeatures:DEMAND-5494a17f-ce38-496d-90ec-5e04f52af9d2"], [90, "S29:5494a17f-ce38-496d-90ec-5e04f52af9d2"]]}}}], [{"actor_scope": "test:cd27a230-cae6-4b00-8146-fc888f9cd4ee", "client_key": "NUTRITION-5494a17f-ce38-496d-90ec-5e04f52af9d2", "command_kind": "RecordProposal", "content_hash": null, "content_schema_version": 1, "effective_at": null, "hash_scheme_version": 1, "id": "a9a5393c-cb01-4d98-b6e5-b2f43d6992fb", "known_at": null, "recorded_at": "2026-10-03T00:13:01.695876+00:00", "request_hash": "06ed90ec01a54b1412a99c9e18a83fa7557d88341bc5230cfedebcae9594a0d5", "revision": 1, "status": "SUCCEEDED", "subject_id": "905f5006-9e2c-4809-b2c0-7984ae9ee3b4", "typed_payload": {"outcome": {"attempt_id": "5494a17f-ce38-496d-90ec-5e04f52af9d2", "executable": false, "hash": "6ac347bc71c3ce0ac6d747ca0f01cee715fde00e4b1e246f48566c942457869a", "id": "da042370-360d-50c6-bf57-7fe8438ca443", "kind": "NUTRITION", "lock_trace": [[20, "S01"], [40, "S27:f46b5ae8-12dc-408f-b030-331834cff3e4"], [80, "S02:test:cd27a230-cae6-4b00-8146-fc888f9cd4ee:RecordProposal:NUTRITION-5494a17f-ce38-496d-90ec-5e04f52af9d2"], [90, "S29:5494a17f-ce38-496d-90ec-5e04f52af9d2"]]}}}], [{"actor_scope": "test:cd27a230-cae6-4b00-8146-fc888f9cd4ee", "client_key": "publish", "command_kind": "PublishManifest", "content_hash": null, "content_schema_version": 1, "effective_at": null, "hash_scheme_version": 1, "id": "b09c3003-1b41-4e24-8225-2474cee0e879", "known_at": null, "recorded_at": "2026-10-03T00:13:01.475383+00:00", "request_hash": "1ccc1e724d6aae316da10958a01d52924a5f9404cb18db2a043837be9af1dc12", "revision": 1, "status": "SUCCEEDED", "subject_id": "905f5006-9e2c-4809-b2c0-7984ae9ee3b4", "typed_payload": {"outcome": {"event_id": "2124bcfb-698e-4733-8a0c-a12d77d860c3", "executable": false, "generation": 1, "manifest_id": "246f1ad3-1ad0-415f-9b23-810e29a7139a", "receipt_id": "b09c3003-1b41-4e24-8225-2474cee0e879"}}}], [{"actor_scope": "test:cd27a230-cae6-4b00-8146-fc888f9cd4ee", "client_key": "lease-5494a17f-ce38-496d-90ec-5e04f52af9d2", "command_kind": "AcquireLease", "content_hash": null, "content_schema_version": 1, "effective_at": null, "hash_scheme_version": 1, "id": "b5388984-0e78-4048-a5f4-9b30b26c8243", "known_at": null, "recorded_at": "2026-10-03T00:13:01.505155+00:00", "request_hash": "2f99c28a015bf246efa2173fd92ef42c542cb38fabef2da4db74186da087e603", "revision": 1, "status": "SUCCEEDED", "subject_id": "905f5006-9e2c-4809-b2c0-7984ae9ee3b4", "typed_payload": {"outcome": {"attempt_id": "5494a17f-ce38-496d-90ec-5e04f52af9d2", "fence": 1, "intent_id": "f46b5ae8-12dc-408f-b030-331834cff3e4", "lease_expires_at": "2026-10-03T00:23:01.506543+00:00", "owner": "test:cd27a230-cae6-4b00-8146-fc888f9cd4ee", "request_revision": 1}}}], [{"actor_scope": "test:cd27a230-cae6-4b00-8146-fc888f9cd4ee", "client_key": "admit", "command_kind": "AdmitOrReviseIntent", "content_hash": null, "content_schema_version": 1, "effective_at": null, "hash_scheme_version": 1, "id": "be20cd24-c1d8-4593-989d-18ff46ee153b", "known_at": null, "recorded_at": "2026-10-03T00:13:01.491583+00:00", "request_hash": "b031bb65ad8003e6983fdff86410a6658d2e863809efacc5472e8ce613901b5f", "revision": 1, "status": "SUCCEEDED", "subject_id": "905f5006-9e2c-4809-b2c0-7984ae9ee3b4", "typed_payload": {"outcome": {"attempt_id": "5494a17f-ce38-496d-90ec-5e04f52af9d2", "intent_id": "f46b5ae8-12dc-408f-b030-331834cff3e4", "mode": "ADMIT", "request_id": "b21c32b8-0421-4589-9c4b-be547e3a3dd6", "request_revision": 1}}}], [{"actor_scope": "test:cd27a230-cae6-4b00-8146-fc888f9cd4ee", "client_key": "d02da2eb-844d-42de-aad6-0b8825611639", "command_kind": "RecordActualExecution", "content_hash": null, "content_schema_version": 1, "effective_at": null, "hash_scheme_version": 1, "id": "bf496e4b-10b8-4b76-9dd5-8dc637cfd746", "known_at": null, "recorded_at": "2026-10-03T00:13:01.379833+00:00", "request_hash": "c0696da55b6f09e873efd96b056c14d8453b190da1dce07d1f26d1912e734f4d", "revision": 1, "status": "SUCCEEDED", "subject_id": "905f5006-9e2c-4809-b2c0-7984ae9ee3b4", "typed_payload": {"outcome": {"event_id": "577f7db6-0828-4aa3-8935-e9f9c2ef7a50", "fact_id": "d02da2eb-844d-42de-aad6-0b8825611639"}}}], [{"actor_scope": "test:cd27a230-cae6-4b00-8146-fc888f9cd4ee", "client_key": "seal", "command_kind": "SealFactset", "content_hash": null, "content_schema_version": 1, "effective_at": null, "hash_scheme_version": 1, "id": "d0be3796-c460-4e56-abb0-b4f0f434ee6a", "known_at": null, "recorded_at": "2026-10-03T00:13:01.441413+00:00", "request_hash": "f963241a38929493be5a40585c98cd242c00e4fffa98ee120e59b2cfd78b8253", "revision": 1, "status": "SUCCEEDED", "subject_id": "905f5006-9e2c-4809-b2c0-7984ae9ee3b4", "typed_payload": {"outcome": {"completion": {"build_id": "dcfb7c49-81b8-5513-8b54-1306764d8f76", "builder_identity": "test:cd27a230-cae6-4b00-8146-fc888f9cd4ee", "captured_epoch": 1, "captured_input_frontier": "b0b5570d4051cfbb9fc2cd78c62ae225334904fa765a964a62e169ba80dd2042", "completed_member_revision": 3, "completion_certificate": "aac199150d8a1b48bc88bfbd3657ea9c586a3c9d0c00c0753d9b5cfc42331135", "completion_identity": "05dc9af943da3fc4b082e8a2839db47c709f74d61f99c28ee07bca98d0b9c6e5", "domain_basis_digest": "540fdbbdde0cb5eb3b05c58ae9ddc620ebcf1fe1a09e56109b25f935cc247dc4", "mapping_revision_id": null, "max_delta_depth": 1, "member_count": 3, "membership_digest": "a3fd92b0e6190da2d126467c8f2ff573f51f6314d58daf0d72aee801c4130a9c", "parent_factset_id": null, "policy_id": "56bdb9e9-1cc1-44d7-aee9-7ebb8facaa16", "program_revision_id": "16eba4be-671a-490f-b9fa-137759f569b5"}, "completion_identity": "05dc9af943da3fc4b082e8a2839db47c709f74d61f99c28ee07bca98d0b9c6e5", "factset_id": "dcfb7c49-81b8-5513-8b54-1306764d8f76"}}}], [{"actor_scope": "test:cd27a230-cae6-4b00-8146-fc888f9cd4ee", "client_key": "stage-5494a17f-ce38-496d-90ec-5e04f52af9d2-context-snapshot-fitness", "command_kind": "AdvanceAttempt", "content_hash": null, "content_schema_version": 1, "effective_at": null, "hash_scheme_version": 1, "id": "e638a792-20d2-431a-898a-62ad9d7d58d6", "known_at": null, "recorded_at": "2026-10-03T00:13:01.543947+00:00", "request_hash": "3255c2d3c38474a1571e1af7d5993f57c7be3a69946668b080b624fdba404990", "revision": 1, "status": "SUCCEEDED", "subject_id": "905f5006-9e2c-4809-b2c0-7984ae9ee3b4", "typed_payload": {"outcome": {"attempt_id": "5494a17f-ce38-496d-90ec-5e04f52af9d2", "executable": false, "lock_trace": [[20, "S01"], [40, "S27:f46b5ae8-12dc-408f-b030-331834cff3e4"], [80, "S02:test:cd27a230-cae6-4b00-8146-fc888f9cd4ee:AdvanceAttempt:stage-5494a17f-ce38-496d-90ec-5e04f52af9d2-context-snapshot-fitness"], [90, "S29:5494a17f-ce38-496d-90ec-5e04f52af9d2"]], "snapshot_id": "aedaa8de-7b35-49f4-90cc-41e26c8b0f31", "state": "FITNESS"}}}], [{"actor_scope": "test:cd27a230-cae6-4b00-8146-fc888f9cd4ee", "client_key": "stage-5494a17f-ce38-496d-90ec-5e04f52af9d2-context", "command_kind": "AdvanceAttempt", "content_hash": null, "content_schema_version": 1, "effective_at": null, "hash_scheme_version": 1, "id": "e7f0acb5-c26c-4f42-aa3c-273021868c77", "known_at": null, "recorded_at": "2026-10-03T00:13:01.519796+00:00", "request_hash": "5250bd4499e9910d29c996aeb21cd6cc8e47e3ce39a8c46be02bb693cab8e831", "revision": 1, "status": "SUCCEEDED", "subject_id": "905f5006-9e2c-4809-b2c0-7984ae9ee3b4", "typed_payload": {"outcome": {"attempt_id": "5494a17f-ce38-496d-90ec-5e04f52af9d2", "executable": false, "lock_trace": [[20, "S01"], [40, "S27:f46b5ae8-12dc-408f-b030-331834cff3e4"], [80, "S02:test:cd27a230-cae6-4b00-8146-fc888f9cd4ee:AdvanceAttempt:stage-5494a17f-ce38-496d-90ec-5e04f52af9d2-context"], [90, "S29:5494a17f-ce38-496d-90ec-5e04f52af9d2"]], "snapshot_id": null, "state": "BUILDING_CONTEXT"}}}]], "control_events": [], "control_heads": [], "daily_bundle_revisions": [], "daily_plan_heads": [], "decision_manifests": [[{"captured_epoch": 1, "content_hash": null, "content_schema_version": 1, "dependency_closure_hash": "a0d08e20c42241d6bd6798c5800e66f0cfed9795722ab3a4f501231bf20127f8", "effective_at": null, "generation": 1, "hash_scheme_version": 1, "id": "246f1ad3-1ad0-415f-9b23-810e29a7139a", "input_frontier_hash": "b0b5570d4051cfbb9fc2cd78c62ae225334904fa765a964a62e169ba80dd2042", "known_at": null, "manifest_hash": "50852fd2aaf1d1f2e4e5b74a3036302f6f3fa4fad1c1f8fd9f9dd684cf4aa34b", "recorded_at": "2026-10-03T00:13:01.475383+00:00", "ref_s05_id": "56bdb9e9-1cc1-44d7-aee9-7ebb8facaa16", "ref_s06_id": "16eba4be-671a-490f-b9fa-137759f569b5", "ref_s15_id": "dcfb7c49-81b8-5513-8b54-1306764d8f76", "ref_s19_id": null, "ref_s20_id": null, "ref_s23_id": "2609b2e3-97a2-52d4-9dcb-cf672fa6e684", "ref_s49_id": "d8af5beb-7c78-46bd-a20d-cf452f8273c5", "registry_revision_at_publish": 0, "registry_state_id": 1, "revision": 1, "status": null, "subject_id": "905f5006-9e2c-4809-b2c0-7984ae9ee3b4", "typed_payload": {"artifact_closure_ids": ["473d9e45-682a-4e5c-8cf1-f4c9dba6494b", "95c1ba59-6a78-4511-8082-52d7b4a24917", "d8af5beb-7c78-46bd-a20d-cf452f8273c5", "dca22276-ab34-4339-8c44-55be8f9a8ba4"], "artifact_dependency_closure_hash": "5f8e1f2b4cbbdf379700c5ff4d2c0c3cea32798b28354234ec7f6e325997b37e", "artifact_root_ids": ["d8af5beb-7c78-46bd-a20d-cf452f8273c5"]}, "valid_until": "2026-10-03T01:13:01.317095+00:00"}]], "decision_snapshots": [[{"captured_epoch": 1, "content_hash": "84cde8ee8a65991a2ed4acc258adc693d4fc8a22201368d571e49b6ed3e627b1", "content_schema_version": 1, "context_hash": "84cde8ee8a65991a2ed4acc258adc693d4fc8a22201368d571e49b6ed3e627b1", "effective_at": null, "hash_scheme_version": 1, "id": "aedaa8de-7b35-49f4-90cc-41e26c8b0f31", "known_at": null, "recorded_at": "2026-10-03T00:13:01.534207+00:00", "ref_s24_id": "246f1ad3-1ad0-415f-9b23-810e29a7139a", "ref_s28_id": "b21c32b8-0421-4589-9c4b-be547e3a3dd6", "ref_s29_id": "5494a17f-ce38-496d-90ec-5e04f52af9d2", "revision": 1, "source_cutoff": "2026-10-03T00:13:01.532426+00:00", "status": null, "subject_id": "905f5006-9e2c-4809-b2c0-7984ae9ee3b4", "typed_payload": {"accounting": {"budget_units": 65536, "input_units": 1154, "method": "UTF8_BYTE_UPPER_BOUND_V1", "truncated": false}, "attempt_id": "5494a17f-ce38-496d-90ec-5e04f52af9d2", "blocks": {"constraints": {"equipment": [], "minutes": 30}, "data_quality_time": {"status": "TEST_INPUT_ONLY", "value": []}, "overrides": {"status": "TEST_INPUT_ONLY", "value": []}, "program": {}, "progression": {"status": "TEST_INPUT_ONLY", "value": []}, "recent_execution": {"status": "TEST_INPUT_ONLY", "value": ["d02da2eb-844d-42de-aad6-0b8825611639"]}, "restrictions_holds": {"status": "TEST_INPUT_ONLY", "value": []}, "sequence": {"status": "TEST_INPUT_ONLY", "value": []}, "target_priorities": {"status": "TEST_INPUT_ONLY", "value": []}}, "builder_hash": "b2757b68a0fa33328a224f6a81549f06036670a3bf7203846527f5b034306f84", "builder_id": "dca22276-ab34-4339-8c44-55be8f9a8ba4", "context_builder_version": "1", "epoch": 1, "mandatory_context": true, "manifest_hash": "50852fd2aaf1d1f2e4e5b74a3036302f6f3fa4fad1c1f8fd9f9dd684cf4aa34b", "manifest_id": "246f1ad3-1ad0-415f-9b23-810e29a7139a", "policy_id": "56bdb9e9-1cc1-44d7-aee9-7ebb8facaa16", "program_id": "16eba4be-671a-490f-b9fa-137759f569b5", "request_id": "b21c32b8-0421-4589-9c4b-be547e3a3dd6", "request_revision": 1, "source_cutoff": "2026-10-03T00:13:01.532426+00:00", "trust_class": "NON_COMMAND_CONTEXT"}}]], "domain_events": [[{"aggregate_identity": "a26083f6da39409ce4b8528ffb2796e6d269f2ba6cda4aae3c22ddd30f466681", "aggregate_revision": 1, "aggregate_type": "PLANNING_PROGRESS", "content_hash": null, "content_schema_version": 1, "correlation_intent_id": null, "effective_at": null, "event_type": "AdvanceAttempt", "hash_scheme_version": 1, "id": "1164c11b-0cdd-43f3-be97-30e22882b901", "known_at": null, "recorded_at": "2026-10-03T00:13:01.510949+00:00", "ref_s02_id": "6fbaadaa-ac6a-44d9-be3e-3f15b05d353f", "revision": 1, "status": null, "subject_id": "905f5006-9e2c-4809-b2c0-7984ae9ee3b4", "typed_payload": {"guard_accepted_at": "2026-10-03T00:13:01.515160+00:00"}}], [{"aggregate_identity": "2609b2e3-97a2-52d4-9dcb-cf672fa6e684", "aggregate_revision": 1, "aggregate_type": "MANIFEST", "content_hash": null, "content_schema_version": 1, "correlation_intent_id": null, "effective_at": null, "event_type": "MANIFEST_PUBLISHED", "hash_scheme_version": 1, "id": "2124bcfb-698e-4733-8a0c-a12d77d860c3", "known_at": null, "recorded_at": "2026-10-03T00:13:01.475383+00:00", "ref_s02_id": "b09c3003-1b41-4e24-8225-2474cee0e879", "revision": 1, "status": null, "subject_id": "905f5006-9e2c-4809-b2c0-7984ae9ee3b4", "typed_payload": {}}], [{"aggregate_identity": "ad2dac6e5bbb49ee3b35304aaa58852469d102e681bf832b1f72d756a181f538", "aggregate_revision": 1, "aggregate_type": "FIXTURE_PREPARATION", "content_hash": null, "content_schema_version": 1, "correlation_intent_id": null, "effective_at": null, "event_type": "RecordProposal", "hash_scheme_version": 1, "id": "24b20693-75f7-43dd-a66f-07a68653edb4", "known_at": null, "recorded_at": "2026-10-03T00:13:01.695876+00:00", "ref_s02_id": "a9a5393c-cb01-4d98-b6e5-b2f43d6992fb", "revision": 1, "status": null, "subject_id": "905f5006-9e2c-4809-b2c0-7984ae9ee3b4", "typed_payload": {"guard_accepted_at": "2026-10-03T00:13:01.699499+00:00"}}], [{"aggregate_identity": "b63182730cf03ad0e364b32237514355be2e7258f0f96e8dda5bf46bce70080b", "aggregate_revision": 1, "aggregate_type": "FIXTURE_PREPARATION", "content_hash": null, "content_schema_version": 1, "correlation_intent_id": null, "effective_at": null, "event_type": "ResolveEvidence", "hash_scheme_version": 1, "id": "36f512f6-d9e6-4f58-aeb2-b628f58e35e2", "known_at": null, "recorded_at": "2026-10-03T00:13:01.752641+00:00", "ref_s02_id": "46449ea5-6423-4334-9fe8-f362108209b5", "revision": 1, "status": null, "subject_id": "905f5006-9e2c-4809-b2c0-7984ae9ee3b4", "typed_payload": {"guard_accepted_at": "2026-10-03T00:13:01.756351+00:00"}}], [{"aggregate_identity": "43ad5226eb88b50d2609d941bc59297ca37ffc8eb26c98881753edea56dccdbf", "aggregate_revision": 1, "aggregate_type": "PLANNING_PROGRESS", "content_hash": null, "content_schema_version": 1, "correlation_intent_id": null, "effective_at": null, "event_type": "RecordSnapshot", "hash_scheme_version": 1, "id": "41c003d9-2d65-41b7-bbd7-d0985787b0e8", "known_at": null, "recorded_at": "2026-10-03T00:13:01.534207+00:00", "ref_s02_id": "1078d15a-70dc-41b4-8234-939f8fa5511f", "revision": 1, "status": null, "subject_id": "905f5006-9e2c-4809-b2c0-7984ae9ee3b4", "typed_payload": {"guard_accepted_at": "2026-10-03T00:13:01.538632+00:00"}}], [{"aggregate_identity": "dea0b300c93e146dc423f1a3047bae2e338ef081319ddec748a331848df82211", "aggregate_revision": 1, "aggregate_type": "FIXTURE_PREPARATION", "content_hash": null, "content_schema_version": 1, "correlation_intent_id": null, "effective_at": null, "event_type": "RecordValidation", "hash_scheme_version": 1, "id": "42f405a2-4a93-469f-8d26-cc0e707c4401", "known_at": null, "recorded_at": "2026-10-03T00:13:01.788418+00:00", "ref_s02_id": "476bb210-a63a-44d1-bc25-6fb705006852", "revision": 1, "status": null, "subject_id": "905f5006-9e2c-4809-b2c0-7984ae9ee3b4", "typed_payload": {"guard_accepted_at": "2026-10-03T00:13:01.791140+00:00"}}], [{"aggregate_identity": "3d75ba668918c7e5fee498b997da327ba0c67f7f2eebe90f66548057598dfcc2", "aggregate_revision": 1, "aggregate_type": "FIXTURE_PREPARATION", "content_hash": null, "content_schema_version": 1, "correlation_intent_id": null, "effective_at": null, "event_type": "RecordProposal", "hash_scheme_version": 1, "id": "548e8d66-8455-40ee-b0ed-359cd8caa8b7", "known_at": null, "recorded_at": "2026-10-03T00:13:01.577837+00:00", "ref_s02_id": "44be741d-1cdf-4b5a-bd51-a8ade6474fc4", "revision": 1, "status": null, "subject_id": "905f5006-9e2c-4809-b2c0-7984ae9ee3b4", "typed_payload": {"guard_accepted_at": "2026-10-03T00:13:01.582610+00:00"}}], [{"aggregate_identity": "d02da2eb-844d-42de-aad6-0b8825611639", "aggregate_revision": 1, "aggregate_type": "FIXTURE_ACTUAL", "content_hash": null, "content_schema_version": 1, "correlation_intent_id": null, "effective_at": null, "event_type": "RecordActualExecution", "hash_scheme_version": 1, "id": "577f7db6-0828-4aa3-8935-e9f9c2ef7a50", "known_at": null, "recorded_at": "2026-10-03T00:13:01.379833+00:00", "ref_s02_id": "bf496e4b-10b8-4b76-9dd5-8dc637cfd746", "revision": 1, "status": null, "subject_id": "905f5006-9e2c-4809-b2c0-7984ae9ee3b4", "typed_payload": {}}], [{"aggregate_identity": "4ca6a058f97f9f1e35feef2fb973759a0596d6b101dac6504b6992675fb51e8b", "aggregate_revision": 1, "aggregate_type": "PLANNING_COMMAND", "content_hash": null, "content_schema_version": 1, "correlation_intent_id": null, "effective_at": null, "event_type": "AcquireLease", "hash_scheme_version": 1, "id": "6db91fb5-3f34-4045-9d36-9494c099b337", "known_at": null, "recorded_at": "2026-10-03T00:13:01.505155+00:00", "ref_s02_id": "b5388984-0e78-4048-a5f4-9b30b26c8243", "revision": 1, "status": null, "subject_id": "905f5006-9e2c-4809-b2c0-7984ae9ee3b4", "typed_payload": {}}], [{"aggregate_identity": "2bd69a0217180eda9dbc6fe8eb8afa89c8d063d6feb51e5331fc9d605c9337b1", "aggregate_revision": 1, "aggregate_type": "PLANNING_PROGRESS", "content_hash": null, "content_schema_version": 1, "correlation_intent_id": null, "effective_at": null, "event_type": "AdvanceAttempt", "hash_scheme_version": 1, "id": "6e193185-2621-4b8d-a8a1-3bd59b08bc40", "known_at": null, "recorded_at": "2026-10-03T00:13:01.543947+00:00", "ref_s02_id": "e638a792-20d2-431a-898a-62ad9d7d58d6", "revision": 1, "status": null, "subject_id": "905f5006-9e2c-4809-b2c0-7984ae9ee3b4", "typed_payload": {"guard_accepted_at": "2026-10-03T00:13:01.547982+00:00"}}], [{"aggregate_identity": "4a603b81ca5d64257aa8c02be6eaed71ef9a5d1905ac9a2219f8a269a6ed5cba", "aggregate_revision": 1, "aggregate_type": "PLANNING_PROGRESS", "content_hash": null, "content_schema_version": 1, "correlation_intent_id": null, "effective_at": null, "event_type": "AdvanceAttempt", "hash_scheme_version": 1, "id": "73c0ba8b-c1bf-4b3f-9364-2579660bd9ab", "known_at": null, "recorded_at": "2026-10-03T00:13:01.805845+00:00", "ref_s02_id": "9996beb6-7e5a-456c-9421-5ad56ae65c95", "revision": 1, "status": null, "subject_id": "905f5006-9e2c-4809-b2c0-7984ae9ee3b4", "typed_payload": {"guard_accepted_at": "2026-10-03T00:13:01.808564+00:00"}}], [{"aggregate_identity": "7de34d81ac582f4c25f827bfb6206676405b91773030273dabca975bd6b4fd98", "aggregate_revision": 1, "aggregate_type": "PLANNING_PROGRESS", "content_hash": null, "content_schema_version": 1, "correlation_intent_id": null, "effective_at": null, "event_type": "AdvanceAttempt", "hash_scheme_version": 1, "id": "92ad724c-bbe5-446e-b0ff-317a0a605252", "known_at": null, "recorded_at": "2026-10-03T00:13:01.519796+00:00", "ref_s02_id": "e7f0acb5-c26c-4f42-aa3c-273021868c77", "revision": 1, "status": null, "subject_id": "905f5006-9e2c-4809-b2c0-7984ae9ee3b4", "typed_payload": {"guard_accepted_at": "2026-10-03T00:13:01.528761+00:00"}}], [{"aggregate_identity": "779a0d4096d2bb73ab8e63a8057aaa3ea48b3ba9ac3c32062ef0c903b6b99f81", "aggregate_revision": 1, "aggregate_type": "PLANNING_PROGRESS", "content_hash": null, "content_schema_version": 1, "correlation_intent_id": null, "effective_at": null, "event_type": "AdvanceAttempt", "hash_scheme_version": 1, "id": "9fdbe1eb-50a5-4936-9cdf-506ae4cdeb8b", "known_at": null, "recorded_at": "2026-10-03T00:13:01.591871+00:00", "ref_s02_id": "7ecc2ac4-fa5d-4e87-b76f-150ab84f2a9c", "revision": 1, "status": null, "subject_id": "905f5006-9e2c-4809-b2c0-7984ae9ee3b4", "typed_payload": {"guard_accepted_at": "2026-10-03T00:13:01.596452+00:00"}}], [{"aggregate_identity": "c23b303ee045035735fb11c39573f24e1b9118d4ee53bd28a8e62a01f5fdccf6", "aggregate_revision": 1, "aggregate_type": "PLANNING_PROGRESS", "content_hash": null, "content_schema_version": 1, "correlation_intent_id": null, "effective_at": null, "event_type": "AdvanceAttempt", "hash_scheme_version": 1, "id": "a82d158f-fb3b-4e3f-993f-17841241a041", "known_at": null, "recorded_at": "2026-10-03T00:13:01.64777+00:00", "ref_s02_id": "5a3db943-daf9-469c-82cb-1b341c5bdf58", "revision": 1, "status": null, "subject_id": "905f5006-9e2c-4809-b2c0-7984ae9ee3b4", "typed_payload": {"guard_accepted_at": "2026-10-03T00:13:01.654133+00:00"}}], [{"aggregate_identity": "dcfb7c49-81b8-5513-8b54-1306764d8f76", "aggregate_revision": 1, "aggregate_type": "FACTSET", "content_hash": null, "content_schema_version": 1, "correlation_intent_id": null, "effective_at": null, "event_type": "FACTSET_SEALED", "hash_scheme_version": 1, "id": "adf39f35-9ffc-49dd-b5a8-23fe8fc0e762", "known_at": null, "recorded_at": "2026-10-03T00:13:01.441413+00:00", "ref_s02_id": "d0be3796-c460-4e56-abb0-b4f0f434ee6a", "revision": 1, "status": null, "subject_id": "905f5006-9e2c-4809-b2c0-7984ae9ee3b4", "typed_payload": {}}], [{"aggregate_identity": "3f6f3c04c0063ce0fe753492525ce6cb2326b45aa6bc618683b43d7de1ddaacb", "aggregate_revision": 1, "aggregate_type": "PLANNING_COMMAND", "content_hash": null, "content_schema_version": 1, "correlation_intent_id": null, "effective_at": null, "event_type": "ADMIT", "hash_scheme_version": 1, "id": "ae375ff8-22a2-4bca-9c58-3f12704bdfd6", "known_at": null, "recorded_at": "2026-10-03T00:13:01.491583+00:00", "ref_s02_id": "be20cd24-c1d8-4593-989d-18ff46ee153b", "revision": 1, "status": null, "subject_id": "905f5006-9e2c-4809-b2c0-7984ae9ee3b4", "typed_payload": {}}], [{"aggregate_identity": "c9e221ed54d063fc0847077c143004579648003a0d1d3821d0502d8f0695bf24", "aggregate_revision": 1, "aggregate_type": "FIXTURE_PREPARATION", "content_hash": null, "content_schema_version": 1, "correlation_intent_id": null, "effective_at": null, "event_type": "RecordDemandFeatures", "hash_scheme_version": 1, "id": "c80841a2-1383-4a10-a90f-f6360c015025", "known_at": null, "recorded_at": "2026-10-03T00:13:01.624682+00:00", "ref_s02_id": "a53e67ae-9f13-44a7-b191-efd2a514f7f9", "revision": 1, "status": null, "subject_id": "905f5006-9e2c-4809-b2c0-7984ae9ee3b4", "typed_payload": {"guard_accepted_at": "2026-10-03T00:13:01.630584+00:00"}}], [{"aggregate_identity": "41eb5b353066a230178f8d582b27c7f94e8e83b72fc5af959691bb9010de9370", "aggregate_revision": 1, "aggregate_type": "PLANNING_PROGRESS", "content_hash": null, "content_schema_version": 1, "correlation_intent_id": null, "effective_at": null, "event_type": "AdvanceAttempt", "hash_scheme_version": 1, "id": "f72bf59a-00be-4ecc-b2f4-6ce8813f8b10", "known_at": null, "recorded_at": "2026-10-03T00:13:01.716898+00:00", "ref_s02_id": "860e3894-5737-486f-9577-45848416ed27", "revision": 1, "status": null, "subject_id": "905f5006-9e2c-4809-b2c0-7984ae9ee3b4", "typed_payload": {"guard_accepted_at": "2026-10-03T00:13:01.725014+00:00"}}]], "event_association_decisions": [[{"association_family_identity": "fixture-event", "association_state": "MATCHED", "content_hash": "ebc86243cb3626f6c9f05d3716df567d3594354e702ee79ade6b4eb01e06e6db", "content_schema_version": 1, "effective_at": null, "hash_scheme_version": 1, "id": "3646d661-ab0e-4ab6-aaa9-809e83872858", "known_at": null, "recorded_at": "2026-10-03T00:13:01.323084+00:00", "ref_s09_id": null, "ref_s11_id": "6026d804-09d1-43f9-b509-9135c8dd8834", "revision": 1, "status": null, "subject_id": "905f5006-9e2c-4809-b2c0-7984ae9ee3b4", "typed_payload": {"event_id": "6026d804-09d1-43f9-b509-9135c8dd8834", "fixture_association": "MATCHED"}}]], "evidence_resolutions": [[{"action_parameters_hash": "f863709ebb1218374d5c57e23c2de587f9f616ac436ec20eb3d2f983ed1bb000", "action_type": "TRAINING", "content_hash": "68b6e0aa0a19099ef23445f5c443e7132d8d141dbac422efe5c35789ebbf5012", "content_schema_version": 1, "effective_at": null, "hash_scheme_version": 1, "id": "2be28bff-9cad-5fa6-babe-8dbc8d5be1b1", "known_at": null, "query_basis_hash": "cb6db706e794f8d5d61591125bbb512adb2696d1a54d041a1b9634d726966941", "recorded_at": "2026-10-03T00:13:01.752641+00:00", "ref_s05_id": "56bdb9e9-1cc1-44d7-aee9-7ebb8facaa16", "ref_s09_id": null, "ref_s12_id": null, "ref_s14_id": null, "ref_s24_id": "246f1ad3-1ad0-415f-9b23-810e29a7139a", "resolution_expires_at": "2026-10-03T01:13:01.317095+00:00", "resolver_version": "kl076-mechanical-test-v1", "revision": 1, "status": null, "subject_id": "905f5006-9e2c-4809-b2c0-7984ae9ee3b4", "typed_payload": {"action_parameters_hash": "f863709ebb1218374d5c57e23c2de587f9f616ac436ec20eb3d2f983ed1bb000", "action_type": "TRAINING", "attempt_id": "5494a17f-ce38-496d-90ec-5e04f52af9d2", "captured_epoch": 1, "consistency": "CONSISTENT", "context_hash": "84cde8ee8a65991a2ed4acc258adc693d4fc8a22201368d571e49b6ed3e627b1", "contradicting_events": [], "coverage": "COMPLETE_FOR_POLICY", "event_association_status": "CONFIRMED", "facts": [{"admission": "ELIGIBLE", "admission_hash": "e1c5f4fe140983ef7d9c48f0e37a1a06121ea1a62c1f26d2b73dddb37035debf", "admission_id": "eb70a5f3-35da-4ce6-bfad-0608d75a6089", "association": "MATCHED", "association_hash": "ebc86243cb3626f6c9f05d3716df567d3594354e702ee79ade6b4eb01e06e6db", "association_id": "3646d661-ab0e-4ab6-aaa9-809e83872858", "contradicts": false, "effective_at": "2026-10-02T23:13:01.317095+00:00", "event_id": "6026d804-09d1-43f9-b509-9135c8dd8834", "exercise": "fixture:cycle", "fact_hash": "c0696da55b6f09e873efd96b056c14d8453b190da1dce07d1f26d1912e734f4d", "fact_id": "d02da2eb-844d-42de-aad6-0b8825611639", "lower_minutes": 10, "policy_id": "56bdb9e9-1cc1-44d7-aee9-7ebb8facaa16", "replaces_slot": "prior-slot", "retracted": false, "scope": "TEST_ONLY", "semantic_class": "ACTUAL_EXECUTION", "subject_id": "905f5006-9e2c-4809-b2c0-7984ae9ee3b4", "upper_minutes": 10, "valid_until": "2026-10-03T01:13:01.317095+00:00"}], "fitness_hash": "140cf134d940b8d6b76c47fb1d27b15d6bcd54c2006834b9170320fc5b8fee2f", "fitness_id": "7c5aa222-1bdd-569c-a672-c88e541e8924", "id": "2be28bff-9cad-5fa6-babe-8dbc8d5be1b1", "kind": "RESOLUTION", "manifest_hash": "50852fd2aaf1d1f2e4e5b74a3036302f6f3fa4fad1c1f8fd9f9dd684cf4aa34b", "manifest_id": "246f1ad3-1ad0-415f-9b23-810e29a7139a", "policy_hash": "15cd1910d6c0677e8460887b23b5c9a9fe2dd784f6ec5578cb5e9ca470d90d80", "policy_id": "56bdb9e9-1cc1-44d7-aee9-7ebb8facaa16", "request_id": "b21c32b8-0421-4589-9c4b-be547e3a3dd6", "request_revision": 1, "resolution_expires_at": "2026-10-03T01:13:01.317095+00:00", "root_id": "f46b5ae8-12dc-408f-b030-331834cff3e4", "snapshot_id": "aedaa8de-7b35-49f4-90cc-41e26c8b0f31", "source_hash": "4581806c4aac013f2770f782cde2dc07d62231b786aaebc74cf60b4a733973ab", "source_members": ["3646d661-ab0e-4ab6-aaa9-809e83872858", "d02da2eb-844d-42de-aad6-0b8825611639", "eb70a5f3-35da-4ce6-bfad-0608d75a6089"], "source_ranges": ["2026-10-02T00:13:01.317095+00:00", "2026-10-03T01:13:01.317095+00:00"], "subject_id": "905f5006-9e2c-4809-b2c0-7984ae9ee3b4", "superseded_or_retracted_items": [], "supporting_events": ["6026d804-09d1-43f9-b509-9135c8dd8834"], "truncation_status": "NOT_TRUNCATED", "version": "kl076-mechanical-test-v1"}}]], "evidence_revisions": [[{"command_authority": "NONE", "content_hash": null, "content_schema_version": 1, "effective_at": null, "hash_scheme_version": 1, "id": "a1bc9a3e-4d12-49a8-8d00-031ece9a6079", "known_at": null, "observation_key": null, "recorded_at": "2026-10-03T00:13:01.321019+00:00", "revision": 1, "source_class": "USER", "source_connection_identity": "kl079-test", "source_object_identity": "fixture-actual", "source_object_type": "actual", "source_revision": "1", "status": null, "subject_id": "905f5006-9e2c-4809-b2c0-7984ae9ee3b4", "trust_class": "USER_REPORTED", "typed_payload": {}}]], "execution_bindings": [], "factset_members": [[{"action_scope": "TEST_ONLY", "content_hash": null, "content_schema_version": 1, "effective_at": null, "hash_scheme_version": 1, "id": "7331caf9-0ecb-54ce-94a2-2b7b7d3a109d", "known_at": null, "logical_member_key": "fixture-actual", "member_kind": "FACT", "member_operation": "SET", "recorded_at": "2026-10-03T00:13:01.428857+00:00", "ref_s12_id": null, "ref_s13_id": null, "ref_s14_id": "d02da2eb-844d-42de-aad6-0b8825611639", "ref_s15_id": "dcfb7c49-81b8-5513-8b54-1306764d8f76", "ref_s20_id": null, "revision": 1, "status": null, "subject_id": "905f5006-9e2c-4809-b2c0-7984ae9ee3b4", "typed_payload": {}}], [{"action_scope": "TEST_ONLY", "content_hash": null, "content_schema_version": 1, "effective_at": null, "hash_scheme_version": 1, "id": "735ed54d-c62e-5e9e-9c0a-409f0fcfb124", "known_at": null, "logical_member_key": "fixture-event", "member_kind": "ASSOCIATION", "member_operation": "SET", "recorded_at": "2026-10-03T00:13:01.419824+00:00", "ref_s12_id": "3646d661-ab0e-4ab6-aaa9-809e83872858", "ref_s13_id": null, "ref_s14_id": null, "ref_s15_id": "dcfb7c49-81b8-5513-8b54-1306764d8f76", "ref_s20_id": null, "revision": 1, "status": null, "subject_id": "905f5006-9e2c-4809-b2c0-7984ae9ee3b4", "typed_payload": {}}], [{"action_scope": "TEST_ONLY", "content_hash": null, "content_schema_version": 1, "effective_at": null, "hash_scheme_version": 1, "id": "76d5722a-52d5-566b-9df0-62ae4f73d3b0", "known_at": null, "logical_member_key": "fixture-admitted", "member_kind": "ADMISSION", "member_operation": "SET", "recorded_at": "2026-10-03T00:13:01.424723+00:00", "ref_s12_id": null, "ref_s13_id": "eb70a5f3-35da-4ce6-bfad-0608d75a6089", "ref_s14_id": null, "ref_s15_id": "dcfb7c49-81b8-5513-8b54-1306764d8f76", "ref_s20_id": null, "revision": 1, "status": null, "subject_id": "905f5006-9e2c-4809-b2c0-7984ae9ee3b4", "typed_payload": {}}]], "factset_revisions": [[{"completed_member_revision": 3, "content_hash": null, "content_schema_version": 1, "delta_depth": 0, "effective_at": null, "factset_identity": "kl023:source", "hash_scheme_version": 1, "id": "dcfb7c49-81b8-5513-8b54-1306764d8f76", "known_at": null, "member_revision": 3, "membership_digest": "a3fd92b0e6190da2d126467c8f2ff573f51f6314d58daf0d72aee801c4130a9c", "recorded_at": "2026-10-03T00:13:01.415162+00:00", "ref_s12_id": null, "ref_s13_id": null, "ref_s20_id": null, "revision": 1, "sealed_at": "2026-10-03T00:13:01.444308+00:00", "status": "SEALED", "storage_mode": "FULL", "subject_id": "905f5006-9e2c-4809-b2c0-7984ae9ee3b4", "typed_payload": {"basis_version": "kl015-v1", "build_replays": {"5de6ca65637a7d32e661cfbd11f0aee665b69467f7789a22ac7b11acbb4020cb": {"outcome": {"build_id": "dcfb7c49-81b8-5513-8b54-1306764d8f76", "builder_identity": "test:cd27a230-cae6-4b00-8146-fc888f9cd4ee", "captured_epoch": 1, "captured_input_frontier": "b0b5570d4051cfbb9fc2cd78c62ae225334904fa765a964a62e169ba80dd2042", "completed_member_revision": 3, "completion_certificate": "aac199150d8a1b48bc88bfbd3657ea9c586a3c9d0c00c0753d9b5cfc42331135", "completion_identity": "05dc9af943da3fc4b082e8a2839db47c709f74d61f99c28ee07bca98d0b9c6e5", "domain_basis_digest": "540fdbbdde0cb5eb3b05c58ae9ddc620ebcf1fe1a09e56109b25f935cc247dc4", "mapping_revision_id": null, "max_delta_depth": 1, "member_count": 3, "membership_digest": "a3fd92b0e6190da2d126467c8f2ff573f51f6314d58daf0d72aee801c4130a9c", "parent_factset_id": null, "policy_id": "56bdb9e9-1cc1-44d7-aee9-7ebb8facaa16", "program_revision_id": "16eba4be-671a-490f-b9fa-137759f569b5"}, "request_hash": "56da643f4a967663ac2f9ec0b8292b145cfa974393417df1b6232849cdd295d3"}, "76c7c95188e84cec53aee4016598ff1319caa9a8aadd45d44f13a0c2a34b055f": {"outcome": {"build_id": "dcfb7c49-81b8-5513-8b54-1306764d8f76", "member_id": "735ed54d-c62e-5e9e-9c0a-409f0fcfb124", "member_revision": 1}, "request_hash": "9871cde8b86fdadb06693f62d17a6a1cde5c32a3bb55b7baf5b5425978fd85a8"}, "89187d8028342bc649e3e49a6910cdb9e5689d7484f134e4acffb5109d84f901": {"outcome": {"build_id": "dcfb7c49-81b8-5513-8b54-1306764d8f76", "delta_depth": 0, "member_revision": 0, "storage_mode": "FULL"}, "request_hash": "5d9614b45c6b53765c10ec25aac5ba7cef1096679f81b00daf133a596d1de5d4"}, "c1ebc98239ca16998918ea2a62b0c3f753a49e672ff0eef665447bbe276a88b2": {"outcome": {"build_id": "dcfb7c49-81b8-5513-8b54-1306764d8f76", "member_id": "76d5722a-52d5-566b-9df0-62ae4f73d3b0", "member_revision": 2}, "request_hash": "4a9aae57144d7eb4270e7b1e83b49d6e2ffc274d1177d372cbe619848e04c3dc"}, "cf89e37686137ac99fab9f491c1accb9db302079e8acc2675e7bfc3f3f7be071": {"outcome": {"build_id": "dcfb7c49-81b8-5513-8b54-1306764d8f76", "member_id": "7331caf9-0ecb-54ce-94a2-2b7b7d3a109d", "member_revision": 3}, "request_hash": "c5ddcef3aecdf99a87049d74796f84fe6a4b1b06cdf5c64986b91f79836c7a90"}}, "builder_identity": "test:cd27a230-cae6-4b00-8146-fc888f9cd4ee", "captured_epoch": 1, "captured_input_frontier": "b0b5570d4051cfbb9fc2cd78c62ae225334904fa765a964a62e169ba80dd2042", "checkpoint": [], "completion_certificate": "aac199150d8a1b48bc88bfbd3657ea9c586a3c9d0c00c0753d9b5cfc42331135", "completion_identity": "05dc9af943da3fc4b082e8a2839db47c709f74d61f99c28ee07bca98d0b9c6e5", "completion_outcome": {"build_id": "dcfb7c49-81b8-5513-8b54-1306764d8f76", "builder_identity": "test:cd27a230-cae6-4b00-8146-fc888f9cd4ee", "captured_epoch": 1, "captured_input_frontier": "b0b5570d4051cfbb9fc2cd78c62ae225334904fa765a964a62e169ba80dd2042", "completed_member_revision": 3, "completion_certificate": "aac199150d8a1b48bc88bfbd3657ea9c586a3c9d0c00c0753d9b5cfc42331135", "completion_identity": "05dc9af943da3fc4b082e8a2839db47c709f74d61f99c28ee07bca98d0b9c6e5", "domain_basis_digest": "540fdbbdde0cb5eb3b05c58ae9ddc620ebcf1fe1a09e56109b25f935cc247dc4", "mapping_revision_id": null, "max_delta_depth": 1, "member_count": 3, "membership_digest": "a3fd92b0e6190da2d126467c8f2ff573f51f6314d58daf0d72aee801c4130a9c", "parent_factset_id": null, "policy_id": "56bdb9e9-1cc1-44d7-aee9-7ebb8facaa16", "program_revision_id": "16eba4be-671a-490f-b9fa-137759f569b5"}, "domain_basis": {"admissions": ["eb70a5f3-35da-4ce6-bfad-0608d75a6089"], "associations": ["3646d661-ab0e-4ab6-aaa9-809e83872858"], "effective_scope": "TEST_ONLY", "knowledge_boundary": "2026-10-03T00:13:01.317095+00:00", "mappings": []}, "domain_basis_digest": "540fdbbdde0cb5eb3b05c58ae9ddc620ebcf1fe1a09e56109b25f935cc247dc4", "mapping_revision_id": null, "max_delta_depth": 1, "member_count": 3, "parent_factset_id": null, "policy_id": "56bdb9e9-1cc1-44d7-aee9-7ebb8facaa16", "program_revision_id": "16eba4be-671a-490f-b9fa-137759f569b5"}}]], "manifest_builds": [[{"build_identity": "kl078:build", "captured_epoch": 1, "captured_input_frontier": "b0b5570d4051cfbb9fc2cd78c62ae225334904fa765a964a62e169ba80dd2042", "content_hash": null, "content_schema_version": 1, "effective_at": null, "error_code": null, "hash_scheme_version": 1, "id": "2609b2e3-97a2-52d4-9dcb-cf672fa6e684", "known_at": null, "recorded_at": "2026-10-03T00:13:01.46153+00:00", "ref_s05_id": "56bdb9e9-1cc1-44d7-aee9-7ebb8facaa16", "ref_s06_id": "16eba4be-671a-490f-b9fa-137759f569b5", "ref_s15_id": "dcfb7c49-81b8-5513-8b54-1306764d8f76", "ref_s21_id": "a501a5e1-52d6-5394-9abe-7c7ba5e81799", "revision": 1, "status": "PUBLISHED", "subject_id": "905f5006-9e2c-4809-b2c0-7984ae9ee3b4", "typed_payload": {"artifact_closure_ids": ["473d9e45-682a-4e5c-8cf1-f4c9dba6494b", "95c1ba59-6a78-4511-8082-52d7b4a24917", "d8af5beb-7c78-46bd-a20d-cf452f8273c5", "dca22276-ab34-4339-8c44-55be8f9a8ba4"], "artifact_dependency_closure_hash": "5f8e1f2b4cbbdf379700c5ff4d2c0c3cea32798b28354234ec7f6e325997b37e", "artifact_root_ids": ["d8af5beb-7c78-46bd-a20d-cf452f8273c5"], "dependency_basis_hash": "18ce082581f50ea4fd196ba5f4958b39075368d09c543f5397567a83f6bdf961", "manifest_hash": "50852fd2aaf1d1f2e4e5b74a3036302f6f3fa4fad1c1f8fd9f9dd684cf4aa34b", "preparation": {"begin_outcome": {"build_id": "2609b2e3-97a2-52d4-9dcb-cf672fa6e684", "executable": false, "status": "BUILDING"}, "complete_outcome": {"artifact_dependency_closure_hash": "5f8e1f2b4cbbdf379700c5ff4d2c0c3cea32798b28354234ec7f6e325997b37e", "build_id": "2609b2e3-97a2-52d4-9dcb-cf672fa6e684", "dependency_basis_hash": "18ce082581f50ea4fd196ba5f4958b39075368d09c543f5397567a83f6bdf961", "executable": false, "manifest_hash": "50852fd2aaf1d1f2e4e5b74a3036302f6f3fa4fad1c1f8fd9f9dd684cf4aa34b", "status": "READY"}, "owner": "test:cd27a230-cae6-4b00-8146-fc888f9cd4ee", "request": {"artifact_roots": ["d8af5beb-7c78-46bd-a20d-cf452f8273c5"], "bindings": [{"projection_id": "a501a5e1-52d6-5394-9abe-7c7ba5e81799", "role": "EXPOSURE"}], "key": "build", "source": {"catalog_id": null, "epoch": 1, "factset_id": "dcfb7c49-81b8-5513-8b54-1306764d8f76", "frontier": "b0b5570d4051cfbb9fc2cd78c62ae225334904fa765a964a62e169ba80dd2042", "mapping_id": null, "policy_id": "56bdb9e9-1cc1-44d7-aee9-7ebb8facaa16", "program_id": "16eba4be-671a-490f-b9fa-137759f569b5", "source_hash": "20a155f8943db4ac428d310b8f75f1fe857aa46dd3502b0c7b6f9df2d97a7c93"}}, "request_hash": "6d5ed9af7d8ba899b0083a66e73c515c8091a4f47bd00efdaa40dd35146190c6", "version": "kl078-v1"}, "projection_bindings": [{"basis_hash": "ea2250bf32ba74a9f1e7519b6c764e768929c591d906fab6871a079685cdd9cb", "id": "a501a5e1-52d6-5394-9abe-7c7ba5e81799", "role": "EXPOSURE"}]}}]], "manifest_projection_bindings": [[{"content_hash": null, "content_schema_version": 1, "effective_at": null, "hash_scheme_version": 1, "id": "c6570a84-8d56-4657-b4d0-3be46c2abe39", "known_at": null, "projection_role": "EXPOSURE", "recorded_at": "2026-10-03T00:13:01.475383+00:00", "ref_s21_id": "a501a5e1-52d6-5394-9abe-7c7ba5e81799", "ref_s24_id": "246f1ad3-1ad0-415f-9b23-810e29a7139a", "revision": 1, "status": null, "subject_id": "905f5006-9e2c-4809-b2c0-7984ae9ee3b4", "typed_payload": {}, "unavailable_reason": null, "validated_basis_hash": "ea2250bf32ba74a9f1e7519b6c764e768929c591d906fab6871a079685cdd9cb"}]], "outbox_deliveries": [[{"attempt_count": 0, "content_hash": null, "content_schema_version": 1, "delivery_status": "PENDING", "destination": "planning", "effective_at": null, "hash_scheme_version": 1, "id": "045ed3d0-366b-4b53-ae0f-cfa8b3b0539c", "known_at": null, "next_attempt_at": null, "recorded_at": "2026-10-03T00:13:01.519796+00:00", "ref_s03_id": "92ad724c-bbe5-446e-b0ff-317a0a605252", "revision": 1, "status": null, "subject_id": "905f5006-9e2c-4809-b2c0-7984ae9ee3b4", "typed_payload": {}}], [{"attempt_count": 0, "content_hash": null, "content_schema_version": 1, "delivery_status": "PENDING", "destination": "planning", "effective_at": null, "hash_scheme_version": 1, "id": "0958a155-962c-430b-b952-6c28624015cc", "known_at": null, "next_attempt_at": null, "recorded_at": "2026-10-03T00:13:01.591871+00:00", "ref_s03_id": "9fdbe1eb-50a5-4936-9cdf-506ae4cdeb8b", "revision": 1, "status": null, "subject_id": "905f5006-9e2c-4809-b2c0-7984ae9ee3b4", "typed_payload": {}}], [{"attempt_count": 0, "content_hash": null, "content_schema_version": 1, "delivery_status": "PENDING", "destination": "canonical", "effective_at": null, "hash_scheme_version": 1, "id": "18e19f97-3048-47bc-82d5-b176778206d7", "known_at": null, "next_attempt_at": null, "recorded_at": "2026-10-03T00:13:01.441413+00:00", "ref_s03_id": "adf39f35-9ffc-49dd-b5a8-23fe8fc0e762", "revision": 1, "status": null, "subject_id": "905f5006-9e2c-4809-b2c0-7984ae9ee3b4", "typed_payload": {}}], [{"attempt_count": 0, "content_hash": null, "content_schema_version": 1, "delivery_status": "PENDING", "destination": "planning", "effective_at": null, "hash_scheme_version": 1, "id": "27a99662-fa14-45f7-a870-dc57fa3248b1", "known_at": null, "next_attempt_at": null, "recorded_at": "2026-10-03T00:13:01.543947+00:00", "ref_s03_id": "6e193185-2621-4b8d-a8a1-3bd59b08bc40", "revision": 1, "status": null, "subject_id": "905f5006-9e2c-4809-b2c0-7984ae9ee3b4", "typed_payload": {}}], [{"attempt_count": 0, "content_hash": null, "content_schema_version": 1, "delivery_status": "PENDING", "destination": "planning", "effective_at": null, "hash_scheme_version": 1, "id": "28bd6a5c-b885-4382-a8f9-52f6c3185af0", "known_at": null, "next_attempt_at": null, "recorded_at": "2026-10-03T00:13:01.491583+00:00", "ref_s03_id": "ae375ff8-22a2-4bca-9c58-3f12704bdfd6", "revision": 1, "status": null, "subject_id": "905f5006-9e2c-4809-b2c0-7984ae9ee3b4", "typed_payload": {}}], [{"attempt_count": 0, "content_hash": null, "content_schema_version": 1, "delivery_status": "PENDING", "destination": "planning", "effective_at": null, "hash_scheme_version": 1, "id": "41d6ddef-d7e6-4d7a-b0cb-04392b7a47d7", "known_at": null, "next_attempt_at": null, "recorded_at": "2026-10-03T00:13:01.510949+00:00", "ref_s03_id": "1164c11b-0cdd-43f3-be97-30e22882b901", "revision": 1, "status": null, "subject_id": "905f5006-9e2c-4809-b2c0-7984ae9ee3b4", "typed_payload": {}}], [{"attempt_count": 0, "content_hash": null, "content_schema_version": 1, "delivery_status": "PENDING", "destination": "planning", "effective_at": null, "hash_scheme_version": 1, "id": "491b2806-c779-4ef3-a2b2-0ce4cc03403d", "known_at": null, "next_attempt_at": null, "recorded_at": "2026-10-03T00:13:01.505155+00:00", "ref_s03_id": "6db91fb5-3f34-4045-9d36-9494c099b337", "revision": 1, "status": null, "subject_id": "905f5006-9e2c-4809-b2c0-7984ae9ee3b4", "typed_payload": {}}], [{"attempt_count": 0, "content_hash": null, "content_schema_version": 1, "delivery_status": "PENDING", "destination": "planning", "effective_at": null, "hash_scheme_version": 1, "id": "6400eec4-49fc-47d1-98d8-c899226402ff", "known_at": null, "next_attempt_at": null, "recorded_at": "2026-10-03T00:13:01.716898+00:00", "ref_s03_id": "f72bf59a-00be-4ecc-b2f4-6ce8813f8b10", "revision": 1, "status": null, "subject_id": "905f5006-9e2c-4809-b2c0-7984ae9ee3b4", "typed_payload": {}}], [{"attempt_count": 0, "content_hash": null, "content_schema_version": 1, "delivery_status": "PENDING", "destination": "planning", "effective_at": null, "hash_scheme_version": 1, "id": "67486b7d-6b5b-4d3c-a078-d22ee7031a67", "known_at": null, "next_attempt_at": null, "recorded_at": "2026-10-03T00:13:01.577837+00:00", "ref_s03_id": "548e8d66-8455-40ee-b0ed-359cd8caa8b7", "revision": 1, "status": null, "subject_id": "905f5006-9e2c-4809-b2c0-7984ae9ee3b4", "typed_payload": {}}], [{"attempt_count": 0, "content_hash": null, "content_schema_version": 1, "delivery_status": "PENDING", "destination": "planning", "effective_at": null, "hash_scheme_version": 1, "id": "90d1644b-9a06-4618-b499-b83c6b4d6a53", "known_at": null, "next_attempt_at": null, "recorded_at": "2026-10-03T00:13:01.534207+00:00", "ref_s03_id": "41c003d9-2d65-41b7-bbd7-d0985787b0e8", "revision": 1, "status": null, "subject_id": "905f5006-9e2c-4809-b2c0-7984ae9ee3b4", "typed_payload": {}}], [{"attempt_count": 0, "content_hash": null, "content_schema_version": 1, "delivery_status": "PENDING", "destination": "planning", "effective_at": null, "hash_scheme_version": 1, "id": "9e7d90c1-93a7-448a-9113-a47c48227199", "known_at": null, "next_attempt_at": null, "recorded_at": "2026-10-03T00:13:01.695876+00:00", "ref_s03_id": "24b20693-75f7-43dd-a66f-07a68653edb4", "revision": 1, "status": null, "subject_id": "905f5006-9e2c-4809-b2c0-7984ae9ee3b4", "typed_payload": {}}], [{"attempt_count": 0, "content_hash": null, "content_schema_version": 1, "delivery_status": "PENDING", "destination": "planning", "effective_at": null, "hash_scheme_version": 1, "id": "b2cd3724-2a34-4fe2-bff0-3609f7713f00", "known_at": null, "next_attempt_at": null, "recorded_at": "2026-10-03T00:13:01.788418+00:00", "ref_s03_id": "42f405a2-4a93-469f-8d26-cc0e707c4401", "revision": 1, "status": null, "subject_id": "905f5006-9e2c-4809-b2c0-7984ae9ee3b4", "typed_payload": {}}], [{"attempt_count": 0, "content_hash": null, "content_schema_version": 1, "delivery_status": "PENDING", "destination": "planning", "effective_at": null, "hash_scheme_version": 1, "id": "b48a87dc-16de-4d89-a56c-b2e8d41594a2", "known_at": null, "next_attempt_at": null, "recorded_at": "2026-10-03T00:13:01.752641+00:00", "ref_s03_id": "36f512f6-d9e6-4f58-aeb2-b628f58e35e2", "revision": 1, "status": null, "subject_id": "905f5006-9e2c-4809-b2c0-7984ae9ee3b4", "typed_payload": {}}], [{"attempt_count": 0, "content_hash": null, "content_schema_version": 1, "delivery_status": "PENDING", "destination": "planning", "effective_at": null, "hash_scheme_version": 1, "id": "d66cd690-a870-4f24-b093-68584ecf57df", "known_at": null, "next_attempt_at": null, "recorded_at": "2026-10-03T00:13:01.624682+00:00", "ref_s03_id": "c80841a2-1383-4a10-a90f-f6360c015025", "revision": 1, "status": null, "subject_id": "905f5006-9e2c-4809-b2c0-7984ae9ee3b4", "typed_payload": {}}], [{"attempt_count": 0, "content_hash": null, "content_schema_version": 1, "delivery_status": "PENDING", "destination": "execution", "effective_at": null, "hash_scheme_version": 1, "id": "dd7477eb-3a82-49d0-a43d-10b7b87f8b11", "known_at": null, "next_attempt_at": null, "recorded_at": "2026-10-03T00:13:01.475383+00:00", "ref_s03_id": "2124bcfb-698e-4733-8a0c-a12d77d860c3", "revision": 1, "status": null, "subject_id": "905f5006-9e2c-4809-b2c0-7984ae9ee3b4", "typed_payload": {}}], [{"attempt_count": 0, "content_hash": null, "content_schema_version": 1, "delivery_status": "PENDING", "destination": "planning", "effective_at": null, "hash_scheme_version": 1, "id": "e47a651b-3898-49b8-81ae-451132fe5879", "known_at": null, "next_attempt_at": null, "recorded_at": "2026-10-03T00:13:01.64777+00:00", "ref_s03_id": "a82d158f-fb3b-4e3f-993f-17841241a041", "revision": 1, "status": null, "subject_id": "905f5006-9e2c-4809-b2c0-7984ae9ee3b4", "typed_payload": {}}], [{"attempt_count": 0, "content_hash": null, "content_schema_version": 1, "delivery_status": "PENDING", "destination": "planning", "effective_at": null, "hash_scheme_version": 1, "id": "eaee24a1-0943-48aa-99b3-461eb2116441", "known_at": null, "next_attempt_at": null, "recorded_at": "2026-10-03T00:13:01.805845+00:00", "ref_s03_id": "73c0ba8b-c1bf-4b3f-9364-2579660bd9ab", "revision": 1, "status": null, "subject_id": "905f5006-9e2c-4809-b2c0-7984ae9ee3b4", "typed_payload": {}}], [{"attempt_count": 0, "content_hash": null, "content_schema_version": 1, "delivery_status": "PENDING", "destination": "evidence", "effective_at": null, "hash_scheme_version": 1, "id": "f634caf2-ff69-4976-bc15-f2463d226d1f", "known_at": null, "next_attempt_at": null, "recorded_at": "2026-10-03T00:13:01.379833+00:00", "ref_s03_id": "577f7db6-0828-4aa3-8935-e9f9c2ef7a50", "revision": 1, "status": null, "subject_id": "905f5006-9e2c-4809-b2c0-7984ae9ee3b4", "typed_payload": {}}]], "planning_attempts": [[{"attempt_no": 1, "captured_epoch": 1, "completed_at": null, "content_hash": null, "content_schema_version": 1, "effective_at": null, "failure_code": null, "fence_token": 1, "hash_scheme_version": 1, "id": "5494a17f-ce38-496d-90ec-5e04f52af9d2", "known_at": null, "recorded_at": "2026-10-03T00:13:01.491583+00:00", "ref_s24_id": "246f1ad3-1ad0-415f-9b23-810e29a7139a", "ref_s27_id": "f46b5ae8-12dc-408f-b030-331834cff3e4", "ref_s28_id": "b21c32b8-0421-4589-9c4b-be547e3a3dd6", "revision": 1, "snapshot_id": "aedaa8de-7b35-49f4-90cc-41e26c8b0f31", "started_at": "2026-10-03T00:13:01.51516+00:00", "status": "COMMIT_READY", "subject_id": "905f5006-9e2c-4809-b2c0-7984ae9ee3b4", "typed_payload": {"progress_sources": {"demand": {"hash": "eb0f6f736586785b73f823f970892d566599719834663c53ce7c29850edb53ef", "id": "94dbb680-fb34-58c4-ac65-e63a4fc0999a"}, "fitness": {"hash": "140cf134d940b8d6b76c47fb1d27b15d6bcd54c2006834b9170320fc5b8fee2f", "id": "7c5aa222-1bdd-569c-a672-c88e541e8924"}, "nutrition": {"hash": "6ac347bc71c3ce0ac6d747ca0f01cee715fde00e4b1e246f48566c942457869a", "id": "da042370-360d-50c6-bf57-7fe8438ca443"}, "resolution": {"hash": "68b6e0aa0a19099ef23445f5c443e7132d8d141dbac422efe5c35789ebbf5012", "id": "2be28bff-9cad-5fa6-babe-8dbc8d5be1b1"}, "snapshot": {"hash": "84cde8ee8a65991a2ed4acc258adc693d4fc8a22201368d571e49b6ed3e627b1", "id": "aedaa8de-7b35-49f4-90cc-41e26c8b0f31"}, "validation": {"hash": "2d3c183337c4ab64aea849ebe7fba60f52f63deb4ab462a556eecb89942b88be", "id": "6e0df3c4-44d1-5522-a168-077f010b25fa"}}}}]], "planning_intents": [[{"content_hash": null, "content_schema_version": 1, "current_attempt_id": "5494a17f-ce38-496d-90ec-5e04f52af9d2", "current_request_revision_id": "b21c32b8-0421-4589-9c4b-be547e3a3dd6", "deadline": "2026-10-03T01:13:01.492809+00:00", "effective_at": null, "fence_token": 1, "hash_scheme_version": 1, "id": "f46b5ae8-12dc-408f-b030-331834cff3e4", "known_at": null, "lease_expires_at": "2026-10-03T00:23:01.506543+00:00", "lease_owner": "test:cd27a230-cae6-4b00-8146-fc888f9cd4ee", "local_date": "2026-10-03", "purpose": "TRAINING", "recorded_at": "2026-10-03T00:13:01.491583+00:00", "result_authorization_id": null, "result_bundle_revision_id": null, "revision": 1, "root_request_identity": "test:cd27a230-cae6-4b00-8146-fc888f9cd4ee:admit", "stale_restart_count": 0, "status": "RUNNING", "subject_id": "905f5006-9e2c-4809-b2c0-7984ae9ee3b4", "typed_payload": {"admission_policy_id": "56bdb9e9-1cc1-44d7-aee9-7ebb8facaa16", "admission_policy_version": "kl024-v1", "limits": {"calls": 3, "tokens": 1000, "tools": 10}, "reserved": {"calls": 0, "tokens": 0, "tools": 0}, "settled": {"calls": 0, "tokens": 0, "tools": 0}}}]], "planning_request_revisions": [[{"constraint_fingerprint": "cdb96d056a58207ead96498c2c39410f5dd2319b2eac02976f88f44487f457b3", "content_hash": null, "content_schema_version": 1, "effective_at": null, "hash_scheme_version": 1, "id": "b21c32b8-0421-4589-9c4b-be547e3a3dd6", "known_at": null, "normalization_version": "kl024-v1", "recorded_at": "2026-10-03T00:13:01.491583+00:00", "ref_s02_id": "be20cd24-c1d8-4593-989d-18ff46ee153b", "ref_s27_id": "f46b5ae8-12dc-408f-b030-331834cff3e4", "request_revision": 1, "revision": 1, "status": null, "subject_id": "905f5006-9e2c-4809-b2c0-7984ae9ee3b4", "typed_payload": {"calendar_policy": "test:UTC-v1", "constraints": {"equipment": [], "minutes": 30}, "explicit": true, "input_frontier": "b0b5570d4051cfbb9fc2cd78c62ae225334904fa765a964a62e169ba80dd2042", "trigger": "USER_REQUEST"}}]], "prescription_demand_features": [[{"basis_hash": "140cf134d940b8d6b76c47fb1d27b15d6bcd54c2006834b9170320fc5b8fee2f", "content_hash": "eb0f6f736586785b73f823f970892d566599719834663c53ce7c29850edb53ef", "content_schema_version": 1, "effective_at": null, "feature_hash": "eb0f6f736586785b73f823f970892d566599719834663c53ce7c29850edb53ef", "hash_scheme_version": 1, "id": "94dbb680-fb34-58c4-ac65-e63a4fc0999a", "known_at": null, "method_version": "kl076-mechanical-test-v1", "recorded_at": "2026-10-03T00:13:01.624682+00:00", "ref_s34_id": "7c5aa222-1bdd-569c-a672-c88e541e8924", "revision": 1, "status": null, "subject_id": "905f5006-9e2c-4809-b2c0-7984ae9ee3b4", "typed_payload": {"attempt_id": "5494a17f-ce38-496d-90ec-5e04f52af9d2", "captured_epoch": 1, "context_hash": "84cde8ee8a65991a2ed4acc258adc693d4fc8a22201368d571e49b6ed3e627b1", "estimate_interval": [60, 61], "fitness_hash": "140cf134d940b8d6b76c47fb1d27b15d6bcd54c2006834b9170320fc5b8fee2f", "fitness_id": "7c5aa222-1bdd-569c-a672-c88e541e8924", "id": "94dbb680-fb34-58c4-ac65-e63a4fc0999a", "kind": "DEMAND", "manifest_id": "246f1ad3-1ad0-415f-9b23-810e29a7139a", "method_version": "kl076-mechanical-test-v1", "policy_hash": "15cd1910d6c0677e8460887b23b5c9a9fe2dd784f6ec5578cb5e9ca470d90d80", "policy_id": "56bdb9e9-1cc1-44d7-aee9-7ebb8facaa16", "prescribed_minutes": 30, "request_id": "b21c32b8-0421-4589-9c4b-be547e3a3dd6", "request_revision": 1, "root_id": "f46b5ae8-12dc-408f-b030-331834cff3e4", "semantic_classes": [["prescribed_minutes", "PRESCRIBED_QUANTITY"], ["target_units", "TARGET"], ["estimate_interval", "ESTIMATE"]], "snapshot_id": "aedaa8de-7b35-49f4-90cc-41e26c8b0f31", "subject_id": "905f5006-9e2c-4809-b2c0-7984ae9ee3b4", "target_units": 30, "version": "kl076-mechanical-test-v1", "window": ["2026-10-02T00:13:01.317095+00:00", "2026-10-03T01:13:01.317095+00:00"]}}]], "prescription_revisions": [], "projection_dependencies": [[{"collection_signature": "all-fixture-facts-and-absence:v1", "content_hash": null, "content_schema_version": 1, "dependency_kind": "COLLECTION", "dependency_semantic_key": "fixture-facts", "effective_at": null, "hash_scheme_version": 1, "id": "14bb00f9-b11b-5b8c-9864-18e58a175ce4", "known_at": null, "recorded_at": "2026-10-03T00:13:01.450209+00:00", "ref_s05_id": null, "ref_s06_id": null, "ref_s14_id": null, "ref_s15_id": "dcfb7c49-81b8-5513-8b54-1306764d8f76", "ref_s19_id": null, "ref_s20_id": null, "ref_s21_id": "a501a5e1-52d6-5394-9abe-7c7ba5e81799", "revision": 1, "status": null, "subject_id": "905f5006-9e2c-4809-b2c0-7984ae9ee3b4", "typed_payload": {"collection_digest": "20a155f8943db4ac428d310b8f75f1fe857aa46dd3502b0c7b6f9df2d97a7c93", "source_hash": "20a155f8943db4ac428d310b8f75f1fe857aa46dd3502b0c7b6f9df2d97a7c93", "window": ["2026-10-02T00:13:01.317095+00:00", "2026-10-03T01:13:01.317095+00:00"]}}], [{"collection_signature": null, "content_hash": null, "content_schema_version": 1, "dependency_kind": "POLICY", "dependency_semantic_key": "selected-policy", "effective_at": null, "hash_scheme_version": 1, "id": "9f3420b4-2e43-5e46-999f-0be6ac918a92", "known_at": null, "recorded_at": "2026-10-03T00:13:01.450209+00:00", "ref_s05_id": "56bdb9e9-1cc1-44d7-aee9-7ebb8facaa16", "ref_s06_id": null, "ref_s14_id": null, "ref_s15_id": null, "ref_s19_id": null, "ref_s20_id": null, "ref_s21_id": "a501a5e1-52d6-5394-9abe-7c7ba5e81799", "revision": 1, "status": null, "subject_id": "905f5006-9e2c-4809-b2c0-7984ae9ee3b4", "typed_payload": {"collection_digest": null, "source_hash": "20a155f8943db4ac428d310b8f75f1fe857aa46dd3502b0c7b6f9df2d97a7c93", "window": ["2026-10-02T00:13:01.317095+00:00", "2026-10-03T01:13:01.317095+00:00"]}}], [{"collection_signature": null, "content_hash": null, "content_schema_version": 1, "dependency_kind": "PROGRAM", "dependency_semantic_key": "selected-program", "effective_at": null, "hash_scheme_version": 1, "id": "bae53867-6d88-58c1-9a0d-d351cb3bf254", "known_at": null, "recorded_at": "2026-10-03T00:13:01.450209+00:00", "ref_s05_id": null, "ref_s06_id": "16eba4be-671a-490f-b9fa-137759f569b5", "ref_s14_id": null, "ref_s15_id": null, "ref_s19_id": null, "ref_s20_id": null, "ref_s21_id": "a501a5e1-52d6-5394-9abe-7c7ba5e81799", "revision": 1, "status": null, "subject_id": "905f5006-9e2c-4809-b2c0-7984ae9ee3b4", "typed_payload": {"collection_digest": null, "source_hash": "20a155f8943db4ac428d310b8f75f1fe857aa46dd3502b0c7b6f9df2d97a7c93", "window": ["2026-10-02T00:13:01.317095+00:00", "2026-10-03T01:13:01.317095+00:00"]}}], [{"collection_signature": null, "content_hash": null, "content_schema_version": 1, "dependency_kind": "ENGINE", "dependency_semantic_key": "test:kl079-engine-905f5006-9e2c-4809-b2c0-7984ae9ee3b4:1", "effective_at": null, "hash_scheme_version": 1, "id": "c33c8423-e0a1-5c52-bb46-d4ac6ee9d537", "known_at": null, "recorded_at": "2026-10-03T00:13:01.450209+00:00", "ref_s05_id": null, "ref_s06_id": null, "ref_s14_id": null, "ref_s15_id": null, "ref_s19_id": null, "ref_s20_id": null, "ref_s21_id": "a501a5e1-52d6-5394-9abe-7c7ba5e81799", "revision": 1, "status": null, "subject_id": "905f5006-9e2c-4809-b2c0-7984ae9ee3b4", "typed_payload": {"collection_digest": null, "source_hash": "20a155f8943db4ac428d310b8f75f1fe857aa46dd3502b0c7b6f9df2d97a7c93", "window": ["2026-10-02T00:13:01.317095+00:00", "2026-10-03T01:13:01.317095+00:00"]}}], [{"collection_signature": null, "content_hash": null, "content_schema_version": 1, "dependency_kind": "FACT", "dependency_semantic_key": "actual-member", "effective_at": null, "hash_scheme_version": 1, "id": "d1af264d-a151-510d-b2ca-89558f9ca8e0", "known_at": null, "recorded_at": "2026-10-03T00:13:01.450209+00:00", "ref_s05_id": null, "ref_s06_id": null, "ref_s14_id": "d02da2eb-844d-42de-aad6-0b8825611639", "ref_s15_id": null, "ref_s19_id": null, "ref_s20_id": null, "ref_s21_id": "a501a5e1-52d6-5394-9abe-7c7ba5e81799", "revision": 1, "status": null, "subject_id": "905f5006-9e2c-4809-b2c0-7984ae9ee3b4", "typed_payload": {"collection_digest": null, "source_hash": "20a155f8943db4ac428d310b8f75f1fe857aa46dd3502b0c7b6f9df2d97a7c93", "window": ["2026-10-02T00:13:01.317095+00:00", "2026-10-03T01:13:01.317095+00:00"]}}], [{"collection_signature": null, "content_hash": null, "content_schema_version": 1, "dependency_kind": "FACTSET", "dependency_semantic_key": "sealed-input", "effective_at": null, "hash_scheme_version": 1, "id": "e8b42541-a1c3-5d91-8abb-df45ad03467f", "known_at": null, "recorded_at": "2026-10-03T00:13:01.450209+00:00", "ref_s05_id": null, "ref_s06_id": null, "ref_s14_id": null, "ref_s15_id": "dcfb7c49-81b8-5513-8b54-1306764d8f76", "ref_s19_id": null, "ref_s20_id": null, "ref_s21_id": "a501a5e1-52d6-5394-9abe-7c7ba5e81799", "revision": 1, "status": null, "subject_id": "905f5006-9e2c-4809-b2c0-7984ae9ee3b4", "typed_payload": {"collection_digest": null, "source_hash": "20a155f8943db4ac428d310b8f75f1fe857aa46dd3502b0c7b6f9df2d97a7c93", "window": ["2026-10-02T00:13:01.317095+00:00", "2026-10-03T01:13:01.317095+00:00"]}}]], "projection_versions": [[{"computed_at": "2026-10-03T00:13:01.457321+00:00", "content_hash": "7c207d33e6fc76050cae5ef4a0795be700788587861f3e969d978042f659a4bf", "content_schema_version": 1, "effective_at": null, "hash_scheme_version": 1, "id": "a501a5e1-52d6-5394-9abe-7c7ba5e81799", "input_basis_hash": "ea2250bf32ba74a9f1e7519b6c764e768929c591d906fab6871a079685cdd9cb", "known_at": null, "projection_kind": "EXPOSURE", "recorded_at": "2026-10-03T00:13:01.450209+00:00", "revision": 1, "status": null, "subject_id": "905f5006-9e2c-4809-b2c0-7984ae9ee3b4", "typed_payload": {"preparation": {"engine": {"artifact_id": "d8af5beb-7c78-46bd-a20d-cf452f8273c5", "artifact_identity": "test:kl079-engine-905f5006-9e2c-4809-b2c0-7984ae9ee3b4", "artifact_kind": "POLICY_BUNDLE", "artifact_version": "1", "content_hash": "15cd1910d6c0677e8460887b23b5c9a9fe2dd784f6ec5578cb5e9ca470d90d80"}, "outcome": {"dependency_ids": ["14bb00f9-b11b-5b8c-9864-18e58a175ce4", "9f3420b4-2e43-5e46-999f-0be6ac918a92", "bae53867-6d88-58c1-9a0d-d351cb3bf254", "c33c8423-e0a1-5c52-bb46-d4ac6ee9d537", "d1af264d-a151-510d-b2ca-89558f9ca8e0", "e8b42541-a1c3-5d91-8abb-df45ad03467f"], "executable": false, "input_basis_hash": "ea2250bf32ba74a9f1e7519b6c764e768929c591d906fab6871a079685cdd9cb", "projection_id": "a501a5e1-52d6-5394-9abe-7c7ba5e81799", "revision": 1}, "owner": "test:cd27a230-cae6-4b00-8146-fc888f9cd4ee", "request_hash": "bddfc9e0a03a006eb26c8bc0b687ba7ca6abe6bbc891af55cf15cbfc9f25fe9d", "source": {"catalog_id": null, "epoch": 1, "factset_id": "dcfb7c49-81b8-5513-8b54-1306764d8f76", "frontier": "b0b5570d4051cfbb9fc2cd78c62ae225334904fa765a964a62e169ba80dd2042", "mapping_id": null, "policy_id": "56bdb9e9-1cc1-44d7-aee9-7ebb8facaa16", "program_id": "16eba4be-671a-490f-b9fa-137759f569b5", "source_hash": "20a155f8943db4ac428d310b8f75f1fe857aa46dd3502b0c7b6f9df2d97a7c93"}, "version": "kl078-v1", "window": ["2026-10-02T00:13:01.317095+00:00", "2026-10-03T01:13:01.317095+00:00"]}, "result": {"actual_minutes_lower": 10, "actual_minutes_upper": 10, "dedup_event_ids": ["6026d804-09d1-43f9-b509-9135c8dd8834"], "semantic_class": "ACTUAL_EXECUTION", "source_fact_ids": ["d02da2eb-844d-42de-aad6-0b8825611639"]}}, "valid_until": "2026-10-03T01:13:01.317095+00:00"}]], "proposal_revisions": [[{"content_hash": "140cf134d940b8d6b76c47fb1d27b15d6bcd54c2006834b9170320fc5b8fee2f", "content_schema_version": 1, "demand_feature_id": null, "effective_at": null, "hash_scheme_version": 1, "id": "7c5aa222-1bdd-569c-a672-c88e541e8924", "known_at": null, "producer_artifact": "95c1ba59-6a78-4511-8082-52d7b4a24917:kl076-mechanical-test-v1:820f37cf143066068b37be0f4fb014955bc2ce2220228753fe376e2c1ea8cd96", "proposal_family_identity": "f46b5ae8-12dc-408f-b030-331834cff3e4:FITNESS", "proposal_kind": "FITNESS", "recorded_at": "2026-10-03T00:13:01.577837+00:00", "ref_s26_id": "aedaa8de-7b35-49f4-90cc-41e26c8b0f31", "ref_s29_id": "5494a17f-ce38-496d-90ec-5e04f52af9d2", "revision": 1, "status": null, "subject_id": "905f5006-9e2c-4809-b2c0-7984ae9ee3b4", "typed_payload": {"action": {"exercise": "fixture:cycle", "minutes": 30, "semantic_class": "PRESCRIBED_QUANTITY", "slot": "new-fixture-slot"}, "attempt_id": "5494a17f-ce38-496d-90ec-5e04f52af9d2", "captured_epoch": 1, "citations": [], "constraints_hash": "3045491756e10eabd6327d7ddacbd6ba10d54f51c17ec0d55f171b3e671f343a", "context_hash": "84cde8ee8a65991a2ed4acc258adc693d4fc8a22201368d571e49b6ed3e627b1", "id": "7c5aa222-1bdd-569c-a672-c88e541e8924", "kind": "FITNESS", "manifest_id": "246f1ad3-1ad0-415f-9b23-810e29a7139a", "parent_hash": null, "parent_id": null, "policy_hash": "15cd1910d6c0677e8460887b23b5c9a9fe2dd784f6ec5578cb5e9ca470d90d80", "policy_id": "56bdb9e9-1cc1-44d7-aee9-7ebb8facaa16", "request_id": "b21c32b8-0421-4589-9c4b-be547e3a3dd6", "request_revision": 1, "revision": 1, "root_id": "f46b5ae8-12dc-408f-b030-331834cff3e4", "snapshot_id": "aedaa8de-7b35-49f4-90cc-41e26c8b0f31", "subject_id": "905f5006-9e2c-4809-b2c0-7984ae9ee3b4", "version": "kl076-mechanical-test-v1"}}], [{"content_hash": "6ac347bc71c3ce0ac6d747ca0f01cee715fde00e4b1e246f48566c942457869a", "content_schema_version": 1, "demand_feature_id": "94dbb680-fb34-58c4-ac65-e63a4fc0999a", "effective_at": null, "hash_scheme_version": 1, "id": "da042370-360d-50c6-bf57-7fe8438ca443", "known_at": null, "producer_artifact": "95c1ba59-6a78-4511-8082-52d7b4a24917:kl076-mechanical-test-v1:820f37cf143066068b37be0f4fb014955bc2ce2220228753fe376e2c1ea8cd96", "proposal_family_identity": "f46b5ae8-12dc-408f-b030-331834cff3e4:NUTRITION", "proposal_kind": "NUTRITION", "recorded_at": "2026-10-03T00:13:01.695876+00:00", "ref_s26_id": "aedaa8de-7b35-49f4-90cc-41e26c8b0f31", "ref_s29_id": "5494a17f-ce38-496d-90ec-5e04f52af9d2", "revision": 1, "status": null, "subject_id": "905f5006-9e2c-4809-b2c0-7984ae9ee3b4", "typed_payload": {"attempt_id": "5494a17f-ce38-496d-90ec-5e04f52af9d2", "captured_epoch": 1, "context_hash": "84cde8ee8a65991a2ed4acc258adc693d4fc8a22201368d571e49b6ed3e627b1", "demand_hash": "eb0f6f736586785b73f823f970892d566599719834663c53ce7c29850edb53ef", "demand_id": "94dbb680-fb34-58c4-ac65-e63a4fc0999a", "fitness_hash": "140cf134d940b8d6b76c47fb1d27b15d6bcd54c2006834b9170320fc5b8fee2f", "fitness_id": "7c5aa222-1bdd-569c-a672-c88e541e8924", "fuel_units": 90, "id": "da042370-360d-50c6-bf57-7fe8438ca443", "kind": "NUTRITION", "manifest_id": "246f1ad3-1ad0-415f-9b23-810e29a7139a", "policy_hash": "15cd1910d6c0677e8460887b23b5c9a9fe2dd784f6ec5578cb5e9ca470d90d80", "policy_id": "56bdb9e9-1cc1-44d7-aee9-7ebb8facaa16", "request_id": "b21c32b8-0421-4589-9c4b-be547e3a3dd6", "request_revision": 1, "root_id": "f46b5ae8-12dc-408f-b030-331834cff3e4", "semantic_class": "TARGET", "snapshot_id": "aedaa8de-7b35-49f4-90cc-41e26c8b0f31", "subject_id": "905f5006-9e2c-4809-b2c0-7984ae9ee3b4", "version": "kl076-mechanical-test-v1"}}]], "underlying_events": [[{"content_hash": null, "content_schema_version": 1, "effective_at": null, "event_identity": "fixture-actual-event", "event_kind": null, "hash_scheme_version": 1, "id": "6026d804-09d1-43f9-b509-9135c8dd8834", "known_at": null, "recorded_at": "2026-10-03T00:13:01.322487+00:00", "revision": 1, "status": null, "subject_id": "905f5006-9e2c-4809-b2c0-7984ae9ee3b4", "typed_payload": {}}]], "user_decision_state": [[{"active_policy_bundle_id": "56bdb9e9-1cc1-44d7-aee9-7ebb8facaa16", "active_program_id": "16eba4be-671a-490f-b9fa-137759f569b5", "authorization_epoch": 1, "current_factset_id": "dcfb7c49-81b8-5513-8b54-1306764d8f76", "current_manifest_id": "246f1ad3-1ad0-415f-9b23-810e29a7139a", "decision_generation": 1, "execution_basis_event_id": "577f7db6-0828-4aa3-8935-e9f9c2ef7a50", "input_frontier_hash": "b0b5570d4051cfbb9fc2cd78c62ae225334904fa765a964a62e169ba80dd2042", "last_control_event_id": null, "subject_id": "905f5006-9e2c-4809-b2c0-7984ae9ee3b4"}]], "validation_results": [[{"content_hash": "2d3c183337c4ab64aea849ebe7fba60f52f63deb4ab462a556eecb89942b88be", "content_schema_version": 1, "effective_at": null, "hash_scheme_version": 1, "id": "6e0df3c4-44d1-5522-a168-077f010b25fa", "known_at": null, "recorded_at": "2026-10-03T00:13:01.788418+00:00", "ref_s03_id": "577f7db6-0828-4aa3-8935-e9f9c2ef7a50", "ref_s05_id": "56bdb9e9-1cc1-44d7-aee9-7ebb8facaa16", "ref_s24_id": "246f1ad3-1ad0-415f-9b23-810e29a7139a", "ref_s28_id": "b21c32b8-0421-4589-9c4b-be547e3a3dd6", "ref_s29_id": "5494a17f-ce38-496d-90ec-5e04f52af9d2", "ref_s34_id": "da042370-360d-50c6-bf57-7fe8438ca443", "ref_s35_id": "94dbb680-fb34-58c4-ac65-e63a4fc0999a", "ref_s36_id": "2be28bff-9cad-5fa6-babe-8dbc8d5be1b1", "result": "PASS", "revision": 1, "status": null, "subject_id": "905f5006-9e2c-4809-b2c0-7984ae9ee3b4", "typed_payload": {"attempt_id": "5494a17f-ce38-496d-90ec-5e04f52af9d2", "captured_epoch": 1, "context_hash": "84cde8ee8a65991a2ed4acc258adc693d4fc8a22201368d571e49b6ed3e627b1", "deduplicated_events": ["6026d804-09d1-43f9-b509-9135c8dd8834"], "demand_hash": "eb0f6f736586785b73f823f970892d566599719834663c53ce7c29850edb53ef", "execution_basis_event_id": "577f7db6-0828-4aa3-8935-e9f9c2ef7a50", "fitness_hash": "140cf134d940b8d6b76c47fb1d27b15d6bcd54c2006834b9170320fc5b8fee2f", "fixture_policy_version": "kl076-mechanical-test-v1", "id": "6e0df3c4-44d1-5522-a168-077f010b25fa", "kind": "VALIDATION", "manifest_id": "246f1ad3-1ad0-415f-9b23-810e29a7139a", "nutrition_hash": "6ac347bc71c3ce0ac6d747ca0f01cee715fde00e4b1e246f48566c942457869a", "policy_envelope": "PASS", "policy_hash": "15cd1910d6c0677e8460887b23b5c9a9fe2dd784f6ec5578cb5e9ca470d90d80", "policy_id": "56bdb9e9-1cc1-44d7-aee9-7ebb8facaa16", "replaced_slots": ["prior-slot"], "request_id": "b21c32b8-0421-4589-9c4b-be547e3a3dd6", "request_revision": 1, "resolution_hash": "68b6e0aa0a19099ef23445f5c443e7132d8d141dbac422efe5c35789ebbf5012", "rolling_minutes": 40, "root_id": "f46b5ae8-12dc-408f-b030-331834cff3e4", "semantic_validation": "PASS", "snapshot_id": "aedaa8de-7b35-49f4-90cc-41e26c8b0f31", "source_ranges": ["2026-10-02T00:13:01.317095+00:00", "2026-10-03T01:13:01.317095+00:00"], "subject_id": "905f5006-9e2c-4809-b2c0-7984ae9ee3b4", "valid_until": "2026-10-03T01:13:01.317095+00:00", "version": "kl076-mechanical-test-v1"}, "valid_until": "2026-10-03T01:13:01.317095+00:00", "validator_artifact": "95c1ba59-6a78-4511-8082-52d7b4a24917:kl076-mechanical-test-v1:820f37cf143066068b37be0f4fb014955bc2ce2220228753fe376e2c1ea8cd96"}]], "workout_sessions": []}}
--------------------------- Captured stdout teardown ---------------------------
SOURCE_EVIDENCE {"compose": "kineticloop-kl080-source-15a7167-9a070975b04f", "database": "kineticloop_kl080_source_15a7167_9a070975b04f", "guard_trace": [{"command": "PublishManifest", "guard": "require_test_execution_ingress", "status": "PASSED", "subject": "905f5006-9e2c-4809-b2c0-7984ae9ee3b4"}, {"command": "PublishManifest", "guard": "require_execution_request", "status": "PASSED", "subject": "905f5006-9e2c-4809-b2c0-7984ae9ee3b4"}, {"command": "AdvanceAttempt", "guard": "require_current_fence", "status": "PASSED", "subject": "905f5006-9e2c-4809-b2c0-7984ae9ee3b4"}, {"command": "AdvanceAttempt", "guard": "require_current_fence", "status": "PASSED", "subject": "905f5006-9e2c-4809-b2c0-7984ae9ee3b4"}, {"command": "AdvanceAttempt", "guard": "_progress_sources", "status": "PASSED", "subject": "905f5006-9e2c-4809-b2c0-7984ae9ee3b4"}, {"command": "AdvanceAttempt", "guard": "require_current_fence", "status": "PASSED", "subject": "905f5006-9e2c-4809-b2c0-7984ae9ee3b4"}, {"command": "AdvanceAttempt", "guard": "require_current_fence", "status": "PASSED", "subject": "905f5006-9e2c-4809-b2c0-7984ae9ee3b4"}, {"command": "AdvanceAttempt", "guard": "_progress_sources", "status": "PASSED", "subject": "905f5006-9e2c-4809-b2c0-7984ae9ee3b4"}, {"command": "RecordSnapshot", "guard": "require_current_fence", "status": "PASSED", "subject": "905f5006-9e2c-4809-b2c0-7984ae9ee3b4"}, {"command": "RecordSnapshot", "guard": "require_current_fence", "status": "PASSED", "subject": "905f5006-9e2c-4809-b2c0-7984ae9ee3b4"}, {"command": "AdvanceAttempt", "guard": "require_current_fence", "status": "PASSED", "subject": "905f5006-9e2c-4809-b2c0-7984ae9ee3b4"}, {"command": "AdvanceAttempt", "guard": "require_current_fence", "status": "PASSED", "subject": "905f5006-9e2c-4809-b2c0-7984ae9ee3b4"}, {"command": "AdvanceAttempt", "guard": "_progress_sources", "status": "PASSED", "subject": "905f5006-9e2c-4809-b2c0-7984ae9ee3b4"}, {"command": "RecordProposal", "guard": "require_current_fence", "status": "PASSED", "subject": "905f5006-9e2c-4809-b2c0-7984ae9ee3b4"}, {"command": "RecordProposal", "guard": "require_current_fence", "status": "PASSED", "subject": "905f5006-9e2c-4809-b2c0-7984ae9ee3b4"}, {"command": "RecordProposal", "guard": "_progress_sources", "status": "PASSED", "subject": "905f5006-9e2c-4809-b2c0-7984ae9ee3b4"}, {"command": "AdvanceAttempt", "guard": "require_current_fence", "status": "PASSED", "subject": "905f5006-9e2c-4809-b2c0-7984ae9ee3b4"}, {"command": "AdvanceAttempt", "guard": "require_current_fence", "status": "PASSED", "subject": "905f5006-9e2c-4809-b2c0-7984ae9ee3b4"}, {"command": "AdvanceAttempt", "guard": "_progress_sources", "status": "PASSED", "subject": "905f5006-9e2c-4809-b2c0-7984ae9ee3b4"}, {"command": "RecordDemandFeatures", "guard": "require_current_fence", "status": "PASSED", "subject": "905f5006-9e2c-4809-b2c0-7984ae9ee3b4"}, {"command": "RecordDemandFeatures", "guard": "require_current_fence", "status": "PASSED", "subject": "905f5006-9e2c-4809-b2c0-7984ae9ee3b4"}, {"command": "RecordDemandFeatures", "guard": "_progress_sources", "status": "PASSED", "subject": "905f5006-9e2c-4809-b2c0-7984ae9ee3b4"}, {"command": "AdvanceAttempt", "guard": "require_current_fence", "status": "PASSED", "subject": "905f5006-9e2c-4809-b2c0-7984ae9ee3b4"}, {"command": "AdvanceAttempt", "guard": "require_current_fence", "status": "PASSED", "subject": "905f5006-9e2c-4809-b2c0-7984ae9ee3b4"}, {"command": "AdvanceAttempt", "guard": "_progress_sources", "status": "PASSED", "subject": "905f5006-9e2c-4809-b2c0-7984ae9ee3b4"}, {"command": "RecordProposal", "guard": "require_current_fence", "status": "PASSED", "subject": "905f5006-9e2c-4809-b2c0-7984ae9ee3b4"}, {"command": "RecordProposal", "guard": "require_current_fence", "status": "PASSED", "subject": "905f5006-9e2c-4809-b2c0-7984ae9ee3b4"}, {"command": "RecordProposal", "guard": "_progress_sources", "status": "PASSED", "subject": "905f5006-9e2c-4809-b2c0-7984ae9ee3b4"}, {"command": "AdvanceAttempt", "guard": "require_current_fence", "status": "PASSED", "subject": "905f5006-9e2c-4809-b2c0-7984ae9ee3b4"}, {"command": "AdvanceAttempt", "guard": "require_current_fence", "status": "PASSED", "subject": "905f5006-9e2c-4809-b2c0-7984ae9ee3b4"}, {"command": "AdvanceAttempt", "guard": "_progress_sources", "status": "PASSED", "subject": "905f5006-9e2c-4809-b2c0-7984ae9ee3b4"}, {"command": "ResolveEvidence", "guard": "require_current_fence", "status": "PASSED", "subject": "905f5006-9e2c-4809-b2c0-7984ae9ee3b4"}, {"command": "ResolveEvidence", "guard": "require_current_fence", "status": "PASSED", "subject": "905f5006-9e2c-4809-b2c0-7984ae9ee3b4"}, {"command": "ResolveEvidence", "guard": "_progress_sources", "status": "PASSED", "subject": "905f5006-9e2c-4809-b2c0-7984ae9ee3b4"}, {"command": "RecordValidation", "guard": "require_current_fence", "status": "PASSED", "subject": "905f5006-9e2c-4809-b2c0-7984ae9ee3b4"}, {"command": "RecordValidation", "guard": "require_current_fence", "status": "PASSED", "subject": "905f5006-9e2c-4809-b2c0-7984ae9ee3b4"}, {"command": "RecordValidation", "guard": "_progress_sources", "status": "PASSED", "subject": "905f5006-9e2c-4809-b2c0-7984ae9ee3b4"}, {"command": "AdvanceAttempt", "guard": "require_current_fence", "status": "PASSED", "subject": "905f5006-9e2c-4809-b2c0-7984ae9ee3b4"}, {"command": "AdvanceAttempt", "guard": "require_current_fence", "status": "PASSED", "subject": "905f5006-9e2c-4809-b2c0-7984ae9ee3b4"}, {"command": "AdvanceAttempt", "guard": "_progress_sources", "status": "PASSED", "subject": "905f5006-9e2c-4809-b2c0-7984ae9ee3b4"}, {"command": "CommitBundle", "guard": "require_test_execution_ingress", "status": "PASSED", "subject": "905f5006-9e2c-4809-b2c0-7984ae9ee3b4"}, {"command": "CommitBundle", "guard": "require_current_fence", "status": "PASSED", "subject": "905f5006-9e2c-4809-b2c0-7984ae9ee3b4"}], "inventory": ["bootstrap_two_phase(selected_lifecycle)", "reset", "start", "destroy"], "kind": "kl080_cleanup", "remaining": {"container": "", "network": "", "volume": ""}}
- generated xml file: /Users/davetian/.codex/worktrees/59e4/KineticLoop/docs/exec-plans/evidence/KL-080/15a7167e44b8044c94688cf7e367e2d02a962e31/source_owner_trajectories_dc.xml -
=========================== short test summary info ============================
FAILED tests/db/test_source_decision_conformance.py::test_owner_trajectories[legacy]
1 failed, 1 passed in 11.16s

EXIT_CODE=1
